0008|0030,0008|0031,0008|0032,0008|0033,
C:\ct2_P2P3\HCC\37134cbd\UQOBZU3Z\0YLNEKB3/I1000000,113504,113835,114010,114019
C:\ct2_P2P3\HCC\37134cbd\UQOBZU3Z\0YLNEKB3/I2000000,113504,113835,114010,114019
C:\ct2_P2P3\HCC\37134cbd\UQOBZU3Z\0YLNEKB3/I3000000,113504,113835,114010,114021
C:\ct2_P2P3\HCC\37134cbd\UQOBZU3Z\0YLNEKB3/I4000000,113504,113835,114010,114021
C:\ct2_P2P3\HCC\37134cbd\UQOBZU3Z\0YLNEKB3/I5000000,113504,113835,114010,114022
C:\ct2_P2P3\HCC\37134cbd\UQOBZU3Z\0YLNEKB3/I6000000,113504,113835,114010,114023
C:\ct2_P2P3\HCC\37134cbd\UQOBZU3Z\0YLNEKB3/I7000000,113504,113835,114010,114024
C:\ct2_P2P3\HCC\37134cbd\UQOBZU3Z\0YLNEKB3/I8000000,113504,113835,114010,114025
C:\ct2_P2P3\HCC\37134cbd\UQOBZU3Z\0YLNEKB3/I9000000,113504,113835,114010,114026
C:\ct2_P2P3\HCC\37134cbd\UQOBZU3Z\0YLNEKB3/I1000001,113504,113835,114010,114026
C:\ct2_P2P3\HCC\37134cbd\UQOBZU3Z\0YLNEKB3/I1100000,113504,113835,114010,114027
C:\ct2_P2P3\HCC\37134cbd\UQOBZU3Z\0YLNEKB3/I1200000,113504,113835,114010,114028
C:\ct2_P2P3\HCC\37134cbd\UQOBZU3Z\0YLNEKB3/I1300000,113504,113835,114010,114029
C:\ct2_P2P3\HCC\37134cbd\UQOBZU3Z\0YLNEKB3/I1400000,113504,113835,114010,114030
C:\ct2_P2P3\HCC\37134cbd\UQOBZU3Z\0YLNEKB3/I1500000,113504,113835,114010,114031
C:\ct2_P2P3\HCC\37134cbd\UQOBZU3Z\0YLNEKB3/I1600000,113504,113835,114010,114032
C:\ct2_P2P3\HCC\37134cbd\UQOBZU3Z\0YLNEKB3/I1700000,113504,113835,114010,114032
C:\ct2_P2P3\HCC\37134cbd\UQOBZU3Z\0YLNEKB3/I1800000,113504,113835,114010,114033
C:\ct2_P2P3\HCC\37134cbd\UQOBZU3Z\0YLNEKB3/I1900000,113504,113835,114010,114034
C:\ct2_P2P3\HCC\37134cbd\UQOBZU3Z\0YLNEKB3/I2000001,113504,113835,114010,114034
C:\ct2_P2P3\HCC\37134cbd\UQOBZU3Z\0YLNEKB3/I2100000,113504,113835,114010,114034
C:\ct2_P2P3\HCC\37134cbd\UQOBZU3Z\0YLNEKB3/I2200000,113504,113835,114010,114035
C:\ct2_P2P3\HCC\37134cbd\UQOBZU3Z\0YLNEKB3/I2300000,113504,113835,114010,114020
C:\ct2_P2P3\HCC\37134cbd\UQOBZU3Z\0YLNEKB3/I2400000,113504,113835,114010,114021
C:\ct2_P2P3\HCC\37134cbd\UQOBZU3Z\0YLNEKB3/I2500000,113504,113835,114010,114022
C:\ct2_P2P3\HCC\37134cbd\UQOBZU3Z\0YLNEKB3/I2600000,113504,113835,114010,114023
C:\ct2_P2P3\HCC\37134cbd\UQOBZU3Z\0YLNEKB3/I2700000,113504,113835,114010,114024
C:\ct2_P2P3\HCC\37134cbd\UQOBZU3Z\0YLNEKB3/I2800000,113504,113835,114010,114025
C:\ct2_P2P3\HCC\37134cbd\UQOBZU3Z\0YLNEKB3/I2900000,113504,113835,114010,114026
C:\ct2_P2P3\HCC\37134cbd\UQOBZU3Z\0YLNEKB3/I3000001,113504,113835,114010,114026
C:\ct2_P2P3\HCC\37134cbd\UQOBZU3Z\0YLNEKB3/I3100000,113504,113835,114010,114027
C:\ct2_P2P3\HCC\37134cbd\UQOBZU3Z\0YLNEKB3/I3200000,113504,113835,114010,114028
C:\ct2_P2P3\HCC\37134cbd\UQOBZU3Z\0YLNEKB3/I3300000,113504,113835,114010,114029
C:\ct2_P2P3\HCC\37134cbd\UQOBZU3Z\0YLNEKB3/I3400000,113504,113835,114010,114030
C:\ct2_P2P3\HCC\37134cbd\UQOBZU3Z\0YLNEKB3/I3500000,113504,113835,114010,114031
C:\ct2_P2P3\HCC\37134cbd\UQOBZU3Z\0YLNEKB3/I3600000,113504,113835,114010,114032
C:\ct2_P2P3\HCC\37134cbd\UQOBZU3Z\0YLNEKB3/I3700000,113504,113835,114010,114032
C:\ct2_P2P3\HCC\37134cbd\UQOBZU3Z\0YLNEKB3/I3800000,113504,113835,114010,114033
C:\ct2_P2P3\HCC\37134cbd\UQOBZU3Z\0YLNEKB3/I3900000,113504,113835,114010,114034
C:\ct2_P2P3\HCC\37134cbd\UQOBZU3Z\0YLNEKB3/I4000001,113504,113835,114010,114034
C:\ct2_P2P3\HCC\37134cbd\UQOBZU3Z\0YLNEKB3/I4100000,113504,113835,114010,114035
C:\ct2_P2P3\HCC\37134cbd\UQOBZU3Z\0YLNEKB3/I4200000,113504,113835,114010,114035
C:\ct2_P2P3\HCC\37134cbd\UQOBZU3Z\0YLNEKB3/I4300000,113504,113835,114010,114036
C:\ct2_P2P3\HCC\37134cbd\UQOBZU3Z\0YLNEKB3/I4400000,113504,113835,114010,114036
C:\ct2_P2P3\HCC\37134cbd\UQOBZU3Z\0YLNEKB3/I4500000,113504,113835,114046,114054
C:\ct2_P2P3\HCC\37134cbd\UQOBZU3Z\0YLNEKB3/I4600000,113504,113835,114046,114055
C:\ct2_P2P3\HCC\37134cbd\UQOBZU3Z\0YLNEKB3/I4700000,113504,113835,114046,114056
C:\ct2_P2P3\HCC\37134cbd\UQOBZU3Z\0YLNEKB3/I4800000,113504,113835,114046,114057
C:\ct2_P2P3\HCC\37134cbd\UQOBZU3Z\0YLNEKB3/I4900000,113504,113835,114046,114058
C:\ct2_P2P3\HCC\37134cbd\UQOBZU3Z\0YLNEKB3/I5000001,113504,113835,114046,114059
C:\ct2_P2P3\HCC\37134cbd\UQOBZU3Z\0YLNEKB3/I5100000,113504,113835,114046,114059
C:\ct2_P2P3\HCC\37134cbd\UQOBZU3Z\0YLNEKB3/I5200000,113504,113835,114046,114100
C:\ct2_P2P3\HCC\37134cbd\UQOBZU3Z\0YLNEKB3/I5300000,113504,113835,114046,114101
C:\ct2_P2P3\HCC\37134cbd\UQOBZU3Z\0YLNEKB3/I5400000,113504,113835,114046,114102
C:\ct2_P2P3\HCC\37134cbd\UQOBZU3Z\0YLNEKB3/I5500000,113504,113835,114046,114103
C:\ct2_P2P3\HCC\37134cbd\UQOBZU3Z\0YLNEKB3/I5600000,113504,113835,114046,114103
C:\ct2_P2P3\HCC\37134cbd\UQOBZU3Z\0YLNEKB3/I5700000,113504,113835,114046,114104
C:\ct2_P2P3\HCC\37134cbd\UQOBZU3Z\0YLNEKB3/I5800000,113504,113835,114046,114104
C:\ct2_P2P3\HCC\37134cbd\UQOBZU3Z\0YLNEKB3/I5900000,113504,113835,114046,114105
C:\ct2_P2P3\HCC\37134cbd\UQOBZU3Z\0YLNEKB3/I6000001,113504,113835,114046,114105
C:\ct2_P2P3\HCC\37134cbd\UQOBZU3Z\0YLNEKB3/I6100000,113504,113835,114046,114056
C:\ct2_P2P3\HCC\37134cbd\UQOBZU3Z\0YLNEKB3/I6200000,113504,113835,114046,114057
C:\ct2_P2P3\HCC\37134cbd\UQOBZU3Z\0YLNEKB3/I6300000,113504,113835,114046,114058
C:\ct2_P2P3\HCC\37134cbd\UQOBZU3Z\0YLNEKB3/I6400000,113504,113835,114046,114059
C:\ct2_P2P3\HCC\37134cbd\UQOBZU3Z\0YLNEKB3/I6500000,113504,113835,114046,114100
C:\ct2_P2P3\HCC\37134cbd\UQOBZU3Z\0YLNEKB3/I6600000,113504,113835,114046,114101
C:\ct2_P2P3\HCC\37134cbd\UQOBZU3Z\0YLNEKB3/I6700000,113504,113835,114046,114101
C:\ct2_P2P3\HCC\37134cbd\UQOBZU3Z\0YLNEKB3/I6800000,113504,113835,114046,114102
C:\ct2_P2P3\HCC\37134cbd\UQOBZU3Z\0YLNEKB3/I6900000,113504,113835,114046,114103
C:\ct2_P2P3\HCC\37134cbd\UQOBZU3Z\0YLNEKB3/I7000001,113504,113835,114046,114104
C:\ct2_P2P3\HCC\37134cbd\UQOBZU3Z\0YLNEKB3/I7100000,113504,113835,114046,114105
C:\ct2_P2P3\HCC\37134cbd\UQOBZU3Z\0YLNEKB3/I7200000,113504,113835,114046,114105
C:\ct2_P2P3\HCC\37134cbd\UQOBZU3Z\0YLNEKB3/I7300000,113504,113835,114046,114106
C:\ct2_P2P3\HCC\37134cbd\UQOBZU3Z\0YLNEKB3/I7400000,113504,113835,114046,114106
C:\ct2_P2P3\HCC\37134cbd\UQOBZU3Z\0YLNEKB3/I7500000,113504,113835,114046,114107
C:\ct2_P2P3\HCC\37134cbd\UQOBZU3Z\0YLNEKB3/I7600000,113504,113835,114046,114107
C:\ct2_P2P3\HCC\37134cbd\UQOBZU3Z\0YLNEKB3/I7700000,113504,113835,114046,114059
C:\ct2_P2P3\HCC\37134cbd\UQOBZU3Z\0YLNEKB3/I7800000,113504,113835,114046,114100
C:\ct2_P2P3\HCC\37134cbd\UQOBZU3Z\0YLNEKB3/I7900000,113504,113835,114046,114101
C:\ct2_P2P3\HCC\37134cbd\UQOBZU3Z\0YLNEKB3/I8000001,113504,113835,114046,114101
C:\ct2_P2P3\HCC\37134cbd\UQOBZU3Z\0YLNEKB3/I8100000,113504,113835,114046,114102
C:\ct2_P2P3\HCC\37134cbd\UQOBZU3Z\0YLNEKB3/I8200000,113504,113835,114046,114103
C:\ct2_P2P3\HCC\37134cbd\UQOBZU3Z\0YLNEKB3/I8300000,113504,113835,114046,114104
C:\ct2_P2P3\HCC\37134cbd\UQOBZU3Z\0YLNEKB3/I8400000,113504,113835,114046,114105
C:\ct2_P2P3\HCC\37134cbd\UQOBZU3Z\0YLNEKB3/I8500000,113504,113835,114046,114106
C:\ct2_P2P3\HCC\37134cbd\UQOBZU3Z\0YLNEKB3/I8600000,113504,113835,114046,114107
C:\ct2_P2P3\HCC\37134cbd\UQOBZU3Z\0YLNEKB3/I8700000,113504,113835,114046,114108
C:\ct2_P2P3\HCC\37134cbd\UQOBZU3Z\0YLNEKB3/I8800000,113504,113835,114046,114108
C:\ct2_P2P3\HCC\37134cbd\UQOBZU3Z\0YLNEKB3/I8900000,113504,113835,114046,114109
C:\ct2_P2P3\HCC\37134cbd\UQOBZU3Z\0YLNEKB3/I9000001,113504,113835,114046,114110
C:\ct2_P2P3\HCC\37134cbd\UQOBZU3Z\0YLNEKB3/I9100000,113504,113835,114046,114110
C:\ct2_P2P3\HCC\37134cbd\UQOBZU3Z\0YLNEKB3/I9200000,113504,113835,114046,114111
C:\ct2_P2P3\HCC\37134cbd\UQOBZU3Z\0YLNEKB3/I9300000,113504,113835,114046,114111
