0008|0030,0008|0031,0008|0032,0008|0033,
C:\ct2_P2P3\HCC\37134cbd\UQOBZU3Z\YNLNEKB3/I4400000,113504,113630,113652,113718
C:\ct2_P2P3\HCC\37134cbd\UQOBZU3Z\YNLNEKB3/I4300000,113504,113630,113652,113718
C:\ct2_P2P3\HCC\37134cbd\UQOBZU3Z\YNLNEKB3/I4200000,113504,113630,113652,113717
C:\ct2_P2P3\HCC\37134cbd\UQOBZU3Z\YNLNEKB3/I4100000,113504,113630,113652,113717
C:\ct2_P2P3\HCC\37134cbd\UQOBZU3Z\YNLNEKB3/I4000001,113504,113630,113652,113716
C:\ct2_P2P3\HCC\37134cbd\UQOBZU3Z\YNLNEKB3/I3900000,113504,113630,113652,113715
C:\ct2_P2P3\HCC\37134cbd\UQOBZU3Z\YNLNEKB3/I3800000,113504,113630,113652,113715
C:\ct2_P2P3\HCC\37134cbd\UQOBZU3Z\YNLNEKB3/I3700000,113504,113630,113652,113714
C:\ct2_P2P3\HCC\37134cbd\UQOBZU3Z\YNLNEKB3/I3600000,113504,113630,113652,113713
C:\ct2_P2P3\HCC\37134cbd\UQOBZU3Z\YNLNEKB3/I3500000,113504,113630,113652,113712
C:\ct2_P2P3\HCC\37134cbd\UQOBZU3Z\YNLNEKB3/I3400000,113504,113630,113652,113712
C:\ct2_P2P3\HCC\37134cbd\UQOBZU3Z\YNLNEKB3/I3300000,113504,113630,113652,113711
C:\ct2_P2P3\HCC\37134cbd\UQOBZU3Z\YNLNEKB3/I3200000,113504,113630,113652,113710
C:\ct2_P2P3\HCC\37134cbd\UQOBZU3Z\YNLNEKB3/I3100000,113504,113630,113652,113709
C:\ct2_P2P3\HCC\37134cbd\UQOBZU3Z\YNLNEKB3/I3000001,113504,113630,113652,113708
C:\ct2_P2P3\HCC\37134cbd\UQOBZU3Z\YNLNEKB3/I2900000,113504,113630,113652,113707
C:\ct2_P2P3\HCC\37134cbd\UQOBZU3Z\YNLNEKB3/I2800000,113504,113630,113652,113707
C:\ct2_P2P3\HCC\37134cbd\UQOBZU3Z\YNLNEKB3/I2700000,113504,113630,113652,113706
C:\ct2_P2P3\HCC\37134cbd\UQOBZU3Z\YNLNEKB3/I2600000,113504,113630,113652,113705
C:\ct2_P2P3\HCC\37134cbd\UQOBZU3Z\YNLNEKB3/I2500000,113504,113630,113652,113704
C:\ct2_P2P3\HCC\37134cbd\UQOBZU3Z\YNLNEKB3/I2400000,113504,113630,113652,113703
C:\ct2_P2P3\HCC\37134cbd\UQOBZU3Z\YNLNEKB3/I2300000,113504,113630,113652,113702
C:\ct2_P2P3\HCC\37134cbd\UQOBZU3Z\YNLNEKB3/I2200000,113504,113630,113652,113717
C:\ct2_P2P3\HCC\37134cbd\UQOBZU3Z\YNLNEKB3/I2100000,113504,113630,113652,113716
C:\ct2_P2P3\HCC\37134cbd\UQOBZU3Z\YNLNEKB3/I2000001,113504,113630,113652,113716
C:\ct2_P2P3\HCC\37134cbd\UQOBZU3Z\YNLNEKB3/I1900000,113504,113630,113652,113716
C:\ct2_P2P3\HCC\37134cbd\UQOBZU3Z\YNLNEKB3/I1800000,113504,113630,113652,113715
C:\ct2_P2P3\HCC\37134cbd\UQOBZU3Z\YNLNEKB3/I1700000,113504,113630,113652,113714
C:\ct2_P2P3\HCC\37134cbd\UQOBZU3Z\YNLNEKB3/I1600000,113504,113630,113652,113714
C:\ct2_P2P3\HCC\37134cbd\UQOBZU3Z\YNLNEKB3/I1500000,113504,113630,113652,113713
C:\ct2_P2P3\HCC\37134cbd\UQOBZU3Z\YNLNEKB3/I1400000,113504,113630,113652,113712
C:\ct2_P2P3\HCC\37134cbd\UQOBZU3Z\YNLNEKB3/I1300000,113504,113630,113652,113711
C:\ct2_P2P3\HCC\37134cbd\UQOBZU3Z\YNLNEKB3/I1200000,113504,113630,113652,113710
C:\ct2_P2P3\HCC\37134cbd\UQOBZU3Z\YNLNEKB3/I1100000,113504,113630,113652,113709
C:\ct2_P2P3\HCC\37134cbd\UQOBZU3Z\YNLNEKB3/I1000001,113504,113630,113652,113708
C:\ct2_P2P3\HCC\37134cbd\UQOBZU3Z\YNLNEKB3/I9000000,113504,113630,113652,113708
C:\ct2_P2P3\HCC\37134cbd\UQOBZU3Z\YNLNEKB3/I8000000,113504,113630,113652,113706
C:\ct2_P2P3\HCC\37134cbd\UQOBZU3Z\YNLNEKB3/I7000000,113504,113630,113652,113706
C:\ct2_P2P3\HCC\37134cbd\UQOBZU3Z\YNLNEKB3/I6000000,113504,113630,113652,113705
C:\ct2_P2P3\HCC\37134cbd\UQOBZU3Z\YNLNEKB3/I5000000,113504,113630,113652,113704
C:\ct2_P2P3\HCC\37134cbd\UQOBZU3Z\YNLNEKB3/I4000000,113504,113630,113652,113703
C:\ct2_P2P3\HCC\37134cbd\UQOBZU3Z\YNLNEKB3/I3000000,113504,113630,113652,113702
C:\ct2_P2P3\HCC\37134cbd\UQOBZU3Z\YNLNEKB3/I2000000,113504,113630,113652,113701
C:\ct2_P2P3\HCC\37134cbd\UQOBZU3Z\YNLNEKB3/I1000000,113504,113630,113652,113700
