0008|0030,0008|0031,0008|0032,0008|0033,
C:\ct2_P2P3\HCC\44ad98bc\KVQHA5UR\BNSVJ2K0/I4100000,114439,114557,114617,114643
C:\ct2_P2P3\HCC\44ad98bc\KVQHA5UR\BNSVJ2K0/I4000001,114439,114557,114617,114642
C:\ct2_P2P3\HCC\44ad98bc\KVQHA5UR\BNSVJ2K0/I3900000,114439,114557,114617,114642
C:\ct2_P2P3\HCC\44ad98bc\KVQHA5UR\BNSVJ2K0/I3800000,114439,114557,114617,114641
C:\ct2_P2P3\HCC\44ad98bc\KVQHA5UR\BNSVJ2K0/I3700000,114439,114557,114617,114641
C:\ct2_P2P3\HCC\44ad98bc\KVQHA5UR\BNSVJ2K0/I3600000,114439,114557,114617,114640
C:\ct2_P2P3\HCC\44ad98bc\KVQHA5UR\BNSVJ2K0/I3500000,114439,114557,114617,114640
C:\ct2_P2P3\HCC\44ad98bc\KVQHA5UR\BNSVJ2K0/I3400000,114439,114557,114617,114639
C:\ct2_P2P3\HCC\44ad98bc\KVQHA5UR\BNSVJ2K0/I3300000,114439,114557,114617,114638
C:\ct2_P2P3\HCC\44ad98bc\KVQHA5UR\BNSVJ2K0/I3200000,114439,114557,114617,114637
C:\ct2_P2P3\HCC\44ad98bc\KVQHA5UR\BNSVJ2K0/I3100000,114439,114557,114617,114636
C:\ct2_P2P3\HCC\44ad98bc\KVQHA5UR\BNSVJ2K0/I3000001,114439,114557,114617,114635
C:\ct2_P2P3\HCC\44ad98bc\KVQHA5UR\BNSVJ2K0/I2900000,114439,114557,114617,114634
C:\ct2_P2P3\HCC\44ad98bc\KVQHA5UR\BNSVJ2K0/I2800000,114439,114557,114617,114633
C:\ct2_P2P3\HCC\44ad98bc\KVQHA5UR\BNSVJ2K0/I2700000,114439,114557,114617,114633
C:\ct2_P2P3\HCC\44ad98bc\KVQHA5UR\BNSVJ2K0/I2600000,114439,114557,114617,114632
C:\ct2_P2P3\HCC\44ad98bc\KVQHA5UR\BNSVJ2K0/I2500000,114439,114557,114617,114631
C:\ct2_P2P3\HCC\44ad98bc\KVQHA5UR\BNSVJ2K0/I2400000,114439,114557,114617,114630
C:\ct2_P2P3\HCC\44ad98bc\KVQHA5UR\BNSVJ2K0/I2300000,114439,114557,114617,114629
C:\ct2_P2P3\HCC\44ad98bc\KVQHA5UR\BNSVJ2K0/I2200000,114439,114557,114617,114628
C:\ct2_P2P3\HCC\44ad98bc\KVQHA5UR\BNSVJ2K0/I2100000,114439,114557,114617,114627
C:\ct2_P2P3\HCC\44ad98bc\KVQHA5UR\BNSVJ2K0/I2000001,114439,114557,114617,114640
C:\ct2_P2P3\HCC\44ad98bc\KVQHA5UR\BNSVJ2K0/I1900000,114439,114557,114617,114639
C:\ct2_P2P3\HCC\44ad98bc\KVQHA5UR\BNSVJ2K0/I1800000,114439,114557,114617,114639
C:\ct2_P2P3\HCC\44ad98bc\KVQHA5UR\BNSVJ2K0/I1700000,114439,114557,114617,114639
C:\ct2_P2P3\HCC\44ad98bc\KVQHA5UR\BNSVJ2K0/I1600000,114439,114557,114617,114638
C:\ct2_P2P3\HCC\44ad98bc\KVQHA5UR\BNSVJ2K0/I1500000,114439,114557,114617,114637
C:\ct2_P2P3\HCC\44ad98bc\KVQHA5UR\BNSVJ2K0/I1400000,114439,114557,114617,114637
C:\ct2_P2P3\HCC\44ad98bc\KVQHA5UR\BNSVJ2K0/I1300000,114439,114557,114617,114636
C:\ct2_P2P3\HCC\44ad98bc\KVQHA5UR\BNSVJ2K0/I1200000,114439,114557,114617,114635
C:\ct2_P2P3\HCC\44ad98bc\KVQHA5UR\BNSVJ2K0/I1100000,114439,114557,114617,114634
C:\ct2_P2P3\HCC\44ad98bc\KVQHA5UR\BNSVJ2K0/I1000001,114439,114557,114617,114633
C:\ct2_P2P3\HCC\44ad98bc\KVQHA5UR\BNSVJ2K0/I9000000,114439,114557,114617,114633
C:\ct2_P2P3\HCC\44ad98bc\KVQHA5UR\BNSVJ2K0/I8000000,114439,114557,114617,114632
C:\ct2_P2P3\HCC\44ad98bc\KVQHA5UR\BNSVJ2K0/I7000000,114439,114557,114617,114631
C:\ct2_P2P3\HCC\44ad98bc\KVQHA5UR\BNSVJ2K0/I6000000,114439,114557,114617,114630
C:\ct2_P2P3\HCC\44ad98bc\KVQHA5UR\BNSVJ2K0/I5000000,114439,114557,114617,114629
C:\ct2_P2P3\HCC\44ad98bc\KVQHA5UR\BNSVJ2K0/I4000000,114439,114557,114617,114628
C:\ct2_P2P3\HCC\44ad98bc\KVQHA5UR\BNSVJ2K0/I3000000,114439,114557,114617,114627
C:\ct2_P2P3\HCC\44ad98bc\KVQHA5UR\BNSVJ2K0/I2000000,114439,114557,114617,114626
C:\ct2_P2P3\HCC\44ad98bc\KVQHA5UR\BNSVJ2K0/I1000000,114439,114557,114617,114625
