0008|0030,0008|0031,0008|0032,0008|0033,
C:\ct2_P2P3\HCC\44ad98bc\KVQHA5UR\YH1GK4CJ/I4100000,114439,115113,115159,115224
C:\ct2_P2P3\HCC\44ad98bc\KVQHA5UR\YH1GK4CJ/I4000001,114439,115113,115159,115224
C:\ct2_P2P3\HCC\44ad98bc\KVQHA5UR\YH1GK4CJ/I3900000,114439,115113,115159,115224
C:\ct2_P2P3\HCC\44ad98bc\KVQHA5UR\YH1GK4CJ/I3800000,114439,115113,115159,115223
C:\ct2_P2P3\HCC\44ad98bc\KVQHA5UR\YH1GK4CJ/I3700000,114439,115113,115159,115223
C:\ct2_P2P3\HCC\44ad98bc\KVQHA5UR\YH1GK4CJ/I3600000,114439,115113,115159,115222
C:\ct2_P2P3\HCC\44ad98bc\KVQHA5UR\YH1GK4CJ/I3500000,114439,115113,115159,115221
C:\ct2_P2P3\HCC\44ad98bc\KVQHA5UR\YH1GK4CJ/I3400000,114439,115113,115159,115220
C:\ct2_P2P3\HCC\44ad98bc\KVQHA5UR\YH1GK4CJ/I3300000,114439,115113,115159,115220
C:\ct2_P2P3\HCC\44ad98bc\KVQHA5UR\YH1GK4CJ/I3200000,114439,115113,115159,115219
C:\ct2_P2P3\HCC\44ad98bc\KVQHA5UR\YH1GK4CJ/I3100000,114439,115113,115159,115218
C:\ct2_P2P3\HCC\44ad98bc\KVQHA5UR\YH1GK4CJ/I3000001,114439,115113,115159,115217
C:\ct2_P2P3\HCC\44ad98bc\KVQHA5UR\YH1GK4CJ/I2900000,114439,115113,115159,115216
C:\ct2_P2P3\HCC\44ad98bc\KVQHA5UR\YH1GK4CJ/I2800000,114439,115113,115159,115215
C:\ct2_P2P3\HCC\44ad98bc\KVQHA5UR\YH1GK4CJ/I2700000,114439,115113,115159,115214
C:\ct2_P2P3\HCC\44ad98bc\KVQHA5UR\YH1GK4CJ/I2600000,114439,115113,115159,115214
C:\ct2_P2P3\HCC\44ad98bc\KVQHA5UR\YH1GK4CJ/I2500000,114439,115113,115159,115213
C:\ct2_P2P3\HCC\44ad98bc\KVQHA5UR\YH1GK4CJ/I2400000,114439,115113,115159,115212
C:\ct2_P2P3\HCC\44ad98bc\KVQHA5UR\YH1GK4CJ/I2300000,114439,115113,115159,115211
C:\ct2_P2P3\HCC\44ad98bc\KVQHA5UR\YH1GK4CJ/I2200000,114439,115113,115159,115210
C:\ct2_P2P3\HCC\44ad98bc\KVQHA5UR\YH1GK4CJ/I2100000,114439,115113,115159,115209
C:\ct2_P2P3\HCC\44ad98bc\KVQHA5UR\YH1GK4CJ/I2000001,114439,115113,115159,115221
C:\ct2_P2P3\HCC\44ad98bc\KVQHA5UR\YH1GK4CJ/I1900000,114439,115113,115159,115221
C:\ct2_P2P3\HCC\44ad98bc\KVQHA5UR\YH1GK4CJ/I1800000,114439,115113,115159,115220
C:\ct2_P2P3\HCC\44ad98bc\KVQHA5UR\YH1GK4CJ/I1700000,114439,115113,115159,115220
C:\ct2_P2P3\HCC\44ad98bc\KVQHA5UR\YH1GK4CJ/I1600000,114439,115113,115159,115219
C:\ct2_P2P3\HCC\44ad98bc\KVQHA5UR\YH1GK4CJ/I1500000,114439,115113,115159,115219
C:\ct2_P2P3\HCC\44ad98bc\KVQHA5UR\YH1GK4CJ/I1400000,114439,115113,115159,115218
C:\ct2_P2P3\HCC\44ad98bc\KVQHA5UR\YH1GK4CJ/I1300000,114439,115113,115159,115217
C:\ct2_P2P3\HCC\44ad98bc\KVQHA5UR\YH1GK4CJ/I1200000,114439,115113,115159,115216
C:\ct2_P2P3\HCC\44ad98bc\KVQHA5UR\YH1GK4CJ/I1100000,114439,115113,115159,115216
C:\ct2_P2P3\HCC\44ad98bc\KVQHA5UR\YH1GK4CJ/I1000001,114439,115113,115159,115215
C:\ct2_P2P3\HCC\44ad98bc\KVQHA5UR\YH1GK4CJ/I9000000,114439,115113,115159,115214
C:\ct2_P2P3\HCC\44ad98bc\KVQHA5UR\YH1GK4CJ/I8000000,114439,115113,115159,115213
C:\ct2_P2P3\HCC\44ad98bc\KVQHA5UR\YH1GK4CJ/I7000000,114439,115113,115159,115212
C:\ct2_P2P3\HCC\44ad98bc\KVQHA5UR\YH1GK4CJ/I6000000,114439,115113,115159,115211
C:\ct2_P2P3\HCC\44ad98bc\KVQHA5UR\YH1GK4CJ/I5000000,114439,115113,115159,115210
C:\ct2_P2P3\HCC\44ad98bc\KVQHA5UR\YH1GK4CJ/I4000000,114439,115113,115159,115210
C:\ct2_P2P3\HCC\44ad98bc\KVQHA5UR\YH1GK4CJ/I3000000,114439,115113,115159,115209
C:\ct2_P2P3\HCC\44ad98bc\KVQHA5UR\YH1GK4CJ/I2000000,114439,115113,115159,115208
C:\ct2_P2P3\HCC\44ad98bc\KVQHA5UR\YH1GK4CJ/I1000000,114439,115113,115159,115207
