0008|0030,0008|0031,0008|0032,0008|0033,
C:\ct2_P2P3\HCC\44ad98bc\KVQHA5UR\HBSRJ2K0/I1000000,114439,114752,114929,114937
C:\ct2_P2P3\HCC\44ad98bc\KVQHA5UR\HBSRJ2K0/I2000000,114439,114752,114929,114938
C:\ct2_P2P3\HCC\44ad98bc\KVQHA5UR\HBSRJ2K0/I3000000,114439,114752,114929,114939
C:\ct2_P2P3\HCC\44ad98bc\KVQHA5UR\HBSRJ2K0/I4000000,114439,114752,114929,114940
C:\ct2_P2P3\HCC\44ad98bc\KVQHA5UR\HBSRJ2K0/I5000000,114439,114752,114929,114941
C:\ct2_P2P3\HCC\44ad98bc\KVQHA5UR\HBSRJ2K0/I6000000,114439,114752,114929,114942
C:\ct2_P2P3\HCC\44ad98bc\KVQHA5UR\HBSRJ2K0/I7000000,114439,114752,114929,114943
C:\ct2_P2P3\HCC\44ad98bc\KVQHA5UR\HBSRJ2K0/I8000000,114439,114752,114929,114943
C:\ct2_P2P3\HCC\44ad98bc\KVQHA5UR\HBSRJ2K0/I9000000,114439,114752,114929,114944
C:\ct2_P2P3\HCC\44ad98bc\KVQHA5UR\HBSRJ2K0/I1000001,114439,114752,114929,114945
C:\ct2_P2P3\HCC\44ad98bc\KVQHA5UR\HBSRJ2K0/I1100000,114439,114752,114929,114946
C:\ct2_P2P3\HCC\44ad98bc\KVQHA5UR\HBSRJ2K0/I1200000,114439,114752,114929,114947
C:\ct2_P2P3\HCC\44ad98bc\KVQHA5UR\HBSRJ2K0/I1300000,114439,114752,114929,114948
C:\ct2_P2P3\HCC\44ad98bc\KVQHA5UR\HBSRJ2K0/I1400000,114439,114752,114929,114948
C:\ct2_P2P3\HCC\44ad98bc\KVQHA5UR\HBSRJ2K0/I1500000,114439,114752,114929,114949
C:\ct2_P2P3\HCC\44ad98bc\KVQHA5UR\HBSRJ2K0/I1600000,114439,114752,114929,114950
C:\ct2_P2P3\HCC\44ad98bc\KVQHA5UR\HBSRJ2K0/I1700000,114439,114752,114929,114951
C:\ct2_P2P3\HCC\44ad98bc\KVQHA5UR\HBSRJ2K0/I1800000,114439,114752,114929,114951
C:\ct2_P2P3\HCC\44ad98bc\KVQHA5UR\HBSRJ2K0/I1900000,114439,114752,114929,114951
C:\ct2_P2P3\HCC\44ad98bc\KVQHA5UR\HBSRJ2K0/I2000001,114439,114752,114929,114952
C:\ct2_P2P3\HCC\44ad98bc\KVQHA5UR\HBSRJ2K0/I2100000,114439,114752,114929,114939
C:\ct2_P2P3\HCC\44ad98bc\KVQHA5UR\HBSRJ2K0/I2200000,114439,114752,114929,114940
C:\ct2_P2P3\HCC\44ad98bc\KVQHA5UR\HBSRJ2K0/I2300000,114439,114752,114929,114941
C:\ct2_P2P3\HCC\44ad98bc\KVQHA5UR\HBSRJ2K0/I2400000,114439,114752,114929,114942
C:\ct2_P2P3\HCC\44ad98bc\KVQHA5UR\HBSRJ2K0/I2500000,114439,114752,114929,114943
C:\ct2_P2P3\HCC\44ad98bc\KVQHA5UR\HBSRJ2K0/I2600000,114439,114752,114929,114944
C:\ct2_P2P3\HCC\44ad98bc\KVQHA5UR\HBSRJ2K0/I2700000,114439,114752,114929,114944
C:\ct2_P2P3\HCC\44ad98bc\KVQHA5UR\HBSRJ2K0/I2800000,114439,114752,114929,114945
C:\ct2_P2P3\HCC\44ad98bc\KVQHA5UR\HBSRJ2K0/I2900000,114439,114752,114929,114946
C:\ct2_P2P3\HCC\44ad98bc\KVQHA5UR\HBSRJ2K0/I3000001,114439,114752,114929,114947
C:\ct2_P2P3\HCC\44ad98bc\KVQHA5UR\HBSRJ2K0/I3100000,114439,114752,114929,114948
C:\ct2_P2P3\HCC\44ad98bc\KVQHA5UR\HBSRJ2K0/I3200000,114439,114752,114929,114949
C:\ct2_P2P3\HCC\44ad98bc\KVQHA5UR\HBSRJ2K0/I3300000,114439,114752,114929,114950
C:\ct2_P2P3\HCC\44ad98bc\KVQHA5UR\HBSRJ2K0/I3400000,114439,114752,114929,114951
C:\ct2_P2P3\HCC\44ad98bc\KVQHA5UR\HBSRJ2K0/I3500000,114439,114752,114929,114952
C:\ct2_P2P3\HCC\44ad98bc\KVQHA5UR\HBSRJ2K0/I3600000,114439,114752,114929,114952
C:\ct2_P2P3\HCC\44ad98bc\KVQHA5UR\HBSRJ2K0/I3700000,114439,114752,114929,114953
C:\ct2_P2P3\HCC\44ad98bc\KVQHA5UR\HBSRJ2K0/I3800000,114439,114752,114929,114954
C:\ct2_P2P3\HCC\44ad98bc\KVQHA5UR\HBSRJ2K0/I3900000,114439,114752,114929,114954
C:\ct2_P2P3\HCC\44ad98bc\KVQHA5UR\HBSRJ2K0/I4000001,114439,114752,114929,114954
C:\ct2_P2P3\HCC\44ad98bc\KVQHA5UR\HBSRJ2K0/I4100000,114439,114752,114929,114955
C:\ct2_P2P3\HCC\44ad98bc\KVQHA5UR\HBSRJ2K0/I4200000,114439,114752,115010,115017
C:\ct2_P2P3\HCC\44ad98bc\KVQHA5UR\HBSRJ2K0/I4300000,114439,114752,115010,115018
C:\ct2_P2P3\HCC\44ad98bc\KVQHA5UR\HBSRJ2K0/I4400000,114439,114752,115010,115019
C:\ct2_P2P3\HCC\44ad98bc\KVQHA5UR\HBSRJ2K0/I4500000,114439,114752,115010,115020
C:\ct2_P2P3\HCC\44ad98bc\KVQHA5UR\HBSRJ2K0/I4600000,114439,114752,115010,115021
C:\ct2_P2P3\HCC\44ad98bc\KVQHA5UR\HBSRJ2K0/I4700000,114439,114752,115010,115022
C:\ct2_P2P3\HCC\44ad98bc\KVQHA5UR\HBSRJ2K0/I4800000,114439,114752,115010,115022
C:\ct2_P2P3\HCC\44ad98bc\KVQHA5UR\HBSRJ2K0/I4900000,114439,114752,115010,115023
C:\ct2_P2P3\HCC\44ad98bc\KVQHA5UR\HBSRJ2K0/I5000001,114439,114752,115010,115024
C:\ct2_P2P3\HCC\44ad98bc\KVQHA5UR\HBSRJ2K0/I5100000,114439,114752,115010,115025
C:\ct2_P2P3\HCC\44ad98bc\KVQHA5UR\HBSRJ2K0/I5200000,114439,114752,115010,115026
C:\ct2_P2P3\HCC\44ad98bc\KVQHA5UR\HBSRJ2K0/I5300000,114439,114752,115010,115027
C:\ct2_P2P3\HCC\44ad98bc\KVQHA5UR\HBSRJ2K0/I5400000,114439,114752,115010,115027
C:\ct2_P2P3\HCC\44ad98bc\KVQHA5UR\HBSRJ2K0/I5500000,114439,114752,115010,115028
C:\ct2_P2P3\HCC\44ad98bc\KVQHA5UR\HBSRJ2K0/I5600000,114439,114752,115010,115028
C:\ct2_P2P3\HCC\44ad98bc\KVQHA5UR\HBSRJ2K0/I5700000,114439,114752,115010,115029
C:\ct2_P2P3\HCC\44ad98bc\KVQHA5UR\HBSRJ2K0/I5800000,114439,114752,115010,115029
C:\ct2_P2P3\HCC\44ad98bc\KVQHA5UR\HBSRJ2K0/I5900000,114439,114752,115010,115019
C:\ct2_P2P3\HCC\44ad98bc\KVQHA5UR\HBSRJ2K0/I6000001,114439,114752,115010,115020
C:\ct2_P2P3\HCC\44ad98bc\KVQHA5UR\HBSRJ2K0/I6100000,114439,114752,115010,115021
C:\ct2_P2P3\HCC\44ad98bc\KVQHA5UR\HBSRJ2K0/I6200000,114439,114752,115010,115022
C:\ct2_P2P3\HCC\44ad98bc\KVQHA5UR\HBSRJ2K0/I6300000,114439,114752,115010,115023
C:\ct2_P2P3\HCC\44ad98bc\KVQHA5UR\HBSRJ2K0/I6400000,114439,114752,115010,115024
C:\ct2_P2P3\HCC\44ad98bc\KVQHA5UR\HBSRJ2K0/I6500000,114439,114752,115010,115025
C:\ct2_P2P3\HCC\44ad98bc\KVQHA5UR\HBSRJ2K0/I6600000,114439,114752,115010,115025
C:\ct2_P2P3\HCC\44ad98bc\KVQHA5UR\HBSRJ2K0/I6700000,114439,114752,115010,115026
C:\ct2_P2P3\HCC\44ad98bc\KVQHA5UR\HBSRJ2K0/I6800000,114439,114752,115010,115027
C:\ct2_P2P3\HCC\44ad98bc\KVQHA5UR\HBSRJ2K0/I6900000,114439,114752,115010,115028
C:\ct2_P2P3\HCC\44ad98bc\KVQHA5UR\HBSRJ2K0/I7000001,114439,114752,115010,115029
C:\ct2_P2P3\HCC\44ad98bc\KVQHA5UR\HBSRJ2K0/I7100000,114439,114752,115010,115029
C:\ct2_P2P3\HCC\44ad98bc\KVQHA5UR\HBSRJ2K0/I7200000,114439,114752,115010,115030
C:\ct2_P2P3\HCC\44ad98bc\KVQHA5UR\HBSRJ2K0/I7300000,114439,114752,115010,115030
C:\ct2_P2P3\HCC\44ad98bc\KVQHA5UR\HBSRJ2K0/I7400000,114439,114752,115010,115031
C:\ct2_P2P3\HCC\44ad98bc\KVQHA5UR\HBSRJ2K0/I7500000,114439,114752,115010,115031
C:\ct2_P2P3\HCC\44ad98bc\KVQHA5UR\HBSRJ2K0/I7600000,114439,114752,115010,115022
C:\ct2_P2P3\HCC\44ad98bc\KVQHA5UR\HBSRJ2K0/I7700000,114439,114752,115010,115023
C:\ct2_P2P3\HCC\44ad98bc\KVQHA5UR\HBSRJ2K0/I7800000,114439,114752,115010,115024
C:\ct2_P2P3\HCC\44ad98bc\KVQHA5UR\HBSRJ2K0/I7900000,114439,114752,115010,115025
C:\ct2_P2P3\HCC\44ad98bc\KVQHA5UR\HBSRJ2K0/I8000001,114439,114752,115010,115026
C:\ct2_P2P3\HCC\44ad98bc\KVQHA5UR\HBSRJ2K0/I8100000,114439,114752,115010,115026
C:\ct2_P2P3\HCC\44ad98bc\KVQHA5UR\HBSRJ2K0/I8200000,114439,114752,115010,115027
C:\ct2_P2P3\HCC\44ad98bc\KVQHA5UR\HBSRJ2K0/I8300000,114439,114752,115010,115028
C:\ct2_P2P3\HCC\44ad98bc\KVQHA5UR\HBSRJ2K0/I8400000,114439,114752,115010,115029
C:\ct2_P2P3\HCC\44ad98bc\KVQHA5UR\HBSRJ2K0/I8500000,114439,114752,115010,115030
C:\ct2_P2P3\HCC\44ad98bc\KVQHA5UR\HBSRJ2K0/I8600000,114439,114752,115010,115031
C:\ct2_P2P3\HCC\44ad98bc\KVQHA5UR\HBSRJ2K0/I8700000,114439,114752,115010,115032
C:\ct2_P2P3\HCC\44ad98bc\KVQHA5UR\HBSRJ2K0/I8800000,114439,114752,115010,115032
C:\ct2_P2P3\HCC\44ad98bc\KVQHA5UR\HBSRJ2K0/I8900000,114439,114752,115010,115033
C:\ct2_P2P3\HCC\44ad98bc\KVQHA5UR\HBSRJ2K0/I9000001,114439,114752,115010,115034
C:\ct2_P2P3\HCC\44ad98bc\KVQHA5UR\HBSRJ2K0/I9100000,114439,114752,115010,115035
C:\ct2_P2P3\HCC\44ad98bc\KVQHA5UR\HBSRJ2K0/I9200000,114439,114752,115010,115035
C:\ct2_P2P3\HCC\44ad98bc\KVQHA5UR\HBSRJ2K0/I9300000,114439,114752,115010,115036
C:\ct2_P2P3\HCC\44ad98bc\KVQHA5UR\HBSRJ2K0/I9400000,114439,114752,115010,115036
