0008|0030,0008|0031,0008|0032,0008|0033,
C:\ct2_P2P3\Non-HCC\4ce309ff\AETTRE1J\HUTFASPT/I2770000,163854,164030,164054.116832 ,164054.116832 
C:\ct2_P2P3\Non-HCC\4ce309ff\AETTRE1J\HUTFASPT/I2760000,163854,164030,164054.116832 ,164054.116832 
C:\ct2_P2P3\Non-HCC\4ce309ff\AETTRE1J\HUTFASPT/I2750000,163854,164030,164054.116832 ,164054.116832 
C:\ct2_P2P3\Non-HCC\4ce309ff\AETTRE1J\HUTFASPT/I2740000,163854,164030,164054.116832 ,164054.116832 
C:\ct2_P2P3\Non-HCC\4ce309ff\AETTRE1J\HUTFASPT/I2730000,163854,164030,164054.116832 ,164054.116832 
C:\ct2_P2P3\Non-HCC\4ce309ff\AETTRE1J\HUTFASPT/I2720000,163854,164030,164054.116832 ,164054.116832 
C:\ct2_P2P3\Non-HCC\4ce309ff\AETTRE1J\HUTFASPT/I2710000,163854,164030,164054.116832 ,164054.116832 
C:\ct2_P2P3\Non-HCC\4ce309ff\AETTRE1J\HUTFASPT/I2700001,163854,164030,164054.116832 ,164054.116832 
C:\ct2_P2P3\Non-HCC\4ce309ff\AETTRE1J\HUTFASPT/I2690000,163854,164030,164054.116832 ,164054.116832 
C:\ct2_P2P3\Non-HCC\4ce309ff\AETTRE1J\HUTFASPT/I2680000,163854,164030,164054.116832 ,164054.116832 
C:\ct2_P2P3\Non-HCC\4ce309ff\AETTRE1J\HUTFASPT/I2670000,163854,164030,164054.116832 ,164054.116832 
C:\ct2_P2P3\Non-HCC\4ce309ff\AETTRE1J\HUTFASPT/I2660000,163854,164030,164054.116832 ,164054.116832 
C:\ct2_P2P3\Non-HCC\4ce309ff\AETTRE1J\HUTFASPT/I2650000,163854,164030,164054.116832 ,164054.116832 
C:\ct2_P2P3\Non-HCC\4ce309ff\AETTRE1J\HUTFASPT/I2640000,163854,164030,164054.116832 ,164054.116832 
C:\ct2_P2P3\Non-HCC\4ce309ff\AETTRE1J\HUTFASPT/I2630000,163854,164030,164054.116832 ,164054.116832 
C:\ct2_P2P3\Non-HCC\4ce309ff\AETTRE1J\HUTFASPT/I2620000,163854,164030,164054.116832 ,164054.116832 
C:\ct2_P2P3\Non-HCC\4ce309ff\AETTRE1J\HUTFASPT/I2610000,163854,164030,164054.116832 ,164054.116832 
C:\ct2_P2P3\Non-HCC\4ce309ff\AETTRE1J\HUTFASPT/I2600001,163854,164030,164054.116832 ,164054.116832 
C:\ct2_P2P3\Non-HCC\4ce309ff\AETTRE1J\HUTFASPT/I2590000,163854,164030,164054.116832 ,164054.116832 
C:\ct2_P2P3\Non-HCC\4ce309ff\AETTRE1J\HUTFASPT/I2580000,163854,164030,164054.116832 ,164054.116832 
C:\ct2_P2P3\Non-HCC\4ce309ff\AETTRE1J\HUTFASPT/I2570000,163854,164030,164054.116832 ,164054.116832 
C:\ct2_P2P3\Non-HCC\4ce309ff\AETTRE1J\HUTFASPT/I2560000,163854,164030,164054.116832 ,164054.116832 
C:\ct2_P2P3\Non-HCC\4ce309ff\AETTRE1J\HUTFASPT/I2550000,163854,164030,164054.116832 ,164054.116832 
C:\ct2_P2P3\Non-HCC\4ce309ff\AETTRE1J\HUTFASPT/I2540000,163854,164030,164054.116832 ,164054.116832 
C:\ct2_P2P3\Non-HCC\4ce309ff\AETTRE1J\HUTFASPT/I2530000,163854,164030,164054.116832 ,164054.116832 
C:\ct2_P2P3\Non-HCC\4ce309ff\AETTRE1J\HUTFASPT/I2520000,163854,164030,164054.116832 ,164054.116832 
C:\ct2_P2P3\Non-HCC\4ce309ff\AETTRE1J\HUTFASPT/I2510000,163854,164030,164054.116832 ,164054.116832 
C:\ct2_P2P3\Non-HCC\4ce309ff\AETTRE1J\HUTFASPT/I2500001,163854,164030,164054.116832 ,164054.116832 
C:\ct2_P2P3\Non-HCC\4ce309ff\AETTRE1J\HUTFASPT/I2490000,163854,164030,164054.116832 ,164054.116832 
C:\ct2_P2P3\Non-HCC\4ce309ff\AETTRE1J\HUTFASPT/I2480000,163854,164030,164054.116832 ,164054.116832 
C:\ct2_P2P3\Non-HCC\4ce309ff\AETTRE1J\HUTFASPT/I2470000,163854,164030,164054.116832 ,164054.116832 
C:\ct2_P2P3\Non-HCC\4ce309ff\AETTRE1J\HUTFASPT/I2460000,163854,164030,164054.116832 ,164054.116832 
C:\ct2_P2P3\Non-HCC\4ce309ff\AETTRE1J\HUTFASPT/I2450000,163854,164030,164054.116832 ,164054.116832 
C:\ct2_P2P3\Non-HCC\4ce309ff\AETTRE1J\HUTFASPT/I2440000,163854,164030,164054.116832 ,164054.116832 
C:\ct2_P2P3\Non-HCC\4ce309ff\AETTRE1J\HUTFASPT/I2430000,163854,164030,164054.116832 ,164054.116832 
C:\ct2_P2P3\Non-HCC\4ce309ff\AETTRE1J\HUTFASPT/I2420000,163854,164030,164054.116832 ,164054.116832 
C:\ct2_P2P3\Non-HCC\4ce309ff\AETTRE1J\HUTFASPT/I2410000,163854,164030,164054.116832 ,164054.116832 
C:\ct2_P2P3\Non-HCC\4ce309ff\AETTRE1J\HUTFASPT/I2400001,163854,164030,164054.116832 ,164054.116832 
C:\ct2_P2P3\Non-HCC\4ce309ff\AETTRE1J\HUTFASPT/I2390000,163854,164030,164054.116832 ,164054.116832 
C:\ct2_P2P3\Non-HCC\4ce309ff\AETTRE1J\HUTFASPT/I2380000,163854,164030,164054.116832 ,164054.116832 
C:\ct2_P2P3\Non-HCC\4ce309ff\AETTRE1J\HUTFASPT/I2370000,163854,164030,164054.116832 ,164054.116832 
C:\ct2_P2P3\Non-HCC\4ce309ff\AETTRE1J\HUTFASPT/I2360000,163854,164030,164054.116832 ,164054.116832 
C:\ct2_P2P3\Non-HCC\4ce309ff\AETTRE1J\HUTFASPT/I2350000,163854,164030,164054.116832 ,164054.116832 
C:\ct2_P2P3\Non-HCC\4ce309ff\AETTRE1J\HUTFASPT/I2340000,163854,164030,164054.116832 ,164054.116832 
C:\ct2_P2P3\Non-HCC\4ce309ff\AETTRE1J\HUTFASPT/I2330000,163854,164030,164054.116832 ,164054.116832 
C:\ct2_P2P3\Non-HCC\4ce309ff\AETTRE1J\HUTFASPT/I2320000,163854,164030,164054.116832 ,164054.116832 
C:\ct2_P2P3\Non-HCC\4ce309ff\AETTRE1J\HUTFASPT/I2310000,163854,164030,164054.116832 ,164054.116832 
C:\ct2_P2P3\Non-HCC\4ce309ff\AETTRE1J\HUTFASPT/I2300001,163854,164030,164054.116832 ,164054.116832 
C:\ct2_P2P3\Non-HCC\4ce309ff\AETTRE1J\HUTFASPT/I2290000,163854,164030,164054.116832 ,164054.116832 
C:\ct2_P2P3\Non-HCC\4ce309ff\AETTRE1J\HUTFASPT/I2280000,163854,164030,164054.116832 ,164054.116832 
C:\ct2_P2P3\Non-HCC\4ce309ff\AETTRE1J\HUTFASPT/I2270000,163854,164030,164054.116832 ,164054.116832 
C:\ct2_P2P3\Non-HCC\4ce309ff\AETTRE1J\HUTFASPT/I2260000,163854,164030,164054.116832 ,164054.116832 
C:\ct2_P2P3\Non-HCC\4ce309ff\AETTRE1J\HUTFASPT/I2250000,163854,164030,164054.116832 ,164054.116832 
C:\ct2_P2P3\Non-HCC\4ce309ff\AETTRE1J\HUTFASPT/I2240000,163854,164030,164054.116832 ,164054.116832 
C:\ct2_P2P3\Non-HCC\4ce309ff\AETTRE1J\HUTFASPT/I2230000,163854,164030,164054.116832 ,164054.116832 
C:\ct2_P2P3\Non-HCC\4ce309ff\AETTRE1J\HUTFASPT/I2220000,163854,164030,164054.116832 ,164054.116832 
C:\ct2_P2P3\Non-HCC\4ce309ff\AETTRE1J\HUTFASPT/I2210000,163854,164030,164054.116832 ,164054.116832 
C:\ct2_P2P3\Non-HCC\4ce309ff\AETTRE1J\HUTFASPT/I2200001,163854,164030,164054.116832 ,164054.116832 
C:\ct2_P2P3\Non-HCC\4ce309ff\AETTRE1J\HUTFASPT/I2190000,163854,164030,164054.116832 ,164054.116832 
C:\ct2_P2P3\Non-HCC\4ce309ff\AETTRE1J\HUTFASPT/I2180000,163854,164030,164054.116832 ,164054.116832 
C:\ct2_P2P3\Non-HCC\4ce309ff\AETTRE1J\HUTFASPT/I2170000,163854,164030,164054.116832 ,164054.116832 
C:\ct2_P2P3\Non-HCC\4ce309ff\AETTRE1J\HUTFASPT/I2160000,163854,164030,164054.116832 ,164054.116832 
C:\ct2_P2P3\Non-HCC\4ce309ff\AETTRE1J\HUTFASPT/I2150000,163854,164030,164054.116832 ,164054.116832 
C:\ct2_P2P3\Non-HCC\4ce309ff\AETTRE1J\HUTFASPT/I2140000,163854,164030,164054.116832 ,164054.116832 
C:\ct2_P2P3\Non-HCC\4ce309ff\AETTRE1J\HUTFASPT/I2130000,163854,164030,164054.116832 ,164054.116832 
C:\ct2_P2P3\Non-HCC\4ce309ff\AETTRE1J\HUTFASPT/I2120000,163854,164030,164054.116832 ,164054.116832 
C:\ct2_P2P3\Non-HCC\4ce309ff\AETTRE1J\HUTFASPT/I2110000,163854,164030,164054.116832 ,164054.116832 
C:\ct2_P2P3\Non-HCC\4ce309ff\AETTRE1J\HUTFASPT/I2100001,163854,164030,164054.116832 ,164054.116832 
C:\ct2_P2P3\Non-HCC\4ce309ff\AETTRE1J\HUTFASPT/I2090000,163854,164030,164054.116832 ,164054.116832 
C:\ct2_P2P3\Non-HCC\4ce309ff\AETTRE1J\HUTFASPT/I2080000,163854,164030,164054.116832 ,164054.116832 
C:\ct2_P2P3\Non-HCC\4ce309ff\AETTRE1J\HUTFASPT/I2070000,163854,164030,164054.116832 ,164054.116832 
C:\ct2_P2P3\Non-HCC\4ce309ff\AETTRE1J\HUTFASPT/I2060000,163854,164030,164054.116832 ,164054.116832 
C:\ct2_P2P3\Non-HCC\4ce309ff\AETTRE1J\HUTFASPT/I2050000,163854,164030,164054.116832 ,164054.116832 
C:\ct2_P2P3\Non-HCC\4ce309ff\AETTRE1J\HUTFASPT/I2040000,163854,164030,164054.116832 ,164054.116832 
C:\ct2_P2P3\Non-HCC\4ce309ff\AETTRE1J\HUTFASPT/I2030000,163854,164030,164054.116832 ,164054.116832 
C:\ct2_P2P3\Non-HCC\4ce309ff\AETTRE1J\HUTFASPT/I2020000,163854,164030,164054.116832 ,164054.116832 
C:\ct2_P2P3\Non-HCC\4ce309ff\AETTRE1J\HUTFASPT/I2010000,163854,164030,164054.116832 ,164054.116832 
C:\ct2_P2P3\Non-HCC\4ce309ff\AETTRE1J\HUTFASPT/I2000002,163854,164030,164054.116832 ,164054.116832 
C:\ct2_P2P3\Non-HCC\4ce309ff\AETTRE1J\HUTFASPT/I1990000,163854,164030,164054.116832 ,164054.116832 
C:\ct2_P2P3\Non-HCC\4ce309ff\AETTRE1J\HUTFASPT/I1980000,163854,164030,164054.116832 ,164054.116832 
C:\ct2_P2P3\Non-HCC\4ce309ff\AETTRE1J\HUTFASPT/I1970000,163854,164030,164054.116832 ,164054.116832 
C:\ct2_P2P3\Non-HCC\4ce309ff\AETTRE1J\HUTFASPT/I1960000,163854,164030,164054.116832 ,164054.116832 
C:\ct2_P2P3\Non-HCC\4ce309ff\AETTRE1J\HUTFASPT/I1950000,163854,164030,164054.116832 ,164054.116832 
C:\ct2_P2P3\Non-HCC\4ce309ff\AETTRE1J\HUTFASPT/I1940000,163854,164030,164054.116832 ,164054.116832 
C:\ct2_P2P3\Non-HCC\4ce309ff\AETTRE1J\HUTFASPT/I1930000,163854,164030,164054.116832 ,164054.116832 
C:\ct2_P2P3\Non-HCC\4ce309ff\AETTRE1J\HUTFASPT/I1920000,163854,164030,164054.116832 ,164054.116832 
C:\ct2_P2P3\Non-HCC\4ce309ff\AETTRE1J\HUTFASPT/I1910000,163854,164030,164054.116832 ,164054.116832 
C:\ct2_P2P3\Non-HCC\4ce309ff\AETTRE1J\HUTFASPT/I1900001,163854,164030,164054.116832 ,164054.116832 
C:\ct2_P2P3\Non-HCC\4ce309ff\AETTRE1J\HUTFASPT/I1890000,163854,164030,164054.116832 ,164054.116832 
C:\ct2_P2P3\Non-HCC\4ce309ff\AETTRE1J\HUTFASPT/I1880000,163854,164030,164054.116832 ,164054.116832 
C:\ct2_P2P3\Non-HCC\4ce309ff\AETTRE1J\HUTFASPT/I1870000,163854,164030,164054.116832 ,164054.116832 
C:\ct2_P2P3\Non-HCC\4ce309ff\AETTRE1J\HUTFASPT/I1860000,163854,164030,164054.116832 ,164054.116832 
C:\ct2_P2P3\Non-HCC\4ce309ff\AETTRE1J\HUTFASPT/I1850000,163854,164030,164054.116832 ,164054.116832 
C:\ct2_P2P3\Non-HCC\4ce309ff\AETTRE1J\HUTFASPT/I1840000,163854,164030,164054.116832 ,164054.116832 
C:\ct2_P2P3\Non-HCC\4ce309ff\AETTRE1J\HUTFASPT/I1830000,163854,164030,164054.116832 ,164054.116832 
C:\ct2_P2P3\Non-HCC\4ce309ff\AETTRE1J\HUTFASPT/I1820000,163854,164030,164054.116832 ,164054.116832 
C:\ct2_P2P3\Non-HCC\4ce309ff\AETTRE1J\HUTFASPT/I1810000,163854,164030,164054.116832 ,164054.116832 
C:\ct2_P2P3\Non-HCC\4ce309ff\AETTRE1J\HUTFASPT/I1800001,163854,164030,164054.116832 ,164054.116832 
C:\ct2_P2P3\Non-HCC\4ce309ff\AETTRE1J\HUTFASPT/I1790000,163854,164030,164054.116832 ,164054.116832 
C:\ct2_P2P3\Non-HCC\4ce309ff\AETTRE1J\HUTFASPT/I1780000,163854,164030,164054.116832 ,164054.116832 
C:\ct2_P2P3\Non-HCC\4ce309ff\AETTRE1J\HUTFASPT/I1770000,163854,164030,164054.116832 ,164054.116832 
C:\ct2_P2P3\Non-HCC\4ce309ff\AETTRE1J\HUTFASPT/I1760000,163854,164030,164054.116832 ,164054.116832 
C:\ct2_P2P3\Non-HCC\4ce309ff\AETTRE1J\HUTFASPT/I1750000,163854,164030,164054.116832 ,164054.116832 
C:\ct2_P2P3\Non-HCC\4ce309ff\AETTRE1J\HUTFASPT/I1740000,163854,164030,164054.116832 ,164054.116832 
C:\ct2_P2P3\Non-HCC\4ce309ff\AETTRE1J\HUTFASPT/I1730000,163854,164030,164054.116832 ,164054.116832 
C:\ct2_P2P3\Non-HCC\4ce309ff\AETTRE1J\HUTFASPT/I1720000,163854,164030,164054.116832 ,164054.116832 
C:\ct2_P2P3\Non-HCC\4ce309ff\AETTRE1J\HUTFASPT/I1710000,163854,164030,164054.116832 ,164054.116832 
C:\ct2_P2P3\Non-HCC\4ce309ff\AETTRE1J\HUTFASPT/I1700001,163854,164030,164054.116832 ,164054.116832 
C:\ct2_P2P3\Non-HCC\4ce309ff\AETTRE1J\HUTFASPT/I1690000,163854,164030,164054.116832 ,164054.116832 
C:\ct2_P2P3\Non-HCC\4ce309ff\AETTRE1J\HUTFASPT/I1680000,163854,164030,164054.116832 ,164054.116832 
C:\ct2_P2P3\Non-HCC\4ce309ff\AETTRE1J\HUTFASPT/I1670000,163854,164030,164054.116832 ,164054.116832 
C:\ct2_P2P3\Non-HCC\4ce309ff\AETTRE1J\HUTFASPT/I1660000,163854,164030,164054.116832 ,164054.116832 
C:\ct2_P2P3\Non-HCC\4ce309ff\AETTRE1J\HUTFASPT/I1650000,163854,164030,164054.116832 ,164054.116832 
C:\ct2_P2P3\Non-HCC\4ce309ff\AETTRE1J\HUTFASPT/I1640000,163854,164030,164054.116832 ,164054.116832 
C:\ct2_P2P3\Non-HCC\4ce309ff\AETTRE1J\HUTFASPT/I1630000,163854,164030,164054.116832 ,164054.116832 
C:\ct2_P2P3\Non-HCC\4ce309ff\AETTRE1J\HUTFASPT/I1620000,163854,164030,164054.116832 ,164054.116832 
C:\ct2_P2P3\Non-HCC\4ce309ff\AETTRE1J\HUTFASPT/I1610000,163854,164030,164054.116832 ,164054.116832 
C:\ct2_P2P3\Non-HCC\4ce309ff\AETTRE1J\HUTFASPT/I1600001,163854,164030,164054.116832 ,164054.116832 
C:\ct2_P2P3\Non-HCC\4ce309ff\AETTRE1J\HUTFASPT/I1590000,163854,164030,164054.116832 ,164054.116832 
C:\ct2_P2P3\Non-HCC\4ce309ff\AETTRE1J\HUTFASPT/I1580000,163854,164030,164054.116832 ,164054.116832 
C:\ct2_P2P3\Non-HCC\4ce309ff\AETTRE1J\HUTFASPT/I1570000,163854,164030,164054.116832 ,164054.116832 
C:\ct2_P2P3\Non-HCC\4ce309ff\AETTRE1J\HUTFASPT/I1560000,163854,164030,164054.116832 ,164054.116832 
C:\ct2_P2P3\Non-HCC\4ce309ff\AETTRE1J\HUTFASPT/I1550000,163854,164030,164054.116832 ,164054.116832 
C:\ct2_P2P3\Non-HCC\4ce309ff\AETTRE1J\HUTFASPT/I1540000,163854,164030,164054.116832 ,164054.116832 
C:\ct2_P2P3\Non-HCC\4ce309ff\AETTRE1J\HUTFASPT/I1530000,163854,164030,164054.116832 ,164054.116832 
C:\ct2_P2P3\Non-HCC\4ce309ff\AETTRE1J\HUTFASPT/I1520000,163854,164030,164054.116832 ,164054.116832 
C:\ct2_P2P3\Non-HCC\4ce309ff\AETTRE1J\HUTFASPT/I1510000,163854,164030,164054.116832 ,164054.116832 
C:\ct2_P2P3\Non-HCC\4ce309ff\AETTRE1J\HUTFASPT/I1500001,163854,164030,164054.116832 ,164054.116832 
C:\ct2_P2P3\Non-HCC\4ce309ff\AETTRE1J\HUTFASPT/I1490000,163854,164030,164054.116832 ,164054.116832 
C:\ct2_P2P3\Non-HCC\4ce309ff\AETTRE1J\HUTFASPT/I1480000,163854,164030,164054.116832 ,164054.116832 
C:\ct2_P2P3\Non-HCC\4ce309ff\AETTRE1J\HUTFASPT/I1470000,163854,164030,164054.116832 ,164054.116832 
C:\ct2_P2P3\Non-HCC\4ce309ff\AETTRE1J\HUTFASPT/I1460000,163854,164030,164054.116832 ,164054.116832 
C:\ct2_P2P3\Non-HCC\4ce309ff\AETTRE1J\HUTFASPT/I1450000,163854,164030,164054.116832 ,164054.116832 
C:\ct2_P2P3\Non-HCC\4ce309ff\AETTRE1J\HUTFASPT/I1440000,163854,164030,164054.116832 ,164054.116832 
C:\ct2_P2P3\Non-HCC\4ce309ff\AETTRE1J\HUTFASPT/I1430000,163854,164030,164054.116832 ,164054.116832 
C:\ct2_P2P3\Non-HCC\4ce309ff\AETTRE1J\HUTFASPT/I1420000,163854,164030,164054.116832 ,164054.116832 
C:\ct2_P2P3\Non-HCC\4ce309ff\AETTRE1J\HUTFASPT/I1410000,163854,164030,164054.116832 ,164054.116832 
C:\ct2_P2P3\Non-HCC\4ce309ff\AETTRE1J\HUTFASPT/I1400001,163854,164030,164054.116832 ,164054.116832 
C:\ct2_P2P3\Non-HCC\4ce309ff\AETTRE1J\HUTFASPT/I1390000,163854,164030,164054.116832 ,164054.116832 
C:\ct2_P2P3\Non-HCC\4ce309ff\AETTRE1J\HUTFASPT/I1380000,163854,164030,164054.116832 ,164054.116832 
C:\ct2_P2P3\Non-HCC\4ce309ff\AETTRE1J\HUTFASPT/I1370000,163854,164030,164054.116832 ,164054.116832 
C:\ct2_P2P3\Non-HCC\4ce309ff\AETTRE1J\HUTFASPT/I1360000,163854,164030,164054.116832 ,164054.116832 
C:\ct2_P2P3\Non-HCC\4ce309ff\AETTRE1J\HUTFASPT/I1350000,163854,164030,164054.116832 ,164054.116832 
C:\ct2_P2P3\Non-HCC\4ce309ff\AETTRE1J\HUTFASPT/I1340000,163854,164030,164054.116832 ,164054.116832 
C:\ct2_P2P3\Non-HCC\4ce309ff\AETTRE1J\HUTFASPT/I1330000,163854,164030,164054.116832 ,164054.116832 
C:\ct2_P2P3\Non-HCC\4ce309ff\AETTRE1J\HUTFASPT/I1320000,163854,164030,164054.116832 ,164054.116832 
C:\ct2_P2P3\Non-HCC\4ce309ff\AETTRE1J\HUTFASPT/I1310000,163854,164030,164054.116832 ,164054.116832 
C:\ct2_P2P3\Non-HCC\4ce309ff\AETTRE1J\HUTFASPT/I1300001,163854,164030,164054.116832 ,164054.116832 
C:\ct2_P2P3\Non-HCC\4ce309ff\AETTRE1J\HUTFASPT/I1290000,163854,164030,164054.116832 ,164054.116832 
C:\ct2_P2P3\Non-HCC\4ce309ff\AETTRE1J\HUTFASPT/I1280000,163854,164030,164054.116832 ,164054.116832 
C:\ct2_P2P3\Non-HCC\4ce309ff\AETTRE1J\HUTFASPT/I1270000,163854,164030,164054.116832 ,164054.116832 
C:\ct2_P2P3\Non-HCC\4ce309ff\AETTRE1J\HUTFASPT/I1260000,163854,164030,164054.116832 ,164054.116832 
C:\ct2_P2P3\Non-HCC\4ce309ff\AETTRE1J\HUTFASPT/I1250000,163854,164030,164054.116832 ,164054.116832 
C:\ct2_P2P3\Non-HCC\4ce309ff\AETTRE1J\HUTFASPT/I1240000,163854,164030,164054.116832 ,164054.116832 
C:\ct2_P2P3\Non-HCC\4ce309ff\AETTRE1J\HUTFASPT/I1230000,163854,164030,164054.116832 ,164054.116832 
C:\ct2_P2P3\Non-HCC\4ce309ff\AETTRE1J\HUTFASPT/I1220000,163854,164030,164054.116832 ,164054.116832 
C:\ct2_P2P3\Non-HCC\4ce309ff\AETTRE1J\HUTFASPT/I1210000,163854,164030,164054.116832 ,164054.116832 
C:\ct2_P2P3\Non-HCC\4ce309ff\AETTRE1J\HUTFASPT/I1200001,163854,164030,164054.116832 ,164054.116832 
C:\ct2_P2P3\Non-HCC\4ce309ff\AETTRE1J\HUTFASPT/I1190000,163854,164030,164054.116832 ,164054.116832 
C:\ct2_P2P3\Non-HCC\4ce309ff\AETTRE1J\HUTFASPT/I1180000,163854,164030,164054.116832 ,164054.116832 
C:\ct2_P2P3\Non-HCC\4ce309ff\AETTRE1J\HUTFASPT/I1170000,163854,164030,164054.116832 ,164054.116832 
C:\ct2_P2P3\Non-HCC\4ce309ff\AETTRE1J\HUTFASPT/I1160000,163854,164030,164054.116832 ,164054.116832 
C:\ct2_P2P3\Non-HCC\4ce309ff\AETTRE1J\HUTFASPT/I1150000,163854,164030,164054.116832 ,164054.116832 
C:\ct2_P2P3\Non-HCC\4ce309ff\AETTRE1J\HUTFASPT/I1140000,163854,164030,164054.116832 ,164054.116832 
C:\ct2_P2P3\Non-HCC\4ce309ff\AETTRE1J\HUTFASPT/I1130000,163854,164030,164054.116832 ,164054.116832 
C:\ct2_P2P3\Non-HCC\4ce309ff\AETTRE1J\HUTFASPT/I1120000,163854,164030,164054.116832 ,164054.116832 
C:\ct2_P2P3\Non-HCC\4ce309ff\AETTRE1J\HUTFASPT/I1110000,163854,164030,164054.116832 ,164054.116832 
C:\ct2_P2P3\Non-HCC\4ce309ff\AETTRE1J\HUTFASPT/I1100001,163854,164030,164054.116832 ,164054.116832 
C:\ct2_P2P3\Non-HCC\4ce309ff\AETTRE1J\HUTFASPT/I1090000,163854,164030,164054.116832 ,164054.116832 
C:\ct2_P2P3\Non-HCC\4ce309ff\AETTRE1J\HUTFASPT/I1080000,163854,164030,164054.116832 ,164054.116832 
C:\ct2_P2P3\Non-HCC\4ce309ff\AETTRE1J\HUTFASPT/I1070000,163854,164030,164054.116832 ,164054.116832 
C:\ct2_P2P3\Non-HCC\4ce309ff\AETTRE1J\HUTFASPT/I1060000,163854,164030,164054.116832 ,164054.116832 
C:\ct2_P2P3\Non-HCC\4ce309ff\AETTRE1J\HUTFASPT/I1050000,163854,164030,164054.116832 ,164054.116832 
C:\ct2_P2P3\Non-HCC\4ce309ff\AETTRE1J\HUTFASPT/I1040000,163854,164030,164054.116832 ,164054.116832 
C:\ct2_P2P3\Non-HCC\4ce309ff\AETTRE1J\HUTFASPT/I1030000,163854,164030,164054.116832 ,164054.116832 
C:\ct2_P2P3\Non-HCC\4ce309ff\AETTRE1J\HUTFASPT/I1020000,163854,164030,164054.116832 ,164054.116832 
C:\ct2_P2P3\Non-HCC\4ce309ff\AETTRE1J\HUTFASPT/I1010000,163854,164030,164054.116832 ,164054.116832 
C:\ct2_P2P3\Non-HCC\4ce309ff\AETTRE1J\HUTFASPT/I1000002,163854,164030,164054.116832 ,164054.116832 
C:\ct2_P2P3\Non-HCC\4ce309ff\AETTRE1J\HUTFASPT/I9900000,163854,164030,164054.116832 ,164054.116832 
C:\ct2_P2P3\Non-HCC\4ce309ff\AETTRE1J\HUTFASPT/I9800000,163854,164030,164054.116832 ,164054.116832 
C:\ct2_P2P3\Non-HCC\4ce309ff\AETTRE1J\HUTFASPT/I9700000,163854,164030,164054.116832 ,164054.116832 
C:\ct2_P2P3\Non-HCC\4ce309ff\AETTRE1J\HUTFASPT/I9600000,163854,164030,164054.116832 ,164054.116832 
C:\ct2_P2P3\Non-HCC\4ce309ff\AETTRE1J\HUTFASPT/I9500000,163854,164030,164054.116832 ,164054.116832 
C:\ct2_P2P3\Non-HCC\4ce309ff\AETTRE1J\HUTFASPT/I9400000,163854,164030,164054.116832 ,164054.116832 
C:\ct2_P2P3\Non-HCC\4ce309ff\AETTRE1J\HUTFASPT/I9300000,163854,164030,164054.116832 ,164054.116832 
C:\ct2_P2P3\Non-HCC\4ce309ff\AETTRE1J\HUTFASPT/I9200000,163854,164030,164054.116832 ,164054.116832 
C:\ct2_P2P3\Non-HCC\4ce309ff\AETTRE1J\HUTFASPT/I9100000,163854,164030,164054.116832 ,164054.116832 
C:\ct2_P2P3\Non-HCC\4ce309ff\AETTRE1J\HUTFASPT/I9000001,163854,164030,164054.116832 ,164054.116832 
C:\ct2_P2P3\Non-HCC\4ce309ff\AETTRE1J\HUTFASPT/I8900000,163854,164030,164054.116832 ,164054.116832 
C:\ct2_P2P3\Non-HCC\4ce309ff\AETTRE1J\HUTFASPT/I8800000,163854,164030,164054.116832 ,164054.116832 
C:\ct2_P2P3\Non-HCC\4ce309ff\AETTRE1J\HUTFASPT/I8700000,163854,164030,164054.116832 ,164054.116832 
C:\ct2_P2P3\Non-HCC\4ce309ff\AETTRE1J\HUTFASPT/I8600000,163854,164030,164054.116832 ,164054.116832 
C:\ct2_P2P3\Non-HCC\4ce309ff\AETTRE1J\HUTFASPT/I8500000,163854,164030,164054.116832 ,164054.116832 
C:\ct2_P2P3\Non-HCC\4ce309ff\AETTRE1J\HUTFASPT/I8400000,163854,164030,164054.116832 ,164054.116832 
C:\ct2_P2P3\Non-HCC\4ce309ff\AETTRE1J\HUTFASPT/I8300000,163854,164030,164054.116832 ,164054.116832 
C:\ct2_P2P3\Non-HCC\4ce309ff\AETTRE1J\HUTFASPT/I8200000,163854,164030,164054.116832 ,164054.116832 
C:\ct2_P2P3\Non-HCC\4ce309ff\AETTRE1J\HUTFASPT/I8100000,163854,164030,164054.116832 ,164054.116832 
C:\ct2_P2P3\Non-HCC\4ce309ff\AETTRE1J\HUTFASPT/I8000001,163854,164030,164054.116832 ,164054.116832 
C:\ct2_P2P3\Non-HCC\4ce309ff\AETTRE1J\HUTFASPT/I7900000,163854,164030,164054.116832 ,164054.116832 
C:\ct2_P2P3\Non-HCC\4ce309ff\AETTRE1J\HUTFASPT/I7800000,163854,164030,164054.116832 ,164054.116832 
C:\ct2_P2P3\Non-HCC\4ce309ff\AETTRE1J\HUTFASPT/I7700000,163854,164030,164054.116832 ,164054.116832 
C:\ct2_P2P3\Non-HCC\4ce309ff\AETTRE1J\HUTFASPT/I7600000,163854,164030,164054.116832 ,164054.116832 
C:\ct2_P2P3\Non-HCC\4ce309ff\AETTRE1J\HUTFASPT/I7500000,163854,164030,164054.116832 ,164054.116832 
C:\ct2_P2P3\Non-HCC\4ce309ff\AETTRE1J\HUTFASPT/I7400000,163854,164030,164054.116832 ,164054.116832 
C:\ct2_P2P3\Non-HCC\4ce309ff\AETTRE1J\HUTFASPT/I7300000,163854,164030,164054.116832 ,164054.116832 
C:\ct2_P2P3\Non-HCC\4ce309ff\AETTRE1J\HUTFASPT/I7200000,163854,164030,164054.116832 ,164054.116832 
C:\ct2_P2P3\Non-HCC\4ce309ff\AETTRE1J\HUTFASPT/I7100000,163854,164030,164054.116832 ,164054.116832 
C:\ct2_P2P3\Non-HCC\4ce309ff\AETTRE1J\HUTFASPT/I7000001,163854,164030,164054.116832 ,164054.116832 
C:\ct2_P2P3\Non-HCC\4ce309ff\AETTRE1J\HUTFASPT/I6900000,163854,164030,164054.116832 ,164054.116832 
C:\ct2_P2P3\Non-HCC\4ce309ff\AETTRE1J\HUTFASPT/I6800000,163854,164030,164054.116832 ,164054.116832 
C:\ct2_P2P3\Non-HCC\4ce309ff\AETTRE1J\HUTFASPT/I6700000,163854,164030,164054.116832 ,164054.116832 
C:\ct2_P2P3\Non-HCC\4ce309ff\AETTRE1J\HUTFASPT/I6600000,163854,164030,164054.116832 ,164054.116832 
C:\ct2_P2P3\Non-HCC\4ce309ff\AETTRE1J\HUTFASPT/I6500000,163854,164030,164054.116832 ,164054.116832 
C:\ct2_P2P3\Non-HCC\4ce309ff\AETTRE1J\HUTFASPT/I6400000,163854,164030,164054.116832 ,164054.116832 
C:\ct2_P2P3\Non-HCC\4ce309ff\AETTRE1J\HUTFASPT/I6300000,163854,164030,164054.116832 ,164054.116832 
C:\ct2_P2P3\Non-HCC\4ce309ff\AETTRE1J\HUTFASPT/I6200000,163854,164030,164054.116832 ,164054.116832 
C:\ct2_P2P3\Non-HCC\4ce309ff\AETTRE1J\HUTFASPT/I6100000,163854,164030,164054.116832 ,164054.116832 
C:\ct2_P2P3\Non-HCC\4ce309ff\AETTRE1J\HUTFASPT/I6000001,163854,164030,164054.116832 ,164054.116832 
C:\ct2_P2P3\Non-HCC\4ce309ff\AETTRE1J\HUTFASPT/I5900000,163854,164030,164054.116832 ,164054.116832 
C:\ct2_P2P3\Non-HCC\4ce309ff\AETTRE1J\HUTFASPT/I5800000,163854,164030,164054.116832 ,164054.116832 
C:\ct2_P2P3\Non-HCC\4ce309ff\AETTRE1J\HUTFASPT/I5700000,163854,164030,164054.116832 ,164054.116832 
C:\ct2_P2P3\Non-HCC\4ce309ff\AETTRE1J\HUTFASPT/I5600000,163854,164030,164054.116832 ,164054.116832 
C:\ct2_P2P3\Non-HCC\4ce309ff\AETTRE1J\HUTFASPT/I5500000,163854,164030,164054.116832 ,164054.116832 
C:\ct2_P2P3\Non-HCC\4ce309ff\AETTRE1J\HUTFASPT/I5400000,163854,164030,164054.116832 ,164054.116832 
C:\ct2_P2P3\Non-HCC\4ce309ff\AETTRE1J\HUTFASPT/I5300000,163854,164030,164054.116832 ,164054.116832 
C:\ct2_P2P3\Non-HCC\4ce309ff\AETTRE1J\HUTFASPT/I5200000,163854,164030,164054.116832 ,164054.116832 
C:\ct2_P2P3\Non-HCC\4ce309ff\AETTRE1J\HUTFASPT/I5100000,163854,164030,164054.116832 ,164054.116832 
C:\ct2_P2P3\Non-HCC\4ce309ff\AETTRE1J\HUTFASPT/I5000001,163854,164030,164054.116832 ,164054.116832 
C:\ct2_P2P3\Non-HCC\4ce309ff\AETTRE1J\HUTFASPT/I4900000,163854,164030,164054.116832 ,164054.116832 
C:\ct2_P2P3\Non-HCC\4ce309ff\AETTRE1J\HUTFASPT/I4800000,163854,164030,164054.116832 ,164054.116832 
C:\ct2_P2P3\Non-HCC\4ce309ff\AETTRE1J\HUTFASPT/I4700000,163854,164030,164054.116832 ,164054.116832 
C:\ct2_P2P3\Non-HCC\4ce309ff\AETTRE1J\HUTFASPT/I4600000,163854,164030,164054.116832 ,164054.116832 
C:\ct2_P2P3\Non-HCC\4ce309ff\AETTRE1J\HUTFASPT/I4500000,163854,164030,164054.116832 ,164054.116832 
C:\ct2_P2P3\Non-HCC\4ce309ff\AETTRE1J\HUTFASPT/I4400000,163854,164030,164054.116832 ,164054.116832 
C:\ct2_P2P3\Non-HCC\4ce309ff\AETTRE1J\HUTFASPT/I4300000,163854,164030,164054.116832 ,164054.116832 
C:\ct2_P2P3\Non-HCC\4ce309ff\AETTRE1J\HUTFASPT/I4200000,163854,164030,164054.116832 ,164054.116832 
C:\ct2_P2P3\Non-HCC\4ce309ff\AETTRE1J\HUTFASPT/I4100000,163854,164030,164054.116832 ,164054.116832 
C:\ct2_P2P3\Non-HCC\4ce309ff\AETTRE1J\HUTFASPT/I4000001,163854,164030,164054.116832 ,164054.116832 
C:\ct2_P2P3\Non-HCC\4ce309ff\AETTRE1J\HUTFASPT/I3900000,163854,164030,164054.116832 ,164054.116832 
C:\ct2_P2P3\Non-HCC\4ce309ff\AETTRE1J\HUTFASPT/I3800000,163854,164030,164054.116832 ,164054.116832 
C:\ct2_P2P3\Non-HCC\4ce309ff\AETTRE1J\HUTFASPT/I3700000,163854,164030,164054.116832 ,164054.116832 
C:\ct2_P2P3\Non-HCC\4ce309ff\AETTRE1J\HUTFASPT/I3600000,163854,164030,164054.116832 ,164054.116832 
C:\ct2_P2P3\Non-HCC\4ce309ff\AETTRE1J\HUTFASPT/I3500000,163854,164030,164054.116832 ,164054.116832 
C:\ct2_P2P3\Non-HCC\4ce309ff\AETTRE1J\HUTFASPT/I3400000,163854,164030,164054.116832 ,164054.116832 
C:\ct2_P2P3\Non-HCC\4ce309ff\AETTRE1J\HUTFASPT/I3300000,163854,164030,164054.116832 ,164054.116832 
C:\ct2_P2P3\Non-HCC\4ce309ff\AETTRE1J\HUTFASPT/I3200000,163854,164030,164054.116832 ,164054.116832 
C:\ct2_P2P3\Non-HCC\4ce309ff\AETTRE1J\HUTFASPT/I3100000,163854,164030,164054.116832 ,164054.116832 
C:\ct2_P2P3\Non-HCC\4ce309ff\AETTRE1J\HUTFASPT/I3000001,163854,164030,164054.116832 ,164054.116832 
C:\ct2_P2P3\Non-HCC\4ce309ff\AETTRE1J\HUTFASPT/I2900000,163854,164030,164054.116832 ,164054.116832 
C:\ct2_P2P3\Non-HCC\4ce309ff\AETTRE1J\HUTFASPT/I2800000,163854,164030,164054.116832 ,164054.116832 
C:\ct2_P2P3\Non-HCC\4ce309ff\AETTRE1J\HUTFASPT/I2700000,163854,164030,164054.116832 ,164054.116832 
C:\ct2_P2P3\Non-HCC\4ce309ff\AETTRE1J\HUTFASPT/I2600000,163854,164030,164054.116832 ,164054.116832 
C:\ct2_P2P3\Non-HCC\4ce309ff\AETTRE1J\HUTFASPT/I2500000,163854,164030,164054.116832 ,164054.116832 
C:\ct2_P2P3\Non-HCC\4ce309ff\AETTRE1J\HUTFASPT/I2400000,163854,164030,164054.116832 ,164054.116832 
C:\ct2_P2P3\Non-HCC\4ce309ff\AETTRE1J\HUTFASPT/I2300000,163854,164030,164054.116832 ,164054.116832 
C:\ct2_P2P3\Non-HCC\4ce309ff\AETTRE1J\HUTFASPT/I2200000,163854,164030,164054.116832 ,164054.116832 
C:\ct2_P2P3\Non-HCC\4ce309ff\AETTRE1J\HUTFASPT/I2100000,163854,164030,164054.116832 ,164054.116832 
C:\ct2_P2P3\Non-HCC\4ce309ff\AETTRE1J\HUTFASPT/I2000001,163854,164030,164054.116832 ,164054.116832 
C:\ct2_P2P3\Non-HCC\4ce309ff\AETTRE1J\HUTFASPT/I1900000,163854,164030,164054.116832 ,164054.116832 
C:\ct2_P2P3\Non-HCC\4ce309ff\AETTRE1J\HUTFASPT/I1800000,163854,164030,164054.116832 ,164054.116832 
C:\ct2_P2P3\Non-HCC\4ce309ff\AETTRE1J\HUTFASPT/I1700000,163854,164030,164054.116832 ,164054.116832 
C:\ct2_P2P3\Non-HCC\4ce309ff\AETTRE1J\HUTFASPT/I1600000,163854,164030,164054.116832 ,164054.116832 
C:\ct2_P2P3\Non-HCC\4ce309ff\AETTRE1J\HUTFASPT/I1500000,163854,164030,164054.116832 ,164054.116832 
C:\ct2_P2P3\Non-HCC\4ce309ff\AETTRE1J\HUTFASPT/I1400000,163854,164030,164054.116832 ,164054.116832 
C:\ct2_P2P3\Non-HCC\4ce309ff\AETTRE1J\HUTFASPT/I1300000,163854,164030,164054.116832 ,164054.116832 
C:\ct2_P2P3\Non-HCC\4ce309ff\AETTRE1J\HUTFASPT/I1200000,163854,164030,164054.116832 ,164054.116832 
C:\ct2_P2P3\Non-HCC\4ce309ff\AETTRE1J\HUTFASPT/I1100000,163854,164030,164054.116832 ,164054.116832 
C:\ct2_P2P3\Non-HCC\4ce309ff\AETTRE1J\HUTFASPT/I1000001,163854,164030,164054.116832 ,164054.116832 
C:\ct2_P2P3\Non-HCC\4ce309ff\AETTRE1J\HUTFASPT/I9000000,163854,164030,164054.116832 ,164054.116832 
C:\ct2_P2P3\Non-HCC\4ce309ff\AETTRE1J\HUTFASPT/I8000000,163854,164030,164054.116832 ,164054.116832 
C:\ct2_P2P3\Non-HCC\4ce309ff\AETTRE1J\HUTFASPT/I7000000,163854,164030,164054.116832 ,164054.116832 
C:\ct2_P2P3\Non-HCC\4ce309ff\AETTRE1J\HUTFASPT/I6000000,163854,164030,164054.116832 ,164054.116832 
C:\ct2_P2P3\Non-HCC\4ce309ff\AETTRE1J\HUTFASPT/I5000000,163854,164030,164054.116832 ,164054.116832 
C:\ct2_P2P3\Non-HCC\4ce309ff\AETTRE1J\HUTFASPT/I4000000,163854,164030,164054.116832 ,164054.116832 
C:\ct2_P2P3\Non-HCC\4ce309ff\AETTRE1J\HUTFASPT/I3000000,163854,164030,164054.116832 ,164054.116832 
C:\ct2_P2P3\Non-HCC\4ce309ff\AETTRE1J\HUTFASPT/I2000000,163854,164030,164054.116832 ,164054.116832 
C:\ct2_P2P3\Non-HCC\4ce309ff\AETTRE1J\HUTFASPT/I1000000,163854,164030,164054.116832 ,164054.116832 
