0008|0030,0008|0031,0008|0032,0008|0033,
C:\ct2_P2P3\HCC Surveillance\4fbec240\GA1JXMTI\P0HL2EB4/I3400000,165047,165641,165700,165739
C:\ct2_P2P3\HCC Surveillance\4fbec240\GA1JXMTI\P0HL2EB4/I3300000,165047,165641,165700,165739
C:\ct2_P2P3\HCC Surveillance\4fbec240\GA1JXMTI\P0HL2EB4/I3200000,165047,165641,165700,165739
C:\ct2_P2P3\HCC Surveillance\4fbec240\GA1JXMTI\P0HL2EB4/I3100000,165047,165641,165700,165738
C:\ct2_P2P3\HCC Surveillance\4fbec240\GA1JXMTI\P0HL2EB4/I3000001,165047,165641,165700,165737
C:\ct2_P2P3\HCC Surveillance\4fbec240\GA1JXMTI\P0HL2EB4/I2900000,165047,165641,165700,165737
C:\ct2_P2P3\HCC Surveillance\4fbec240\GA1JXMTI\P0HL2EB4/I2800000,165047,165641,165700,165736
C:\ct2_P2P3\HCC Surveillance\4fbec240\GA1JXMTI\P0HL2EB4/I2700000,165047,165641,165700,165735
C:\ct2_P2P3\HCC Surveillance\4fbec240\GA1JXMTI\P0HL2EB4/I2600000,165047,165641,165700,165735
C:\ct2_P2P3\HCC Surveillance\4fbec240\GA1JXMTI\P0HL2EB4/I2500000,165047,165641,165700,165733
C:\ct2_P2P3\HCC Surveillance\4fbec240\GA1JXMTI\P0HL2EB4/I2400000,165047,165641,165700,165733
C:\ct2_P2P3\HCC Surveillance\4fbec240\GA1JXMTI\P0HL2EB4/I2300000,165047,165641,165700,165732
C:\ct2_P2P3\HCC Surveillance\4fbec240\GA1JXMTI\P0HL2EB4/I2200000,165047,165641,165700,165731
C:\ct2_P2P3\HCC Surveillance\4fbec240\GA1JXMTI\P0HL2EB4/I2100000,165047,165641,165700,165730
C:\ct2_P2P3\HCC Surveillance\4fbec240\GA1JXMTI\P0HL2EB4/I2000001,165047,165641,165700,165729
C:\ct2_P2P3\HCC Surveillance\4fbec240\GA1JXMTI\P0HL2EB4/I1900000,165047,165641,165700,165728
C:\ct2_P2P3\HCC Surveillance\4fbec240\GA1JXMTI\P0HL2EB4/I1800000,165047,165641,165700,165727
C:\ct2_P2P3\HCC Surveillance\4fbec240\GA1JXMTI\P0HL2EB4/I1700000,165047,165641,165700,165738
C:\ct2_P2P3\HCC Surveillance\4fbec240\GA1JXMTI\P0HL2EB4/I1600000,165047,165641,165700,165737
C:\ct2_P2P3\HCC Surveillance\4fbec240\GA1JXMTI\P0HL2EB4/I1500000,165047,165641,165700,165737
C:\ct2_P2P3\HCC Surveillance\4fbec240\GA1JXMTI\P0HL2EB4/I1400000,165047,165641,165700,165736
C:\ct2_P2P3\HCC Surveillance\4fbec240\GA1JXMTI\P0HL2EB4/I1300000,165047,165641,165700,165736
C:\ct2_P2P3\HCC Surveillance\4fbec240\GA1JXMTI\P0HL2EB4/I1200000,165047,165641,165700,165735
C:\ct2_P2P3\HCC Surveillance\4fbec240\GA1JXMTI\P0HL2EB4/I1100000,165047,165641,165700,165734
C:\ct2_P2P3\HCC Surveillance\4fbec240\GA1JXMTI\P0HL2EB4/I1000001,165047,165641,165700,165734
C:\ct2_P2P3\HCC Surveillance\4fbec240\GA1JXMTI\P0HL2EB4/I9000000,165047,165641,165700,165733
C:\ct2_P2P3\HCC Surveillance\4fbec240\GA1JXMTI\P0HL2EB4/I8000000,165047,165641,165700,165732
C:\ct2_P2P3\HCC Surveillance\4fbec240\GA1JXMTI\P0HL2EB4/I7000000,165047,165641,165700,165731
C:\ct2_P2P3\HCC Surveillance\4fbec240\GA1JXMTI\P0HL2EB4/I6000000,165047,165641,165700,165730
C:\ct2_P2P3\HCC Surveillance\4fbec240\GA1JXMTI\P0HL2EB4/I5000000,165047,165641,165700,165729
C:\ct2_P2P3\HCC Surveillance\4fbec240\GA1JXMTI\P0HL2EB4/I4000000,165047,165641,165700,165728
C:\ct2_P2P3\HCC Surveillance\4fbec240\GA1JXMTI\P0HL2EB4/I3000000,165047,165641,165700,165727
C:\ct2_P2P3\HCC Surveillance\4fbec240\GA1JXMTI\P0HL2EB4/I2000000,165047,165641,165700,165726
C:\ct2_P2P3\HCC Surveillance\4fbec240\GA1JXMTI\P0HL2EB4/I1000000,165047,165641,165700,165725
