0008|0030,0008|0031,0008|0032,0008|0033,
C:\ct2_P2P3\HCC Surveillance\4fbec240\GA1JXMTI\JOGT2EB4/I1000000,165047,165309,165427,165436
C:\ct2_P2P3\HCC Surveillance\4fbec240\GA1JXMTI\JOGT2EB4/I2000000,165047,165309,165427,165437
C:\ct2_P2P3\HCC Surveillance\4fbec240\GA1JXMTI\JOGT2EB4/I3000000,165047,165309,165427,165438
C:\ct2_P2P3\HCC Surveillance\4fbec240\GA1JXMTI\JOGT2EB4/I4000000,165047,165309,165427,165438
C:\ct2_P2P3\HCC Surveillance\4fbec240\GA1JXMTI\JOGT2EB4/I5000000,165047,165309,165427,165439
C:\ct2_P2P3\HCC Surveillance\4fbec240\GA1JXMTI\JOGT2EB4/I6000000,165047,165309,165427,165440
C:\ct2_P2P3\HCC Surveillance\4fbec240\GA1JXMTI\JOGT2EB4/I7000000,165047,165309,165427,165441
C:\ct2_P2P3\HCC Surveillance\4fbec240\GA1JXMTI\JOGT2EB4/I8000000,165047,165309,165427,165442
C:\ct2_P2P3\HCC Surveillance\4fbec240\GA1JXMTI\JOGT2EB4/I9000000,165047,165309,165427,165443
C:\ct2_P2P3\HCC Surveillance\4fbec240\GA1JXMTI\JOGT2EB4/I1000001,165047,165309,165427,165444
C:\ct2_P2P3\HCC Surveillance\4fbec240\GA1JXMTI\JOGT2EB4/I1100000,165047,165309,165427,165445
C:\ct2_P2P3\HCC Surveillance\4fbec240\GA1JXMTI\JOGT2EB4/I1200000,165047,165309,165427,165445
C:\ct2_P2P3\HCC Surveillance\4fbec240\GA1JXMTI\JOGT2EB4/I1300000,165047,165309,165427,165446
C:\ct2_P2P3\HCC Surveillance\4fbec240\GA1JXMTI\JOGT2EB4/I1400000,165047,165309,165427,165446
C:\ct2_P2P3\HCC Surveillance\4fbec240\GA1JXMTI\JOGT2EB4/I1500000,165047,165309,165427,165447
C:\ct2_P2P3\HCC Surveillance\4fbec240\GA1JXMTI\JOGT2EB4/I1600000,165047,165309,165427,165448
C:\ct2_P2P3\HCC Surveillance\4fbec240\GA1JXMTI\JOGT2EB4/I1700000,165047,165309,165427,165448
C:\ct2_P2P3\HCC Surveillance\4fbec240\GA1JXMTI\JOGT2EB4/I1800000,165047,165309,165427,165437
C:\ct2_P2P3\HCC Surveillance\4fbec240\GA1JXMTI\JOGT2EB4/I1900000,165047,165309,165427,165438
C:\ct2_P2P3\HCC Surveillance\4fbec240\GA1JXMTI\JOGT2EB4/I2000001,165047,165309,165427,165439
C:\ct2_P2P3\HCC Surveillance\4fbec240\GA1JXMTI\JOGT2EB4/I2100000,165047,165309,165427,165440
C:\ct2_P2P3\HCC Surveillance\4fbec240\GA1JXMTI\JOGT2EB4/I2200000,165047,165309,165427,165441
C:\ct2_P2P3\HCC Surveillance\4fbec240\GA1JXMTI\JOGT2EB4/I2300000,165047,165309,165427,165442
C:\ct2_P2P3\HCC Surveillance\4fbec240\GA1JXMTI\JOGT2EB4/I2400000,165047,165309,165427,165443
C:\ct2_P2P3\HCC Surveillance\4fbec240\GA1JXMTI\JOGT2EB4/I2500000,165047,165309,165427,165444
C:\ct2_P2P3\HCC Surveillance\4fbec240\GA1JXMTI\JOGT2EB4/I2600000,165047,165309,165427,165445
C:\ct2_P2P3\HCC Surveillance\4fbec240\GA1JXMTI\JOGT2EB4/I2700000,165047,165309,165427,165445
C:\ct2_P2P3\HCC Surveillance\4fbec240\GA1JXMTI\JOGT2EB4/I2800000,165047,165309,165427,165446
C:\ct2_P2P3\HCC Surveillance\4fbec240\GA1JXMTI\JOGT2EB4/I2900000,165047,165309,165427,165447
C:\ct2_P2P3\HCC Surveillance\4fbec240\GA1JXMTI\JOGT2EB4/I3000001,165047,165309,165427,165448
C:\ct2_P2P3\HCC Surveillance\4fbec240\GA1JXMTI\JOGT2EB4/I3100000,165047,165309,165427,165448
C:\ct2_P2P3\HCC Surveillance\4fbec240\GA1JXMTI\JOGT2EB4/I3200000,165047,165309,165427,165449
C:\ct2_P2P3\HCC Surveillance\4fbec240\GA1JXMTI\JOGT2EB4/I3300000,165047,165309,165427,165449
C:\ct2_P2P3\HCC Surveillance\4fbec240\GA1JXMTI\JOGT2EB4/I3400000,165047,165309,165427,165449
C:\ct2_P2P3\HCC Surveillance\4fbec240\GA1JXMTI\JOGT2EB4/I3500000,165047,165309,165512,165520
C:\ct2_P2P3\HCC Surveillance\4fbec240\GA1JXMTI\JOGT2EB4/I3600000,165047,165309,165512,165521
C:\ct2_P2P3\HCC Surveillance\4fbec240\GA1JXMTI\JOGT2EB4/I3700000,165047,165309,165512,165522
C:\ct2_P2P3\HCC Surveillance\4fbec240\GA1JXMTI\JOGT2EB4/I3800000,165047,165309,165512,165523
C:\ct2_P2P3\HCC Surveillance\4fbec240\GA1JXMTI\JOGT2EB4/I3900000,165047,165309,165512,165523
C:\ct2_P2P3\HCC Surveillance\4fbec240\GA1JXMTI\JOGT2EB4/I4000001,165047,165309,165512,165524
C:\ct2_P2P3\HCC Surveillance\4fbec240\GA1JXMTI\JOGT2EB4/I4100000,165047,165309,165512,165525
C:\ct2_P2P3\HCC Surveillance\4fbec240\GA1JXMTI\JOGT2EB4/I4200000,165047,165309,165512,165526
C:\ct2_P2P3\HCC Surveillance\4fbec240\GA1JXMTI\JOGT2EB4/I4300000,165047,165309,165512,165527
C:\ct2_P2P3\HCC Surveillance\4fbec240\GA1JXMTI\JOGT2EB4/I4400000,165047,165309,165512,165528
C:\ct2_P2P3\HCC Surveillance\4fbec240\GA1JXMTI\JOGT2EB4/I4500000,165047,165309,165512,165529
C:\ct2_P2P3\HCC Surveillance\4fbec240\GA1JXMTI\JOGT2EB4/I4600000,165047,165309,165512,165530
C:\ct2_P2P3\HCC Surveillance\4fbec240\GA1JXMTI\JOGT2EB4/I4700000,165047,165309,165512,165530
C:\ct2_P2P3\HCC Surveillance\4fbec240\GA1JXMTI\JOGT2EB4/I4800000,165047,165309,165512,165531
C:\ct2_P2P3\HCC Surveillance\4fbec240\GA1JXMTI\JOGT2EB4/I4900000,165047,165309,165512,165532
C:\ct2_P2P3\HCC Surveillance\4fbec240\GA1JXMTI\JOGT2EB4/I5000001,165047,165309,165512,165533
C:\ct2_P2P3\HCC Surveillance\4fbec240\GA1JXMTI\JOGT2EB4/I5100000,165047,165309,165512,165534
C:\ct2_P2P3\HCC Surveillance\4fbec240\GA1JXMTI\JOGT2EB4/I5200000,165047,165309,165512,165534
C:\ct2_P2P3\HCC Surveillance\4fbec240\GA1JXMTI\JOGT2EB4/I5300000,165047,165309,165512,165535
C:\ct2_P2P3\HCC Surveillance\4fbec240\GA1JXMTI\JOGT2EB4/I5400000,165047,165309,165512,165536
C:\ct2_P2P3\HCC Surveillance\4fbec240\GA1JXMTI\JOGT2EB4/I5500000,165047,165309,165512,165536
C:\ct2_P2P3\HCC Surveillance\4fbec240\GA1JXMTI\JOGT2EB4/I5600000,165047,165309,165512,165536
C:\ct2_P2P3\HCC Surveillance\4fbec240\GA1JXMTI\JOGT2EB4/I5700000,165047,165309,165512,165522
C:\ct2_P2P3\HCC Surveillance\4fbec240\GA1JXMTI\JOGT2EB4/I5800000,165047,165309,165512,165523
C:\ct2_P2P3\HCC Surveillance\4fbec240\GA1JXMTI\JOGT2EB4/I5900000,165047,165309,165512,165524
C:\ct2_P2P3\HCC Surveillance\4fbec240\GA1JXMTI\JOGT2EB4/I6000001,165047,165309,165512,165525
C:\ct2_P2P3\HCC Surveillance\4fbec240\GA1JXMTI\JOGT2EB4/I6100000,165047,165309,165512,165526
C:\ct2_P2P3\HCC Surveillance\4fbec240\GA1JXMTI\JOGT2EB4/I6200000,165047,165309,165512,165527
C:\ct2_P2P3\HCC Surveillance\4fbec240\GA1JXMTI\JOGT2EB4/I6300000,165047,165309,165512,165528
C:\ct2_P2P3\HCC Surveillance\4fbec240\GA1JXMTI\JOGT2EB4/I6400000,165047,165309,165512,165529
C:\ct2_P2P3\HCC Surveillance\4fbec240\GA1JXMTI\JOGT2EB4/I6500000,165047,165309,165512,165530
C:\ct2_P2P3\HCC Surveillance\4fbec240\GA1JXMTI\JOGT2EB4/I6600000,165047,165309,165512,165530
C:\ct2_P2P3\HCC Surveillance\4fbec240\GA1JXMTI\JOGT2EB4/I6700000,165047,165309,165512,165531
C:\ct2_P2P3\HCC Surveillance\4fbec240\GA1JXMTI\JOGT2EB4/I6800000,165047,165309,165512,165532
C:\ct2_P2P3\HCC Surveillance\4fbec240\GA1JXMTI\JOGT2EB4/I6900000,165047,165309,165512,165533
C:\ct2_P2P3\HCC Surveillance\4fbec240\GA1JXMTI\JOGT2EB4/I7000001,165047,165309,165512,165534
C:\ct2_P2P3\HCC Surveillance\4fbec240\GA1JXMTI\JOGT2EB4/I7100000,165047,165309,165512,165535
C:\ct2_P2P3\HCC Surveillance\4fbec240\GA1JXMTI\JOGT2EB4/I7200000,165047,165309,165512,165535
C:\ct2_P2P3\HCC Surveillance\4fbec240\GA1JXMTI\JOGT2EB4/I7300000,165047,165309,165512,165536
C:\ct2_P2P3\HCC Surveillance\4fbec240\GA1JXMTI\JOGT2EB4/I7400000,165047,165309,165512,165537
C:\ct2_P2P3\HCC Surveillance\4fbec240\GA1JXMTI\JOGT2EB4/I7500000,165047,165309,165512,165537
C:\ct2_P2P3\HCC Surveillance\4fbec240\GA1JXMTI\JOGT2EB4/I7600000,165047,165309,165512,165538
C:\ct2_P2P3\HCC Surveillance\4fbec240\GA1JXMTI\JOGT2EB4/I7700000,165047,165309,165512,165538
C:\ct2_P2P3\HCC Surveillance\4fbec240\GA1JXMTI\JOGT2EB4/I7800000,165047,165309,165512,165539
