0008|0030,0008|0031,0008|0032,0008|0033,
C:\ct2_P2P3\HCC Surveillance\4fbec240\GA1JXMTI\PTGT2EB4/I3400000,165047,165156,165214,165235
C:\ct2_P2P3\HCC Surveillance\4fbec240\GA1JXMTI\PTGT2EB4/I3300000,165047,165156,165214,165235
C:\ct2_P2P3\HCC Surveillance\4fbec240\GA1JXMTI\PTGT2EB4/I3200000,165047,165156,165214,165235
C:\ct2_P2P3\HCC Surveillance\4fbec240\GA1JXMTI\PTGT2EB4/I3100000,165047,165156,165214,165234
C:\ct2_P2P3\HCC Surveillance\4fbec240\GA1JXMTI\PTGT2EB4/I3000001,165047,165156,165214,165234
C:\ct2_P2P3\HCC Surveillance\4fbec240\GA1JXMTI\PTGT2EB4/I2900000,165047,165156,165214,165233
C:\ct2_P2P3\HCC Surveillance\4fbec240\GA1JXMTI\PTGT2EB4/I2800000,165047,165156,165214,165232
C:\ct2_P2P3\HCC Surveillance\4fbec240\GA1JXMTI\PTGT2EB4/I2700000,165047,165156,165214,165231
C:\ct2_P2P3\HCC Surveillance\4fbec240\GA1JXMTI\PTGT2EB4/I2600000,165047,165156,165214,165231
C:\ct2_P2P3\HCC Surveillance\4fbec240\GA1JXMTI\PTGT2EB4/I2500000,165047,165156,165214,165230
C:\ct2_P2P3\HCC Surveillance\4fbec240\GA1JXMTI\PTGT2EB4/I2400000,165047,165156,165214,165229
C:\ct2_P2P3\HCC Surveillance\4fbec240\GA1JXMTI\PTGT2EB4/I2300000,165047,165156,165214,165228
C:\ct2_P2P3\HCC Surveillance\4fbec240\GA1JXMTI\PTGT2EB4/I2200000,165047,165156,165214,165227
C:\ct2_P2P3\HCC Surveillance\4fbec240\GA1JXMTI\PTGT2EB4/I2100000,165047,165156,165214,165226
C:\ct2_P2P3\HCC Surveillance\4fbec240\GA1JXMTI\PTGT2EB4/I2000001,165047,165156,165214,165225
C:\ct2_P2P3\HCC Surveillance\4fbec240\GA1JXMTI\PTGT2EB4/I1900000,165047,165156,165214,165224
C:\ct2_P2P3\HCC Surveillance\4fbec240\GA1JXMTI\PTGT2EB4/I1800000,165047,165156,165214,165223
C:\ct2_P2P3\HCC Surveillance\4fbec240\GA1JXMTI\PTGT2EB4/I1700000,165047,165156,165214,165234
C:\ct2_P2P3\HCC Surveillance\4fbec240\GA1JXMTI\PTGT2EB4/I1600000,165047,165156,165214,165234
C:\ct2_P2P3\HCC Surveillance\4fbec240\GA1JXMTI\PTGT2EB4/I1500000,165047,165156,165214,165233
C:\ct2_P2P3\HCC Surveillance\4fbec240\GA1JXMTI\PTGT2EB4/I1400000,165047,165156,165214,165233
C:\ct2_P2P3\HCC Surveillance\4fbec240\GA1JXMTI\PTGT2EB4/I1300000,165047,165156,165214,165232
C:\ct2_P2P3\HCC Surveillance\4fbec240\GA1JXMTI\PTGT2EB4/I1200000,165047,165156,165214,165232
C:\ct2_P2P3\HCC Surveillance\4fbec240\GA1JXMTI\PTGT2EB4/I1100000,165047,165156,165214,165231
C:\ct2_P2P3\HCC Surveillance\4fbec240\GA1JXMTI\PTGT2EB4/I1000001,165047,165156,165214,165230
C:\ct2_P2P3\HCC Surveillance\4fbec240\GA1JXMTI\PTGT2EB4/I9000000,165047,165156,165214,165229
C:\ct2_P2P3\HCC Surveillance\4fbec240\GA1JXMTI\PTGT2EB4/I8000000,165047,165156,165214,165228
C:\ct2_P2P3\HCC Surveillance\4fbec240\GA1JXMTI\PTGT2EB4/I7000000,165047,165156,165214,165227
C:\ct2_P2P3\HCC Surveillance\4fbec240\GA1JXMTI\PTGT2EB4/I6000000,165047,165156,165214,165227
C:\ct2_P2P3\HCC Surveillance\4fbec240\GA1JXMTI\PTGT2EB4/I5000000,165047,165156,165214,165226
C:\ct2_P2P3\HCC Surveillance\4fbec240\GA1JXMTI\PTGT2EB4/I4000000,165047,165156,165214,165225
C:\ct2_P2P3\HCC Surveillance\4fbec240\GA1JXMTI\PTGT2EB4/I3000000,165047,165156,165214,165224
C:\ct2_P2P3\HCC Surveillance\4fbec240\GA1JXMTI\PTGT2EB4/I2000000,165047,165156,165214,165223
C:\ct2_P2P3\HCC Surveillance\4fbec240\GA1JXMTI\PTGT2EB4/I1000000,165047,165156,165214,165222
