0008|0030,0008|0031,0008|0032,0008|0033,
C:\ct2_P2P3\Non-HCC\754bea2b\CRTARFTJ\JXSFMZ1H/I2790000,152439,152639,152708.233923 ,152708.233923 
C:\ct2_P2P3\Non-HCC\754bea2b\CRTARFTJ\JXSFMZ1H/I2780000,152439,152639,152708.233923 ,152708.233923 
C:\ct2_P2P3\Non-HCC\754bea2b\CRTARFTJ\JXSFMZ1H/I2770000,152439,152639,152708.233923 ,152708.233923 
C:\ct2_P2P3\Non-HCC\754bea2b\CRTARFTJ\JXSFMZ1H/I2760000,152439,152639,152708.233923 ,152708.233923 
C:\ct2_P2P3\Non-HCC\754bea2b\CRTARFTJ\JXSFMZ1H/I2750000,152439,152639,152708.233923 ,152708.233923 
C:\ct2_P2P3\Non-HCC\754bea2b\CRTARFTJ\JXSFMZ1H/I2740000,152439,152639,152708.233923 ,152708.233923 
C:\ct2_P2P3\Non-HCC\754bea2b\CRTARFTJ\JXSFMZ1H/I2730000,152439,152639,152708.233923 ,152708.233923 
C:\ct2_P2P3\Non-HCC\754bea2b\CRTARFTJ\JXSFMZ1H/I2720000,152439,152639,152708.233923 ,152708.233923 
C:\ct2_P2P3\Non-HCC\754bea2b\CRTARFTJ\JXSFMZ1H/I2710000,152439,152639,152708.233923 ,152708.233923 
C:\ct2_P2P3\Non-HCC\754bea2b\CRTARFTJ\JXSFMZ1H/I2700001,152439,152639,152708.233923 ,152708.233923 
C:\ct2_P2P3\Non-HCC\754bea2b\CRTARFTJ\JXSFMZ1H/I2690000,152439,152639,152708.233923 ,152708.233923 
C:\ct2_P2P3\Non-HCC\754bea2b\CRTARFTJ\JXSFMZ1H/I2680000,152439,152639,152708.233923 ,152708.233923 
C:\ct2_P2P3\Non-HCC\754bea2b\CRTARFTJ\JXSFMZ1H/I2670000,152439,152639,152708.233923 ,152708.233923 
C:\ct2_P2P3\Non-HCC\754bea2b\CRTARFTJ\JXSFMZ1H/I2660000,152439,152639,152708.233923 ,152708.233923 
C:\ct2_P2P3\Non-HCC\754bea2b\CRTARFTJ\JXSFMZ1H/I2650000,152439,152639,152708.233923 ,152708.233923 
C:\ct2_P2P3\Non-HCC\754bea2b\CRTARFTJ\JXSFMZ1H/I2640000,152439,152639,152708.233923 ,152708.233923 
C:\ct2_P2P3\Non-HCC\754bea2b\CRTARFTJ\JXSFMZ1H/I2630000,152439,152639,152708.233923 ,152708.233923 
C:\ct2_P2P3\Non-HCC\754bea2b\CRTARFTJ\JXSFMZ1H/I2620000,152439,152639,152708.233923 ,152708.233923 
C:\ct2_P2P3\Non-HCC\754bea2b\CRTARFTJ\JXSFMZ1H/I2610000,152439,152639,152708.233923 ,152708.233923 
C:\ct2_P2P3\Non-HCC\754bea2b\CRTARFTJ\JXSFMZ1H/I2600001,152439,152639,152708.233923 ,152708.233923 
C:\ct2_P2P3\Non-HCC\754bea2b\CRTARFTJ\JXSFMZ1H/I2590000,152439,152639,152708.233923 ,152708.233923 
C:\ct2_P2P3\Non-HCC\754bea2b\CRTARFTJ\JXSFMZ1H/I2580000,152439,152639,152708.233923 ,152708.233923 
C:\ct2_P2P3\Non-HCC\754bea2b\CRTARFTJ\JXSFMZ1H/I2570000,152439,152639,152708.233923 ,152708.233923 
C:\ct2_P2P3\Non-HCC\754bea2b\CRTARFTJ\JXSFMZ1H/I2560000,152439,152639,152708.233923 ,152708.233923 
C:\ct2_P2P3\Non-HCC\754bea2b\CRTARFTJ\JXSFMZ1H/I2550000,152439,152639,152708.233923 ,152708.233923 
C:\ct2_P2P3\Non-HCC\754bea2b\CRTARFTJ\JXSFMZ1H/I2540000,152439,152639,152708.233923 ,152708.233923 
C:\ct2_P2P3\Non-HCC\754bea2b\CRTARFTJ\JXSFMZ1H/I2530000,152439,152639,152708.233923 ,152708.233923 
C:\ct2_P2P3\Non-HCC\754bea2b\CRTARFTJ\JXSFMZ1H/I2520000,152439,152639,152708.233923 ,152708.233923 
C:\ct2_P2P3\Non-HCC\754bea2b\CRTARFTJ\JXSFMZ1H/I2510000,152439,152639,152708.233923 ,152708.233923 
C:\ct2_P2P3\Non-HCC\754bea2b\CRTARFTJ\JXSFMZ1H/I2500001,152439,152639,152708.233923 ,152708.233923 
C:\ct2_P2P3\Non-HCC\754bea2b\CRTARFTJ\JXSFMZ1H/I2490000,152439,152639,152708.233923 ,152708.233923 
C:\ct2_P2P3\Non-HCC\754bea2b\CRTARFTJ\JXSFMZ1H/I2480000,152439,152639,152708.233923 ,152708.233923 
C:\ct2_P2P3\Non-HCC\754bea2b\CRTARFTJ\JXSFMZ1H/I2470000,152439,152639,152708.233923 ,152708.233923 
C:\ct2_P2P3\Non-HCC\754bea2b\CRTARFTJ\JXSFMZ1H/I2460000,152439,152639,152708.233923 ,152708.233923 
C:\ct2_P2P3\Non-HCC\754bea2b\CRTARFTJ\JXSFMZ1H/I2450000,152439,152639,152708.233923 ,152708.233923 
C:\ct2_P2P3\Non-HCC\754bea2b\CRTARFTJ\JXSFMZ1H/I2440000,152439,152639,152708.233923 ,152708.233923 
C:\ct2_P2P3\Non-HCC\754bea2b\CRTARFTJ\JXSFMZ1H/I2430000,152439,152639,152708.233923 ,152708.233923 
C:\ct2_P2P3\Non-HCC\754bea2b\CRTARFTJ\JXSFMZ1H/I2420000,152439,152639,152708.233923 ,152708.233923 
C:\ct2_P2P3\Non-HCC\754bea2b\CRTARFTJ\JXSFMZ1H/I2410000,152439,152639,152708.233923 ,152708.233923 
C:\ct2_P2P3\Non-HCC\754bea2b\CRTARFTJ\JXSFMZ1H/I2400001,152439,152639,152708.233923 ,152708.233923 
C:\ct2_P2P3\Non-HCC\754bea2b\CRTARFTJ\JXSFMZ1H/I2390000,152439,152639,152708.233923 ,152708.233923 
C:\ct2_P2P3\Non-HCC\754bea2b\CRTARFTJ\JXSFMZ1H/I2380000,152439,152639,152708.233923 ,152708.233923 
C:\ct2_P2P3\Non-HCC\754bea2b\CRTARFTJ\JXSFMZ1H/I2370000,152439,152639,152708.233923 ,152708.233923 
C:\ct2_P2P3\Non-HCC\754bea2b\CRTARFTJ\JXSFMZ1H/I2360000,152439,152639,152708.233923 ,152708.233923 
C:\ct2_P2P3\Non-HCC\754bea2b\CRTARFTJ\JXSFMZ1H/I2350000,152439,152639,152708.233923 ,152708.233923 
C:\ct2_P2P3\Non-HCC\754bea2b\CRTARFTJ\JXSFMZ1H/I2340000,152439,152639,152708.233923 ,152708.233923 
C:\ct2_P2P3\Non-HCC\754bea2b\CRTARFTJ\JXSFMZ1H/I2330000,152439,152639,152708.233923 ,152708.233923 
C:\ct2_P2P3\Non-HCC\754bea2b\CRTARFTJ\JXSFMZ1H/I2320000,152439,152639,152708.233923 ,152708.233923 
C:\ct2_P2P3\Non-HCC\754bea2b\CRTARFTJ\JXSFMZ1H/I2310000,152439,152639,152708.233923 ,152708.233923 
C:\ct2_P2P3\Non-HCC\754bea2b\CRTARFTJ\JXSFMZ1H/I2300001,152439,152639,152708.233923 ,152708.233923 
C:\ct2_P2P3\Non-HCC\754bea2b\CRTARFTJ\JXSFMZ1H/I2290000,152439,152639,152708.233923 ,152708.233923 
C:\ct2_P2P3\Non-HCC\754bea2b\CRTARFTJ\JXSFMZ1H/I2280000,152439,152639,152708.233923 ,152708.233923 
C:\ct2_P2P3\Non-HCC\754bea2b\CRTARFTJ\JXSFMZ1H/I2270000,152439,152639,152708.233923 ,152708.233923 
C:\ct2_P2P3\Non-HCC\754bea2b\CRTARFTJ\JXSFMZ1H/I2260000,152439,152639,152708.233923 ,152708.233923 
C:\ct2_P2P3\Non-HCC\754bea2b\CRTARFTJ\JXSFMZ1H/I2250000,152439,152639,152708.233923 ,152708.233923 
C:\ct2_P2P3\Non-HCC\754bea2b\CRTARFTJ\JXSFMZ1H/I2240000,152439,152639,152708.233923 ,152708.233923 
C:\ct2_P2P3\Non-HCC\754bea2b\CRTARFTJ\JXSFMZ1H/I2230000,152439,152639,152708.233923 ,152708.233923 
C:\ct2_P2P3\Non-HCC\754bea2b\CRTARFTJ\JXSFMZ1H/I2220000,152439,152639,152708.233923 ,152708.233923 
C:\ct2_P2P3\Non-HCC\754bea2b\CRTARFTJ\JXSFMZ1H/I2210000,152439,152639,152708.233923 ,152708.233923 
C:\ct2_P2P3\Non-HCC\754bea2b\CRTARFTJ\JXSFMZ1H/I2200001,152439,152639,152708.233923 ,152708.233923 
C:\ct2_P2P3\Non-HCC\754bea2b\CRTARFTJ\JXSFMZ1H/I2190000,152439,152639,152708.233923 ,152708.233923 
C:\ct2_P2P3\Non-HCC\754bea2b\CRTARFTJ\JXSFMZ1H/I2180000,152439,152639,152708.233923 ,152708.233923 
C:\ct2_P2P3\Non-HCC\754bea2b\CRTARFTJ\JXSFMZ1H/I2170000,152439,152639,152708.233923 ,152708.233923 
C:\ct2_P2P3\Non-HCC\754bea2b\CRTARFTJ\JXSFMZ1H/I2160000,152439,152639,152708.233923 ,152708.233923 
C:\ct2_P2P3\Non-HCC\754bea2b\CRTARFTJ\JXSFMZ1H/I2150000,152439,152639,152708.233923 ,152708.233923 
C:\ct2_P2P3\Non-HCC\754bea2b\CRTARFTJ\JXSFMZ1H/I2140000,152439,152639,152708.233923 ,152708.233923 
C:\ct2_P2P3\Non-HCC\754bea2b\CRTARFTJ\JXSFMZ1H/I2130000,152439,152639,152708.233923 ,152708.233923 
C:\ct2_P2P3\Non-HCC\754bea2b\CRTARFTJ\JXSFMZ1H/I2120000,152439,152639,152708.233923 ,152708.233923 
C:\ct2_P2P3\Non-HCC\754bea2b\CRTARFTJ\JXSFMZ1H/I2110000,152439,152639,152708.233923 ,152708.233923 
C:\ct2_P2P3\Non-HCC\754bea2b\CRTARFTJ\JXSFMZ1H/I2100001,152439,152639,152708.233923 ,152708.233923 
C:\ct2_P2P3\Non-HCC\754bea2b\CRTARFTJ\JXSFMZ1H/I2090000,152439,152639,152708.233923 ,152708.233923 
C:\ct2_P2P3\Non-HCC\754bea2b\CRTARFTJ\JXSFMZ1H/I2080000,152439,152639,152708.233923 ,152708.233923 
C:\ct2_P2P3\Non-HCC\754bea2b\CRTARFTJ\JXSFMZ1H/I2070000,152439,152639,152708.233923 ,152708.233923 
C:\ct2_P2P3\Non-HCC\754bea2b\CRTARFTJ\JXSFMZ1H/I2060000,152439,152639,152708.233923 ,152708.233923 
C:\ct2_P2P3\Non-HCC\754bea2b\CRTARFTJ\JXSFMZ1H/I2050000,152439,152639,152708.233923 ,152708.233923 
C:\ct2_P2P3\Non-HCC\754bea2b\CRTARFTJ\JXSFMZ1H/I2040000,152439,152639,152708.233923 ,152708.233923 
C:\ct2_P2P3\Non-HCC\754bea2b\CRTARFTJ\JXSFMZ1H/I2030000,152439,152639,152708.233923 ,152708.233923 
C:\ct2_P2P3\Non-HCC\754bea2b\CRTARFTJ\JXSFMZ1H/I2020000,152439,152639,152708.233923 ,152708.233923 
C:\ct2_P2P3\Non-HCC\754bea2b\CRTARFTJ\JXSFMZ1H/I2010000,152439,152639,152708.233923 ,152708.233923 
C:\ct2_P2P3\Non-HCC\754bea2b\CRTARFTJ\JXSFMZ1H/I2000002,152439,152639,152708.233923 ,152708.233923 
C:\ct2_P2P3\Non-HCC\754bea2b\CRTARFTJ\JXSFMZ1H/I1990000,152439,152639,152708.233923 ,152708.233923 
C:\ct2_P2P3\Non-HCC\754bea2b\CRTARFTJ\JXSFMZ1H/I1980000,152439,152639,152708.233923 ,152708.233923 
C:\ct2_P2P3\Non-HCC\754bea2b\CRTARFTJ\JXSFMZ1H/I1970000,152439,152639,152708.233923 ,152708.233923 
C:\ct2_P2P3\Non-HCC\754bea2b\CRTARFTJ\JXSFMZ1H/I1960000,152439,152639,152708.233923 ,152708.233923 
C:\ct2_P2P3\Non-HCC\754bea2b\CRTARFTJ\JXSFMZ1H/I1950000,152439,152639,152708.233923 ,152708.233923 
C:\ct2_P2P3\Non-HCC\754bea2b\CRTARFTJ\JXSFMZ1H/I1940000,152439,152639,152708.233923 ,152708.233923 
C:\ct2_P2P3\Non-HCC\754bea2b\CRTARFTJ\JXSFMZ1H/I1930000,152439,152639,152708.233923 ,152708.233923 
C:\ct2_P2P3\Non-HCC\754bea2b\CRTARFTJ\JXSFMZ1H/I1920000,152439,152639,152708.233923 ,152708.233923 
C:\ct2_P2P3\Non-HCC\754bea2b\CRTARFTJ\JXSFMZ1H/I1910000,152439,152639,152708.233923 ,152708.233923 
C:\ct2_P2P3\Non-HCC\754bea2b\CRTARFTJ\JXSFMZ1H/I1900001,152439,152639,152708.233923 ,152708.233923 
C:\ct2_P2P3\Non-HCC\754bea2b\CRTARFTJ\JXSFMZ1H/I1890000,152439,152639,152708.233923 ,152708.233923 
C:\ct2_P2P3\Non-HCC\754bea2b\CRTARFTJ\JXSFMZ1H/I1880000,152439,152639,152708.233923 ,152708.233923 
C:\ct2_P2P3\Non-HCC\754bea2b\CRTARFTJ\JXSFMZ1H/I1870000,152439,152639,152708.233923 ,152708.233923 
C:\ct2_P2P3\Non-HCC\754bea2b\CRTARFTJ\JXSFMZ1H/I1860000,152439,152639,152708.233923 ,152708.233923 
C:\ct2_P2P3\Non-HCC\754bea2b\CRTARFTJ\JXSFMZ1H/I1850000,152439,152639,152708.233923 ,152708.233923 
C:\ct2_P2P3\Non-HCC\754bea2b\CRTARFTJ\JXSFMZ1H/I1840000,152439,152639,152708.233923 ,152708.233923 
C:\ct2_P2P3\Non-HCC\754bea2b\CRTARFTJ\JXSFMZ1H/I1830000,152439,152639,152708.233923 ,152708.233923 
C:\ct2_P2P3\Non-HCC\754bea2b\CRTARFTJ\JXSFMZ1H/I1820000,152439,152639,152708.233923 ,152708.233923 
C:\ct2_P2P3\Non-HCC\754bea2b\CRTARFTJ\JXSFMZ1H/I1810000,152439,152639,152708.233923 ,152708.233923 
C:\ct2_P2P3\Non-HCC\754bea2b\CRTARFTJ\JXSFMZ1H/I1800001,152439,152639,152708.233923 ,152708.233923 
C:\ct2_P2P3\Non-HCC\754bea2b\CRTARFTJ\JXSFMZ1H/I1790000,152439,152639,152708.233923 ,152708.233923 
C:\ct2_P2P3\Non-HCC\754bea2b\CRTARFTJ\JXSFMZ1H/I1780000,152439,152639,152708.233923 ,152708.233923 
C:\ct2_P2P3\Non-HCC\754bea2b\CRTARFTJ\JXSFMZ1H/I1770000,152439,152639,152708.233923 ,152708.233923 
C:\ct2_P2P3\Non-HCC\754bea2b\CRTARFTJ\JXSFMZ1H/I1760000,152439,152639,152708.233923 ,152708.233923 
C:\ct2_P2P3\Non-HCC\754bea2b\CRTARFTJ\JXSFMZ1H/I1750000,152439,152639,152708.233923 ,152708.233923 
C:\ct2_P2P3\Non-HCC\754bea2b\CRTARFTJ\JXSFMZ1H/I1740000,152439,152639,152708.233923 ,152708.233923 
C:\ct2_P2P3\Non-HCC\754bea2b\CRTARFTJ\JXSFMZ1H/I1730000,152439,152639,152708.233923 ,152708.233923 
C:\ct2_P2P3\Non-HCC\754bea2b\CRTARFTJ\JXSFMZ1H/I1720000,152439,152639,152708.233923 ,152708.233923 
C:\ct2_P2P3\Non-HCC\754bea2b\CRTARFTJ\JXSFMZ1H/I1710000,152439,152639,152708.233923 ,152708.233923 
C:\ct2_P2P3\Non-HCC\754bea2b\CRTARFTJ\JXSFMZ1H/I1700001,152439,152639,152708.233923 ,152708.233923 
C:\ct2_P2P3\Non-HCC\754bea2b\CRTARFTJ\JXSFMZ1H/I1690000,152439,152639,152708.233923 ,152708.233923 
C:\ct2_P2P3\Non-HCC\754bea2b\CRTARFTJ\JXSFMZ1H/I1680000,152439,152639,152708.233923 ,152708.233923 
C:\ct2_P2P3\Non-HCC\754bea2b\CRTARFTJ\JXSFMZ1H/I1670000,152439,152639,152708.233923 ,152708.233923 
C:\ct2_P2P3\Non-HCC\754bea2b\CRTARFTJ\JXSFMZ1H/I1660000,152439,152639,152708.233923 ,152708.233923 
C:\ct2_P2P3\Non-HCC\754bea2b\CRTARFTJ\JXSFMZ1H/I1650000,152439,152639,152708.233923 ,152708.233923 
C:\ct2_P2P3\Non-HCC\754bea2b\CRTARFTJ\JXSFMZ1H/I1640000,152439,152639,152708.233923 ,152708.233923 
C:\ct2_P2P3\Non-HCC\754bea2b\CRTARFTJ\JXSFMZ1H/I1630000,152439,152639,152708.233923 ,152708.233923 
C:\ct2_P2P3\Non-HCC\754bea2b\CRTARFTJ\JXSFMZ1H/I1620000,152439,152639,152708.233923 ,152708.233923 
C:\ct2_P2P3\Non-HCC\754bea2b\CRTARFTJ\JXSFMZ1H/I1610000,152439,152639,152708.233923 ,152708.233923 
C:\ct2_P2P3\Non-HCC\754bea2b\CRTARFTJ\JXSFMZ1H/I1600001,152439,152639,152708.233923 ,152708.233923 
C:\ct2_P2P3\Non-HCC\754bea2b\CRTARFTJ\JXSFMZ1H/I1590000,152439,152639,152708.233923 ,152708.233923 
C:\ct2_P2P3\Non-HCC\754bea2b\CRTARFTJ\JXSFMZ1H/I1580000,152439,152639,152708.233923 ,152708.233923 
C:\ct2_P2P3\Non-HCC\754bea2b\CRTARFTJ\JXSFMZ1H/I1570000,152439,152639,152708.233923 ,152708.233923 
C:\ct2_P2P3\Non-HCC\754bea2b\CRTARFTJ\JXSFMZ1H/I1560000,152439,152639,152708.233923 ,152708.233923 
C:\ct2_P2P3\Non-HCC\754bea2b\CRTARFTJ\JXSFMZ1H/I1550000,152439,152639,152708.233923 ,152708.233923 
C:\ct2_P2P3\Non-HCC\754bea2b\CRTARFTJ\JXSFMZ1H/I1540000,152439,152639,152708.233923 ,152708.233923 
C:\ct2_P2P3\Non-HCC\754bea2b\CRTARFTJ\JXSFMZ1H/I1530000,152439,152639,152708.233923 ,152708.233923 
C:\ct2_P2P3\Non-HCC\754bea2b\CRTARFTJ\JXSFMZ1H/I1520000,152439,152639,152708.233923 ,152708.233923 
C:\ct2_P2P3\Non-HCC\754bea2b\CRTARFTJ\JXSFMZ1H/I1510000,152439,152639,152708.233923 ,152708.233923 
C:\ct2_P2P3\Non-HCC\754bea2b\CRTARFTJ\JXSFMZ1H/I1500001,152439,152639,152708.233923 ,152708.233923 
C:\ct2_P2P3\Non-HCC\754bea2b\CRTARFTJ\JXSFMZ1H/I1490000,152439,152639,152708.233923 ,152708.233923 
C:\ct2_P2P3\Non-HCC\754bea2b\CRTARFTJ\JXSFMZ1H/I1480000,152439,152639,152708.233923 ,152708.233923 
C:\ct2_P2P3\Non-HCC\754bea2b\CRTARFTJ\JXSFMZ1H/I1470000,152439,152639,152708.233923 ,152708.233923 
C:\ct2_P2P3\Non-HCC\754bea2b\CRTARFTJ\JXSFMZ1H/I1460000,152439,152639,152708.233923 ,152708.233923 
C:\ct2_P2P3\Non-HCC\754bea2b\CRTARFTJ\JXSFMZ1H/I1450000,152439,152639,152708.233923 ,152708.233923 
C:\ct2_P2P3\Non-HCC\754bea2b\CRTARFTJ\JXSFMZ1H/I1440000,152439,152639,152708.233923 ,152708.233923 
C:\ct2_P2P3\Non-HCC\754bea2b\CRTARFTJ\JXSFMZ1H/I1430000,152439,152639,152708.233923 ,152708.233923 
C:\ct2_P2P3\Non-HCC\754bea2b\CRTARFTJ\JXSFMZ1H/I1420000,152439,152639,152708.233923 ,152708.233923 
C:\ct2_P2P3\Non-HCC\754bea2b\CRTARFTJ\JXSFMZ1H/I1410000,152439,152639,152708.233923 ,152708.233923 
C:\ct2_P2P3\Non-HCC\754bea2b\CRTARFTJ\JXSFMZ1H/I1400001,152439,152639,152708.233923 ,152708.233923 
C:\ct2_P2P3\Non-HCC\754bea2b\CRTARFTJ\JXSFMZ1H/I1390000,152439,152639,152708.233923 ,152708.233923 
C:\ct2_P2P3\Non-HCC\754bea2b\CRTARFTJ\JXSFMZ1H/I1380000,152439,152639,152708.233923 ,152708.233923 
C:\ct2_P2P3\Non-HCC\754bea2b\CRTARFTJ\JXSFMZ1H/I1370000,152439,152639,152708.233923 ,152708.233923 
C:\ct2_P2P3\Non-HCC\754bea2b\CRTARFTJ\JXSFMZ1H/I1360000,152439,152639,152708.233923 ,152708.233923 
C:\ct2_P2P3\Non-HCC\754bea2b\CRTARFTJ\JXSFMZ1H/I1350000,152439,152639,152708.233923 ,152708.233923 
C:\ct2_P2P3\Non-HCC\754bea2b\CRTARFTJ\JXSFMZ1H/I1340000,152439,152639,152708.233923 ,152708.233923 
C:\ct2_P2P3\Non-HCC\754bea2b\CRTARFTJ\JXSFMZ1H/I1330000,152439,152639,152708.233923 ,152708.233923 
C:\ct2_P2P3\Non-HCC\754bea2b\CRTARFTJ\JXSFMZ1H/I1320000,152439,152639,152708.233923 ,152708.233923 
C:\ct2_P2P3\Non-HCC\754bea2b\CRTARFTJ\JXSFMZ1H/I1310000,152439,152639,152708.233923 ,152708.233923 
C:\ct2_P2P3\Non-HCC\754bea2b\CRTARFTJ\JXSFMZ1H/I1300001,152439,152639,152708.233923 ,152708.233923 
C:\ct2_P2P3\Non-HCC\754bea2b\CRTARFTJ\JXSFMZ1H/I1290000,152439,152639,152708.233923 ,152708.233923 
C:\ct2_P2P3\Non-HCC\754bea2b\CRTARFTJ\JXSFMZ1H/I1280000,152439,152639,152708.233923 ,152708.233923 
C:\ct2_P2P3\Non-HCC\754bea2b\CRTARFTJ\JXSFMZ1H/I1270000,152439,152639,152708.233923 ,152708.233923 
C:\ct2_P2P3\Non-HCC\754bea2b\CRTARFTJ\JXSFMZ1H/I1260000,152439,152639,152708.233923 ,152708.233923 
C:\ct2_P2P3\Non-HCC\754bea2b\CRTARFTJ\JXSFMZ1H/I1250000,152439,152639,152708.233923 ,152708.233923 
C:\ct2_P2P3\Non-HCC\754bea2b\CRTARFTJ\JXSFMZ1H/I1240000,152439,152639,152708.233923 ,152708.233923 
C:\ct2_P2P3\Non-HCC\754bea2b\CRTARFTJ\JXSFMZ1H/I1230000,152439,152639,152708.233923 ,152708.233923 
C:\ct2_P2P3\Non-HCC\754bea2b\CRTARFTJ\JXSFMZ1H/I1220000,152439,152639,152708.233923 ,152708.233923 
C:\ct2_P2P3\Non-HCC\754bea2b\CRTARFTJ\JXSFMZ1H/I1210000,152439,152639,152708.233923 ,152708.233923 
C:\ct2_P2P3\Non-HCC\754bea2b\CRTARFTJ\JXSFMZ1H/I1200001,152439,152639,152708.233923 ,152708.233923 
C:\ct2_P2P3\Non-HCC\754bea2b\CRTARFTJ\JXSFMZ1H/I1190000,152439,152639,152708.233923 ,152708.233923 
C:\ct2_P2P3\Non-HCC\754bea2b\CRTARFTJ\JXSFMZ1H/I1180000,152439,152639,152708.233923 ,152708.233923 
C:\ct2_P2P3\Non-HCC\754bea2b\CRTARFTJ\JXSFMZ1H/I1170000,152439,152639,152708.233923 ,152708.233923 
C:\ct2_P2P3\Non-HCC\754bea2b\CRTARFTJ\JXSFMZ1H/I1160000,152439,152639,152708.233923 ,152708.233923 
C:\ct2_P2P3\Non-HCC\754bea2b\CRTARFTJ\JXSFMZ1H/I1150000,152439,152639,152708.233923 ,152708.233923 
C:\ct2_P2P3\Non-HCC\754bea2b\CRTARFTJ\JXSFMZ1H/I1140000,152439,152639,152708.233923 ,152708.233923 
C:\ct2_P2P3\Non-HCC\754bea2b\CRTARFTJ\JXSFMZ1H/I1130000,152439,152639,152708.233923 ,152708.233923 
C:\ct2_P2P3\Non-HCC\754bea2b\CRTARFTJ\JXSFMZ1H/I1120000,152439,152639,152708.233923 ,152708.233923 
C:\ct2_P2P3\Non-HCC\754bea2b\CRTARFTJ\JXSFMZ1H/I1110000,152439,152639,152708.233923 ,152708.233923 
C:\ct2_P2P3\Non-HCC\754bea2b\CRTARFTJ\JXSFMZ1H/I1100001,152439,152639,152708.233923 ,152708.233923 
C:\ct2_P2P3\Non-HCC\754bea2b\CRTARFTJ\JXSFMZ1H/I1090000,152439,152639,152708.233923 ,152708.233923 
C:\ct2_P2P3\Non-HCC\754bea2b\CRTARFTJ\JXSFMZ1H/I1080000,152439,152639,152708.233923 ,152708.233923 
C:\ct2_P2P3\Non-HCC\754bea2b\CRTARFTJ\JXSFMZ1H/I1070000,152439,152639,152708.233923 ,152708.233923 
C:\ct2_P2P3\Non-HCC\754bea2b\CRTARFTJ\JXSFMZ1H/I1060000,152439,152639,152708.233923 ,152708.233923 
C:\ct2_P2P3\Non-HCC\754bea2b\CRTARFTJ\JXSFMZ1H/I1050000,152439,152639,152708.233923 ,152708.233923 
C:\ct2_P2P3\Non-HCC\754bea2b\CRTARFTJ\JXSFMZ1H/I1040000,152439,152639,152708.233923 ,152708.233923 
C:\ct2_P2P3\Non-HCC\754bea2b\CRTARFTJ\JXSFMZ1H/I1030000,152439,152639,152708.233923 ,152708.233923 
C:\ct2_P2P3\Non-HCC\754bea2b\CRTARFTJ\JXSFMZ1H/I1020000,152439,152639,152708.233923 ,152708.233923 
C:\ct2_P2P3\Non-HCC\754bea2b\CRTARFTJ\JXSFMZ1H/I1010000,152439,152639,152708.233923 ,152708.233923 
C:\ct2_P2P3\Non-HCC\754bea2b\CRTARFTJ\JXSFMZ1H/I1000002,152439,152639,152708.233923 ,152708.233923 
C:\ct2_P2P3\Non-HCC\754bea2b\CRTARFTJ\JXSFMZ1H/I9900000,152439,152639,152708.233923 ,152708.233923 
C:\ct2_P2P3\Non-HCC\754bea2b\CRTARFTJ\JXSFMZ1H/I9800000,152439,152639,152708.233923 ,152708.233923 
C:\ct2_P2P3\Non-HCC\754bea2b\CRTARFTJ\JXSFMZ1H/I9700000,152439,152639,152708.233923 ,152708.233923 
C:\ct2_P2P3\Non-HCC\754bea2b\CRTARFTJ\JXSFMZ1H/I9600000,152439,152639,152708.233923 ,152708.233923 
C:\ct2_P2P3\Non-HCC\754bea2b\CRTARFTJ\JXSFMZ1H/I9500000,152439,152639,152708.233923 ,152708.233923 
C:\ct2_P2P3\Non-HCC\754bea2b\CRTARFTJ\JXSFMZ1H/I9400000,152439,152639,152708.233923 ,152708.233923 
C:\ct2_P2P3\Non-HCC\754bea2b\CRTARFTJ\JXSFMZ1H/I9300000,152439,152639,152708.233923 ,152708.233923 
C:\ct2_P2P3\Non-HCC\754bea2b\CRTARFTJ\JXSFMZ1H/I9200000,152439,152639,152708.233923 ,152708.233923 
C:\ct2_P2P3\Non-HCC\754bea2b\CRTARFTJ\JXSFMZ1H/I9100000,152439,152639,152708.233923 ,152708.233923 
C:\ct2_P2P3\Non-HCC\754bea2b\CRTARFTJ\JXSFMZ1H/I9000001,152439,152639,152708.233923 ,152708.233923 
C:\ct2_P2P3\Non-HCC\754bea2b\CRTARFTJ\JXSFMZ1H/I8900000,152439,152639,152708.233923 ,152708.233923 
C:\ct2_P2P3\Non-HCC\754bea2b\CRTARFTJ\JXSFMZ1H/I8800000,152439,152639,152708.233923 ,152708.233923 
C:\ct2_P2P3\Non-HCC\754bea2b\CRTARFTJ\JXSFMZ1H/I8700000,152439,152639,152708.233923 ,152708.233923 
C:\ct2_P2P3\Non-HCC\754bea2b\CRTARFTJ\JXSFMZ1H/I8600000,152439,152639,152708.233923 ,152708.233923 
C:\ct2_P2P3\Non-HCC\754bea2b\CRTARFTJ\JXSFMZ1H/I8500000,152439,152639,152708.233923 ,152708.233923 
C:\ct2_P2P3\Non-HCC\754bea2b\CRTARFTJ\JXSFMZ1H/I8400000,152439,152639,152708.233923 ,152708.233923 
C:\ct2_P2P3\Non-HCC\754bea2b\CRTARFTJ\JXSFMZ1H/I8300000,152439,152639,152708.233923 ,152708.233923 
C:\ct2_P2P3\Non-HCC\754bea2b\CRTARFTJ\JXSFMZ1H/I8200000,152439,152639,152708.233923 ,152708.233923 
C:\ct2_P2P3\Non-HCC\754bea2b\CRTARFTJ\JXSFMZ1H/I8100000,152439,152639,152708.233923 ,152708.233923 
C:\ct2_P2P3\Non-HCC\754bea2b\CRTARFTJ\JXSFMZ1H/I8000001,152439,152639,152708.233923 ,152708.233923 
C:\ct2_P2P3\Non-HCC\754bea2b\CRTARFTJ\JXSFMZ1H/I7900000,152439,152639,152708.233923 ,152708.233923 
C:\ct2_P2P3\Non-HCC\754bea2b\CRTARFTJ\JXSFMZ1H/I7800000,152439,152639,152708.233923 ,152708.233923 
C:\ct2_P2P3\Non-HCC\754bea2b\CRTARFTJ\JXSFMZ1H/I7700000,152439,152639,152708.233923 ,152708.233923 
C:\ct2_P2P3\Non-HCC\754bea2b\CRTARFTJ\JXSFMZ1H/I7600000,152439,152639,152708.233923 ,152708.233923 
C:\ct2_P2P3\Non-HCC\754bea2b\CRTARFTJ\JXSFMZ1H/I7500000,152439,152639,152708.233923 ,152708.233923 
C:\ct2_P2P3\Non-HCC\754bea2b\CRTARFTJ\JXSFMZ1H/I7400000,152439,152639,152708.233923 ,152708.233923 
C:\ct2_P2P3\Non-HCC\754bea2b\CRTARFTJ\JXSFMZ1H/I7300000,152439,152639,152708.233923 ,152708.233923 
C:\ct2_P2P3\Non-HCC\754bea2b\CRTARFTJ\JXSFMZ1H/I7200000,152439,152639,152708.233923 ,152708.233923 
C:\ct2_P2P3\Non-HCC\754bea2b\CRTARFTJ\JXSFMZ1H/I7100000,152439,152639,152708.233923 ,152708.233923 
C:\ct2_P2P3\Non-HCC\754bea2b\CRTARFTJ\JXSFMZ1H/I7000001,152439,152639,152708.233923 ,152708.233923 
C:\ct2_P2P3\Non-HCC\754bea2b\CRTARFTJ\JXSFMZ1H/I6900000,152439,152639,152708.233923 ,152708.233923 
C:\ct2_P2P3\Non-HCC\754bea2b\CRTARFTJ\JXSFMZ1H/I6800000,152439,152639,152708.233923 ,152708.233923 
C:\ct2_P2P3\Non-HCC\754bea2b\CRTARFTJ\JXSFMZ1H/I6700000,152439,152639,152708.233923 ,152708.233923 
C:\ct2_P2P3\Non-HCC\754bea2b\CRTARFTJ\JXSFMZ1H/I6600000,152439,152639,152708.233923 ,152708.233923 
C:\ct2_P2P3\Non-HCC\754bea2b\CRTARFTJ\JXSFMZ1H/I6500000,152439,152639,152708.233923 ,152708.233923 
C:\ct2_P2P3\Non-HCC\754bea2b\CRTARFTJ\JXSFMZ1H/I6400000,152439,152639,152708.233923 ,152708.233923 
C:\ct2_P2P3\Non-HCC\754bea2b\CRTARFTJ\JXSFMZ1H/I6300000,152439,152639,152708.233923 ,152708.233923 
C:\ct2_P2P3\Non-HCC\754bea2b\CRTARFTJ\JXSFMZ1H/I6200000,152439,152639,152708.233923 ,152708.233923 
C:\ct2_P2P3\Non-HCC\754bea2b\CRTARFTJ\JXSFMZ1H/I6100000,152439,152639,152708.233923 ,152708.233923 
C:\ct2_P2P3\Non-HCC\754bea2b\CRTARFTJ\JXSFMZ1H/I6000001,152439,152639,152708.233923 ,152708.233923 
C:\ct2_P2P3\Non-HCC\754bea2b\CRTARFTJ\JXSFMZ1H/I5900000,152439,152639,152708.233923 ,152708.233923 
C:\ct2_P2P3\Non-HCC\754bea2b\CRTARFTJ\JXSFMZ1H/I5800000,152439,152639,152708.233923 ,152708.233923 
C:\ct2_P2P3\Non-HCC\754bea2b\CRTARFTJ\JXSFMZ1H/I5700000,152439,152639,152708.233923 ,152708.233923 
C:\ct2_P2P3\Non-HCC\754bea2b\CRTARFTJ\JXSFMZ1H/I5600000,152439,152639,152708.233923 ,152708.233923 
C:\ct2_P2P3\Non-HCC\754bea2b\CRTARFTJ\JXSFMZ1H/I5500000,152439,152639,152708.233923 ,152708.233923 
C:\ct2_P2P3\Non-HCC\754bea2b\CRTARFTJ\JXSFMZ1H/I5400000,152439,152639,152708.233923 ,152708.233923 
C:\ct2_P2P3\Non-HCC\754bea2b\CRTARFTJ\JXSFMZ1H/I5300000,152439,152639,152708.233923 ,152708.233923 
C:\ct2_P2P3\Non-HCC\754bea2b\CRTARFTJ\JXSFMZ1H/I5200000,152439,152639,152708.233923 ,152708.233923 
C:\ct2_P2P3\Non-HCC\754bea2b\CRTARFTJ\JXSFMZ1H/I5100000,152439,152639,152708.233923 ,152708.233923 
C:\ct2_P2P3\Non-HCC\754bea2b\CRTARFTJ\JXSFMZ1H/I5000001,152439,152639,152708.233923 ,152708.233923 
C:\ct2_P2P3\Non-HCC\754bea2b\CRTARFTJ\JXSFMZ1H/I4900000,152439,152639,152708.233923 ,152708.233923 
C:\ct2_P2P3\Non-HCC\754bea2b\CRTARFTJ\JXSFMZ1H/I4800000,152439,152639,152708.233923 ,152708.233923 
C:\ct2_P2P3\Non-HCC\754bea2b\CRTARFTJ\JXSFMZ1H/I4700000,152439,152639,152708.233923 ,152708.233923 
C:\ct2_P2P3\Non-HCC\754bea2b\CRTARFTJ\JXSFMZ1H/I4600000,152439,152639,152708.233923 ,152708.233923 
C:\ct2_P2P3\Non-HCC\754bea2b\CRTARFTJ\JXSFMZ1H/I4500000,152439,152639,152708.233923 ,152708.233923 
C:\ct2_P2P3\Non-HCC\754bea2b\CRTARFTJ\JXSFMZ1H/I4400000,152439,152639,152708.233923 ,152708.233923 
C:\ct2_P2P3\Non-HCC\754bea2b\CRTARFTJ\JXSFMZ1H/I4300000,152439,152639,152708.233923 ,152708.233923 
C:\ct2_P2P3\Non-HCC\754bea2b\CRTARFTJ\JXSFMZ1H/I4200000,152439,152639,152708.233923 ,152708.233923 
C:\ct2_P2P3\Non-HCC\754bea2b\CRTARFTJ\JXSFMZ1H/I4100000,152439,152639,152708.233923 ,152708.233923 
C:\ct2_P2P3\Non-HCC\754bea2b\CRTARFTJ\JXSFMZ1H/I4000001,152439,152639,152708.233923 ,152708.233923 
C:\ct2_P2P3\Non-HCC\754bea2b\CRTARFTJ\JXSFMZ1H/I3900000,152439,152639,152708.233923 ,152708.233923 
C:\ct2_P2P3\Non-HCC\754bea2b\CRTARFTJ\JXSFMZ1H/I3800000,152439,152639,152708.233923 ,152708.233923 
C:\ct2_P2P3\Non-HCC\754bea2b\CRTARFTJ\JXSFMZ1H/I3700000,152439,152639,152708.233923 ,152708.233923 
C:\ct2_P2P3\Non-HCC\754bea2b\CRTARFTJ\JXSFMZ1H/I3600000,152439,152639,152708.233923 ,152708.233923 
C:\ct2_P2P3\Non-HCC\754bea2b\CRTARFTJ\JXSFMZ1H/I3500000,152439,152639,152708.233923 ,152708.233923 
C:\ct2_P2P3\Non-HCC\754bea2b\CRTARFTJ\JXSFMZ1H/I3400000,152439,152639,152708.233923 ,152708.233923 
C:\ct2_P2P3\Non-HCC\754bea2b\CRTARFTJ\JXSFMZ1H/I3300000,152439,152639,152708.233923 ,152708.233923 
C:\ct2_P2P3\Non-HCC\754bea2b\CRTARFTJ\JXSFMZ1H/I3200000,152439,152639,152708.233923 ,152708.233923 
C:\ct2_P2P3\Non-HCC\754bea2b\CRTARFTJ\JXSFMZ1H/I3100000,152439,152639,152708.233923 ,152708.233923 
C:\ct2_P2P3\Non-HCC\754bea2b\CRTARFTJ\JXSFMZ1H/I3000001,152439,152639,152708.233923 ,152708.233923 
C:\ct2_P2P3\Non-HCC\754bea2b\CRTARFTJ\JXSFMZ1H/I2900000,152439,152639,152708.233923 ,152708.233923 
C:\ct2_P2P3\Non-HCC\754bea2b\CRTARFTJ\JXSFMZ1H/I2800000,152439,152639,152708.233923 ,152708.233923 
C:\ct2_P2P3\Non-HCC\754bea2b\CRTARFTJ\JXSFMZ1H/I2700000,152439,152639,152708.233923 ,152708.233923 
C:\ct2_P2P3\Non-HCC\754bea2b\CRTARFTJ\JXSFMZ1H/I2600000,152439,152639,152708.233923 ,152708.233923 
C:\ct2_P2P3\Non-HCC\754bea2b\CRTARFTJ\JXSFMZ1H/I2500000,152439,152639,152708.233923 ,152708.233923 
C:\ct2_P2P3\Non-HCC\754bea2b\CRTARFTJ\JXSFMZ1H/I2400000,152439,152639,152708.233923 ,152708.233923 
C:\ct2_P2P3\Non-HCC\754bea2b\CRTARFTJ\JXSFMZ1H/I2300000,152439,152639,152708.233923 ,152708.233923 
C:\ct2_P2P3\Non-HCC\754bea2b\CRTARFTJ\JXSFMZ1H/I2200000,152439,152639,152708.233923 ,152708.233923 
C:\ct2_P2P3\Non-HCC\754bea2b\CRTARFTJ\JXSFMZ1H/I2100000,152439,152639,152708.233923 ,152708.233923 
C:\ct2_P2P3\Non-HCC\754bea2b\CRTARFTJ\JXSFMZ1H/I2000001,152439,152639,152708.233923 ,152708.233923 
C:\ct2_P2P3\Non-HCC\754bea2b\CRTARFTJ\JXSFMZ1H/I1900000,152439,152639,152708.233923 ,152708.233923 
C:\ct2_P2P3\Non-HCC\754bea2b\CRTARFTJ\JXSFMZ1H/I1800000,152439,152639,152708.233923 ,152708.233923 
C:\ct2_P2P3\Non-HCC\754bea2b\CRTARFTJ\JXSFMZ1H/I1700000,152439,152639,152708.233923 ,152708.233923 
C:\ct2_P2P3\Non-HCC\754bea2b\CRTARFTJ\JXSFMZ1H/I1600000,152439,152639,152708.233923 ,152708.233923 
C:\ct2_P2P3\Non-HCC\754bea2b\CRTARFTJ\JXSFMZ1H/I1500000,152439,152639,152708.233923 ,152708.233923 
C:\ct2_P2P3\Non-HCC\754bea2b\CRTARFTJ\JXSFMZ1H/I1400000,152439,152639,152708.233923 ,152708.233923 
C:\ct2_P2P3\Non-HCC\754bea2b\CRTARFTJ\JXSFMZ1H/I1300000,152439,152639,152708.233923 ,152708.233923 
C:\ct2_P2P3\Non-HCC\754bea2b\CRTARFTJ\JXSFMZ1H/I1200000,152439,152639,152708.233923 ,152708.233923 
C:\ct2_P2P3\Non-HCC\754bea2b\CRTARFTJ\JXSFMZ1H/I1100000,152439,152639,152708.233923 ,152708.233923 
C:\ct2_P2P3\Non-HCC\754bea2b\CRTARFTJ\JXSFMZ1H/I1000001,152439,152639,152708.233923 ,152708.233923 
C:\ct2_P2P3\Non-HCC\754bea2b\CRTARFTJ\JXSFMZ1H/I9000000,152439,152639,152708.233923 ,152708.233923 
C:\ct2_P2P3\Non-HCC\754bea2b\CRTARFTJ\JXSFMZ1H/I8000000,152439,152639,152708.233923 ,152708.233923 
C:\ct2_P2P3\Non-HCC\754bea2b\CRTARFTJ\JXSFMZ1H/I7000000,152439,152639,152708.233923 ,152708.233923 
C:\ct2_P2P3\Non-HCC\754bea2b\CRTARFTJ\JXSFMZ1H/I6000000,152439,152639,152708.233923 ,152708.233923 
C:\ct2_P2P3\Non-HCC\754bea2b\CRTARFTJ\JXSFMZ1H/I5000000,152439,152639,152708.233923 ,152708.233923 
C:\ct2_P2P3\Non-HCC\754bea2b\CRTARFTJ\JXSFMZ1H/I4000000,152439,152639,152708.233923 ,152708.233923 
C:\ct2_P2P3\Non-HCC\754bea2b\CRTARFTJ\JXSFMZ1H/I3000000,152439,152639,152708.233923 ,152708.233923 
C:\ct2_P2P3\Non-HCC\754bea2b\CRTARFTJ\JXSFMZ1H/I2000000,152439,152639,152708.233923 ,152708.233923 
C:\ct2_P2P3\Non-HCC\754bea2b\CRTARFTJ\JXSFMZ1H/I1000000,152439,152639,152708.233923 ,152708.233923 
