0008|0030,0008|0031,0008|0032,0008|0033,
C:\ct2_P2P3\Non-HCC\a485efe7\JLDORFTL\ALOKLMA3/I2910000,145331,145430,145519.446875 ,145519.446875 
C:\ct2_P2P3\Non-HCC\a485efe7\JLDORFTL\ALOKLMA3/I2900001,145331,145430,145519.446875 ,145519.446875 
C:\ct2_P2P3\Non-HCC\a485efe7\JLDORFTL\ALOKLMA3/I2890000,145331,145430,145519.446875 ,145519.446875 
C:\ct2_P2P3\Non-HCC\a485efe7\JLDORFTL\ALOKLMA3/I2880000,145331,145430,145519.446875 ,145519.446875 
C:\ct2_P2P3\Non-HCC\a485efe7\JLDORFTL\ALOKLMA3/I2870000,145331,145430,145519.446875 ,145519.446875 
C:\ct2_P2P3\Non-HCC\a485efe7\JLDORFTL\ALOKLMA3/I2860000,145331,145430,145519.446875 ,145519.446875 
C:\ct2_P2P3\Non-HCC\a485efe7\JLDORFTL\ALOKLMA3/I2850000,145331,145430,145519.446875 ,145519.446875 
C:\ct2_P2P3\Non-HCC\a485efe7\JLDORFTL\ALOKLMA3/I2840000,145331,145430,145519.446875 ,145519.446875 
C:\ct2_P2P3\Non-HCC\a485efe7\JLDORFTL\ALOKLMA3/I2830000,145331,145430,145519.446875 ,145519.446875 
C:\ct2_P2P3\Non-HCC\a485efe7\JLDORFTL\ALOKLMA3/I2820000,145331,145430,145519.446875 ,145519.446875 
C:\ct2_P2P3\Non-HCC\a485efe7\JLDORFTL\ALOKLMA3/I2810000,145331,145430,145519.446875 ,145519.446875 
C:\ct2_P2P3\Non-HCC\a485efe7\JLDORFTL\ALOKLMA3/I2800001,145331,145430,145519.446875 ,145519.446875 
C:\ct2_P2P3\Non-HCC\a485efe7\JLDORFTL\ALOKLMA3/I2790000,145331,145430,145519.446875 ,145519.446875 
C:\ct2_P2P3\Non-HCC\a485efe7\JLDORFTL\ALOKLMA3/I2780000,145331,145430,145519.446875 ,145519.446875 
C:\ct2_P2P3\Non-HCC\a485efe7\JLDORFTL\ALOKLMA3/I2770000,145331,145430,145519.446875 ,145519.446875 
C:\ct2_P2P3\Non-HCC\a485efe7\JLDORFTL\ALOKLMA3/I2760000,145331,145430,145519.446875 ,145519.446875 
C:\ct2_P2P3\Non-HCC\a485efe7\JLDORFTL\ALOKLMA3/I2750000,145331,145430,145519.446875 ,145519.446875 
C:\ct2_P2P3\Non-HCC\a485efe7\JLDORFTL\ALOKLMA3/I2740000,145331,145430,145519.446875 ,145519.446875 
C:\ct2_P2P3\Non-HCC\a485efe7\JLDORFTL\ALOKLMA3/I2730000,145331,145430,145519.446875 ,145519.446875 
C:\ct2_P2P3\Non-HCC\a485efe7\JLDORFTL\ALOKLMA3/I2720000,145331,145430,145519.446875 ,145519.446875 
C:\ct2_P2P3\Non-HCC\a485efe7\JLDORFTL\ALOKLMA3/I2710000,145331,145430,145519.446875 ,145519.446875 
C:\ct2_P2P3\Non-HCC\a485efe7\JLDORFTL\ALOKLMA3/I2700001,145331,145430,145519.446875 ,145519.446875 
C:\ct2_P2P3\Non-HCC\a485efe7\JLDORFTL\ALOKLMA3/I2690000,145331,145430,145519.446875 ,145519.446875 
C:\ct2_P2P3\Non-HCC\a485efe7\JLDORFTL\ALOKLMA3/I2680000,145331,145430,145519.446875 ,145519.446875 
C:\ct2_P2P3\Non-HCC\a485efe7\JLDORFTL\ALOKLMA3/I2670000,145331,145430,145519.446875 ,145519.446875 
C:\ct2_P2P3\Non-HCC\a485efe7\JLDORFTL\ALOKLMA3/I2660000,145331,145430,145519.446875 ,145519.446875 
C:\ct2_P2P3\Non-HCC\a485efe7\JLDORFTL\ALOKLMA3/I2650000,145331,145430,145519.446875 ,145519.446875 
C:\ct2_P2P3\Non-HCC\a485efe7\JLDORFTL\ALOKLMA3/I2640000,145331,145430,145519.446875 ,145519.446875 
C:\ct2_P2P3\Non-HCC\a485efe7\JLDORFTL\ALOKLMA3/I2630000,145331,145430,145519.446875 ,145519.446875 
C:\ct2_P2P3\Non-HCC\a485efe7\JLDORFTL\ALOKLMA3/I2620000,145331,145430,145519.446875 ,145519.446875 
C:\ct2_P2P3\Non-HCC\a485efe7\JLDORFTL\ALOKLMA3/I2610000,145331,145430,145519.446875 ,145519.446875 
C:\ct2_P2P3\Non-HCC\a485efe7\JLDORFTL\ALOKLMA3/I2600001,145331,145430,145519.446875 ,145519.446875 
C:\ct2_P2P3\Non-HCC\a485efe7\JLDORFTL\ALOKLMA3/I2590000,145331,145430,145519.446875 ,145519.446875 
C:\ct2_P2P3\Non-HCC\a485efe7\JLDORFTL\ALOKLMA3/I2580000,145331,145430,145519.446875 ,145519.446875 
C:\ct2_P2P3\Non-HCC\a485efe7\JLDORFTL\ALOKLMA3/I2570000,145331,145430,145519.446875 ,145519.446875 
C:\ct2_P2P3\Non-HCC\a485efe7\JLDORFTL\ALOKLMA3/I2560000,145331,145430,145519.446875 ,145519.446875 
C:\ct2_P2P3\Non-HCC\a485efe7\JLDORFTL\ALOKLMA3/I2550000,145331,145430,145519.446875 ,145519.446875 
C:\ct2_P2P3\Non-HCC\a485efe7\JLDORFTL\ALOKLMA3/I2540000,145331,145430,145519.446875 ,145519.446875 
C:\ct2_P2P3\Non-HCC\a485efe7\JLDORFTL\ALOKLMA3/I2530000,145331,145430,145519.446875 ,145519.446875 
C:\ct2_P2P3\Non-HCC\a485efe7\JLDORFTL\ALOKLMA3/I2520000,145331,145430,145519.446875 ,145519.446875 
C:\ct2_P2P3\Non-HCC\a485efe7\JLDORFTL\ALOKLMA3/I2510000,145331,145430,145519.446875 ,145519.446875 
C:\ct2_P2P3\Non-HCC\a485efe7\JLDORFTL\ALOKLMA3/I2500001,145331,145430,145519.446875 ,145519.446875 
C:\ct2_P2P3\Non-HCC\a485efe7\JLDORFTL\ALOKLMA3/I2490000,145331,145430,145519.446875 ,145519.446875 
C:\ct2_P2P3\Non-HCC\a485efe7\JLDORFTL\ALOKLMA3/I2480000,145331,145430,145519.446875 ,145519.446875 
C:\ct2_P2P3\Non-HCC\a485efe7\JLDORFTL\ALOKLMA3/I2470000,145331,145430,145519.446875 ,145519.446875 
C:\ct2_P2P3\Non-HCC\a485efe7\JLDORFTL\ALOKLMA3/I2460000,145331,145430,145519.446875 ,145519.446875 
C:\ct2_P2P3\Non-HCC\a485efe7\JLDORFTL\ALOKLMA3/I2450000,145331,145430,145519.446875 ,145519.446875 
C:\ct2_P2P3\Non-HCC\a485efe7\JLDORFTL\ALOKLMA3/I2440000,145331,145430,145519.446875 ,145519.446875 
C:\ct2_P2P3\Non-HCC\a485efe7\JLDORFTL\ALOKLMA3/I2430000,145331,145430,145519.446875 ,145519.446875 
C:\ct2_P2P3\Non-HCC\a485efe7\JLDORFTL\ALOKLMA3/I2420000,145331,145430,145519.446875 ,145519.446875 
C:\ct2_P2P3\Non-HCC\a485efe7\JLDORFTL\ALOKLMA3/I2410000,145331,145430,145519.446875 ,145519.446875 
C:\ct2_P2P3\Non-HCC\a485efe7\JLDORFTL\ALOKLMA3/I2400001,145331,145430,145519.446875 ,145519.446875 
C:\ct2_P2P3\Non-HCC\a485efe7\JLDORFTL\ALOKLMA3/I2390000,145331,145430,145519.446875 ,145519.446875 
C:\ct2_P2P3\Non-HCC\a485efe7\JLDORFTL\ALOKLMA3/I2380000,145331,145430,145519.446875 ,145519.446875 
C:\ct2_P2P3\Non-HCC\a485efe7\JLDORFTL\ALOKLMA3/I2370000,145331,145430,145519.446875 ,145519.446875 
C:\ct2_P2P3\Non-HCC\a485efe7\JLDORFTL\ALOKLMA3/I2360000,145331,145430,145519.446875 ,145519.446875 
C:\ct2_P2P3\Non-HCC\a485efe7\JLDORFTL\ALOKLMA3/I2350000,145331,145430,145519.446875 ,145519.446875 
C:\ct2_P2P3\Non-HCC\a485efe7\JLDORFTL\ALOKLMA3/I2340000,145331,145430,145519.446875 ,145519.446875 
C:\ct2_P2P3\Non-HCC\a485efe7\JLDORFTL\ALOKLMA3/I2330000,145331,145430,145519.446875 ,145519.446875 
C:\ct2_P2P3\Non-HCC\a485efe7\JLDORFTL\ALOKLMA3/I2320000,145331,145430,145519.446875 ,145519.446875 
C:\ct2_P2P3\Non-HCC\a485efe7\JLDORFTL\ALOKLMA3/I2310000,145331,145430,145519.446875 ,145519.446875 
C:\ct2_P2P3\Non-HCC\a485efe7\JLDORFTL\ALOKLMA3/I2300001,145331,145430,145519.446875 ,145519.446875 
C:\ct2_P2P3\Non-HCC\a485efe7\JLDORFTL\ALOKLMA3/I2290000,145331,145430,145519.446875 ,145519.446875 
C:\ct2_P2P3\Non-HCC\a485efe7\JLDORFTL\ALOKLMA3/I2280000,145331,145430,145519.446875 ,145519.446875 
C:\ct2_P2P3\Non-HCC\a485efe7\JLDORFTL\ALOKLMA3/I2270000,145331,145430,145519.446875 ,145519.446875 
C:\ct2_P2P3\Non-HCC\a485efe7\JLDORFTL\ALOKLMA3/I2260000,145331,145430,145519.446875 ,145519.446875 
C:\ct2_P2P3\Non-HCC\a485efe7\JLDORFTL\ALOKLMA3/I2250000,145331,145430,145519.446875 ,145519.446875 
C:\ct2_P2P3\Non-HCC\a485efe7\JLDORFTL\ALOKLMA3/I2240000,145331,145430,145519.446875 ,145519.446875 
C:\ct2_P2P3\Non-HCC\a485efe7\JLDORFTL\ALOKLMA3/I2230000,145331,145430,145519.446875 ,145519.446875 
C:\ct2_P2P3\Non-HCC\a485efe7\JLDORFTL\ALOKLMA3/I2220000,145331,145430,145519.446875 ,145519.446875 
C:\ct2_P2P3\Non-HCC\a485efe7\JLDORFTL\ALOKLMA3/I2210000,145331,145430,145519.446875 ,145519.446875 
C:\ct2_P2P3\Non-HCC\a485efe7\JLDORFTL\ALOKLMA3/I2200001,145331,145430,145519.446875 ,145519.446875 
C:\ct2_P2P3\Non-HCC\a485efe7\JLDORFTL\ALOKLMA3/I2190000,145331,145430,145519.446875 ,145519.446875 
C:\ct2_P2P3\Non-HCC\a485efe7\JLDORFTL\ALOKLMA3/I2180000,145331,145430,145519.446875 ,145519.446875 
C:\ct2_P2P3\Non-HCC\a485efe7\JLDORFTL\ALOKLMA3/I2170000,145331,145430,145519.446875 ,145519.446875 
C:\ct2_P2P3\Non-HCC\a485efe7\JLDORFTL\ALOKLMA3/I2160000,145331,145430,145519.446875 ,145519.446875 
C:\ct2_P2P3\Non-HCC\a485efe7\JLDORFTL\ALOKLMA3/I2150000,145331,145430,145519.446875 ,145519.446875 
C:\ct2_P2P3\Non-HCC\a485efe7\JLDORFTL\ALOKLMA3/I2140000,145331,145430,145519.446875 ,145519.446875 
C:\ct2_P2P3\Non-HCC\a485efe7\JLDORFTL\ALOKLMA3/I2130000,145331,145430,145519.446875 ,145519.446875 
C:\ct2_P2P3\Non-HCC\a485efe7\JLDORFTL\ALOKLMA3/I2120000,145331,145430,145519.446875 ,145519.446875 
C:\ct2_P2P3\Non-HCC\a485efe7\JLDORFTL\ALOKLMA3/I2110000,145331,145430,145519.446875 ,145519.446875 
C:\ct2_P2P3\Non-HCC\a485efe7\JLDORFTL\ALOKLMA3/I2100001,145331,145430,145519.446875 ,145519.446875 
C:\ct2_P2P3\Non-HCC\a485efe7\JLDORFTL\ALOKLMA3/I2090000,145331,145430,145519.446875 ,145519.446875 
C:\ct2_P2P3\Non-HCC\a485efe7\JLDORFTL\ALOKLMA3/I2080000,145331,145430,145519.446875 ,145519.446875 
C:\ct2_P2P3\Non-HCC\a485efe7\JLDORFTL\ALOKLMA3/I2070000,145331,145430,145519.446875 ,145519.446875 
C:\ct2_P2P3\Non-HCC\a485efe7\JLDORFTL\ALOKLMA3/I2060000,145331,145430,145519.446875 ,145519.446875 
C:\ct2_P2P3\Non-HCC\a485efe7\JLDORFTL\ALOKLMA3/I2050000,145331,145430,145519.446875 ,145519.446875 
C:\ct2_P2P3\Non-HCC\a485efe7\JLDORFTL\ALOKLMA3/I2040000,145331,145430,145519.446875 ,145519.446875 
C:\ct2_P2P3\Non-HCC\a485efe7\JLDORFTL\ALOKLMA3/I2030000,145331,145430,145519.446875 ,145519.446875 
C:\ct2_P2P3\Non-HCC\a485efe7\JLDORFTL\ALOKLMA3/I2020000,145331,145430,145519.446875 ,145519.446875 
C:\ct2_P2P3\Non-HCC\a485efe7\JLDORFTL\ALOKLMA3/I2010000,145331,145430,145519.446875 ,145519.446875 
C:\ct2_P2P3\Non-HCC\a485efe7\JLDORFTL\ALOKLMA3/I2000002,145331,145430,145519.446875 ,145519.446875 
C:\ct2_P2P3\Non-HCC\a485efe7\JLDORFTL\ALOKLMA3/I1990000,145331,145430,145519.446875 ,145519.446875 
C:\ct2_P2P3\Non-HCC\a485efe7\JLDORFTL\ALOKLMA3/I1980000,145331,145430,145519.446875 ,145519.446875 
C:\ct2_P2P3\Non-HCC\a485efe7\JLDORFTL\ALOKLMA3/I1970000,145331,145430,145519.446875 ,145519.446875 
C:\ct2_P2P3\Non-HCC\a485efe7\JLDORFTL\ALOKLMA3/I1960000,145331,145430,145519.446875 ,145519.446875 
C:\ct2_P2P3\Non-HCC\a485efe7\JLDORFTL\ALOKLMA3/I1950000,145331,145430,145519.446875 ,145519.446875 
C:\ct2_P2P3\Non-HCC\a485efe7\JLDORFTL\ALOKLMA3/I1940000,145331,145430,145519.446875 ,145519.446875 
C:\ct2_P2P3\Non-HCC\a485efe7\JLDORFTL\ALOKLMA3/I1930000,145331,145430,145519.446875 ,145519.446875 
C:\ct2_P2P3\Non-HCC\a485efe7\JLDORFTL\ALOKLMA3/I1920000,145331,145430,145519.446875 ,145519.446875 
C:\ct2_P2P3\Non-HCC\a485efe7\JLDORFTL\ALOKLMA3/I1910000,145331,145430,145519.446875 ,145519.446875 
C:\ct2_P2P3\Non-HCC\a485efe7\JLDORFTL\ALOKLMA3/I1900001,145331,145430,145519.446875 ,145519.446875 
C:\ct2_P2P3\Non-HCC\a485efe7\JLDORFTL\ALOKLMA3/I1890000,145331,145430,145519.446875 ,145519.446875 
C:\ct2_P2P3\Non-HCC\a485efe7\JLDORFTL\ALOKLMA3/I1880000,145331,145430,145519.446875 ,145519.446875 
C:\ct2_P2P3\Non-HCC\a485efe7\JLDORFTL\ALOKLMA3/I1870000,145331,145430,145519.446875 ,145519.446875 
C:\ct2_P2P3\Non-HCC\a485efe7\JLDORFTL\ALOKLMA3/I1860000,145331,145430,145519.446875 ,145519.446875 
C:\ct2_P2P3\Non-HCC\a485efe7\JLDORFTL\ALOKLMA3/I1850000,145331,145430,145519.446875 ,145519.446875 
C:\ct2_P2P3\Non-HCC\a485efe7\JLDORFTL\ALOKLMA3/I1840000,145331,145430,145519.446875 ,145519.446875 
C:\ct2_P2P3\Non-HCC\a485efe7\JLDORFTL\ALOKLMA3/I1830000,145331,145430,145519.446875 ,145519.446875 
C:\ct2_P2P3\Non-HCC\a485efe7\JLDORFTL\ALOKLMA3/I1820000,145331,145430,145519.446875 ,145519.446875 
C:\ct2_P2P3\Non-HCC\a485efe7\JLDORFTL\ALOKLMA3/I1810000,145331,145430,145519.446875 ,145519.446875 
C:\ct2_P2P3\Non-HCC\a485efe7\JLDORFTL\ALOKLMA3/I1800001,145331,145430,145519.446875 ,145519.446875 
C:\ct2_P2P3\Non-HCC\a485efe7\JLDORFTL\ALOKLMA3/I1790000,145331,145430,145519.446875 ,145519.446875 
C:\ct2_P2P3\Non-HCC\a485efe7\JLDORFTL\ALOKLMA3/I1780000,145331,145430,145519.446875 ,145519.446875 
C:\ct2_P2P3\Non-HCC\a485efe7\JLDORFTL\ALOKLMA3/I1770000,145331,145430,145519.446875 ,145519.446875 
C:\ct2_P2P3\Non-HCC\a485efe7\JLDORFTL\ALOKLMA3/I1760000,145331,145430,145519.446875 ,145519.446875 
C:\ct2_P2P3\Non-HCC\a485efe7\JLDORFTL\ALOKLMA3/I1750000,145331,145430,145519.446875 ,145519.446875 
C:\ct2_P2P3\Non-HCC\a485efe7\JLDORFTL\ALOKLMA3/I1740000,145331,145430,145519.446875 ,145519.446875 
C:\ct2_P2P3\Non-HCC\a485efe7\JLDORFTL\ALOKLMA3/I1730000,145331,145430,145519.446875 ,145519.446875 
C:\ct2_P2P3\Non-HCC\a485efe7\JLDORFTL\ALOKLMA3/I1720000,145331,145430,145519.446875 ,145519.446875 
C:\ct2_P2P3\Non-HCC\a485efe7\JLDORFTL\ALOKLMA3/I1710000,145331,145430,145519.446875 ,145519.446875 
C:\ct2_P2P3\Non-HCC\a485efe7\JLDORFTL\ALOKLMA3/I1700001,145331,145430,145519.446875 ,145519.446875 
C:\ct2_P2P3\Non-HCC\a485efe7\JLDORFTL\ALOKLMA3/I1690000,145331,145430,145519.446875 ,145519.446875 
C:\ct2_P2P3\Non-HCC\a485efe7\JLDORFTL\ALOKLMA3/I1680000,145331,145430,145519.446875 ,145519.446875 
C:\ct2_P2P3\Non-HCC\a485efe7\JLDORFTL\ALOKLMA3/I1670000,145331,145430,145519.446875 ,145519.446875 
C:\ct2_P2P3\Non-HCC\a485efe7\JLDORFTL\ALOKLMA3/I1660000,145331,145430,145519.446875 ,145519.446875 
C:\ct2_P2P3\Non-HCC\a485efe7\JLDORFTL\ALOKLMA3/I1650000,145331,145430,145519.446875 ,145519.446875 
C:\ct2_P2P3\Non-HCC\a485efe7\JLDORFTL\ALOKLMA3/I1640000,145331,145430,145519.446875 ,145519.446875 
C:\ct2_P2P3\Non-HCC\a485efe7\JLDORFTL\ALOKLMA3/I1630000,145331,145430,145519.446875 ,145519.446875 
C:\ct2_P2P3\Non-HCC\a485efe7\JLDORFTL\ALOKLMA3/I1620000,145331,145430,145519.446875 ,145519.446875 
C:\ct2_P2P3\Non-HCC\a485efe7\JLDORFTL\ALOKLMA3/I1610000,145331,145430,145519.446875 ,145519.446875 
C:\ct2_P2P3\Non-HCC\a485efe7\JLDORFTL\ALOKLMA3/I1600001,145331,145430,145519.446875 ,145519.446875 
C:\ct2_P2P3\Non-HCC\a485efe7\JLDORFTL\ALOKLMA3/I1590000,145331,145430,145519.446875 ,145519.446875 
C:\ct2_P2P3\Non-HCC\a485efe7\JLDORFTL\ALOKLMA3/I1580000,145331,145430,145519.446875 ,145519.446875 
C:\ct2_P2P3\Non-HCC\a485efe7\JLDORFTL\ALOKLMA3/I1570000,145331,145430,145519.446875 ,145519.446875 
C:\ct2_P2P3\Non-HCC\a485efe7\JLDORFTL\ALOKLMA3/I1560000,145331,145430,145519.446875 ,145519.446875 
C:\ct2_P2P3\Non-HCC\a485efe7\JLDORFTL\ALOKLMA3/I1550000,145331,145430,145519.446875 ,145519.446875 
C:\ct2_P2P3\Non-HCC\a485efe7\JLDORFTL\ALOKLMA3/I1540000,145331,145430,145519.446875 ,145519.446875 
C:\ct2_P2P3\Non-HCC\a485efe7\JLDORFTL\ALOKLMA3/I1530000,145331,145430,145519.446875 ,145519.446875 
C:\ct2_P2P3\Non-HCC\a485efe7\JLDORFTL\ALOKLMA3/I1520000,145331,145430,145519.446875 ,145519.446875 
C:\ct2_P2P3\Non-HCC\a485efe7\JLDORFTL\ALOKLMA3/I1510000,145331,145430,145519.446875 ,145519.446875 
C:\ct2_P2P3\Non-HCC\a485efe7\JLDORFTL\ALOKLMA3/I1500001,145331,145430,145519.446875 ,145519.446875 
C:\ct2_P2P3\Non-HCC\a485efe7\JLDORFTL\ALOKLMA3/I1490000,145331,145430,145519.446875 ,145519.446875 
C:\ct2_P2P3\Non-HCC\a485efe7\JLDORFTL\ALOKLMA3/I1480000,145331,145430,145519.446875 ,145519.446875 
C:\ct2_P2P3\Non-HCC\a485efe7\JLDORFTL\ALOKLMA3/I1470000,145331,145430,145519.446875 ,145519.446875 
C:\ct2_P2P3\Non-HCC\a485efe7\JLDORFTL\ALOKLMA3/I1460000,145331,145430,145519.446875 ,145519.446875 
C:\ct2_P2P3\Non-HCC\a485efe7\JLDORFTL\ALOKLMA3/I1450000,145331,145430,145519.446875 ,145519.446875 
C:\ct2_P2P3\Non-HCC\a485efe7\JLDORFTL\ALOKLMA3/I1440000,145331,145430,145519.446875 ,145519.446875 
C:\ct2_P2P3\Non-HCC\a485efe7\JLDORFTL\ALOKLMA3/I1430000,145331,145430,145519.446875 ,145519.446875 
C:\ct2_P2P3\Non-HCC\a485efe7\JLDORFTL\ALOKLMA3/I1420000,145331,145430,145519.446875 ,145519.446875 
C:\ct2_P2P3\Non-HCC\a485efe7\JLDORFTL\ALOKLMA3/I1410000,145331,145430,145519.446875 ,145519.446875 
C:\ct2_P2P3\Non-HCC\a485efe7\JLDORFTL\ALOKLMA3/I1400001,145331,145430,145519.446875 ,145519.446875 
C:\ct2_P2P3\Non-HCC\a485efe7\JLDORFTL\ALOKLMA3/I1390000,145331,145430,145519.446875 ,145519.446875 
C:\ct2_P2P3\Non-HCC\a485efe7\JLDORFTL\ALOKLMA3/I1380000,145331,145430,145519.446875 ,145519.446875 
C:\ct2_P2P3\Non-HCC\a485efe7\JLDORFTL\ALOKLMA3/I1370000,145331,145430,145519.446875 ,145519.446875 
C:\ct2_P2P3\Non-HCC\a485efe7\JLDORFTL\ALOKLMA3/I1360000,145331,145430,145519.446875 ,145519.446875 
C:\ct2_P2P3\Non-HCC\a485efe7\JLDORFTL\ALOKLMA3/I1350000,145331,145430,145519.446875 ,145519.446875 
C:\ct2_P2P3\Non-HCC\a485efe7\JLDORFTL\ALOKLMA3/I1340000,145331,145430,145519.446875 ,145519.446875 
C:\ct2_P2P3\Non-HCC\a485efe7\JLDORFTL\ALOKLMA3/I1330000,145331,145430,145519.446875 ,145519.446875 
C:\ct2_P2P3\Non-HCC\a485efe7\JLDORFTL\ALOKLMA3/I1320000,145331,145430,145519.446875 ,145519.446875 
C:\ct2_P2P3\Non-HCC\a485efe7\JLDORFTL\ALOKLMA3/I1310000,145331,145430,145519.446875 ,145519.446875 
C:\ct2_P2P3\Non-HCC\a485efe7\JLDORFTL\ALOKLMA3/I1300001,145331,145430,145519.446875 ,145519.446875 
C:\ct2_P2P3\Non-HCC\a485efe7\JLDORFTL\ALOKLMA3/I1290000,145331,145430,145519.446875 ,145519.446875 
C:\ct2_P2P3\Non-HCC\a485efe7\JLDORFTL\ALOKLMA3/I1280000,145331,145430,145519.446875 ,145519.446875 
C:\ct2_P2P3\Non-HCC\a485efe7\JLDORFTL\ALOKLMA3/I1270000,145331,145430,145519.446875 ,145519.446875 
C:\ct2_P2P3\Non-HCC\a485efe7\JLDORFTL\ALOKLMA3/I1260000,145331,145430,145519.446875 ,145519.446875 
C:\ct2_P2P3\Non-HCC\a485efe7\JLDORFTL\ALOKLMA3/I1250000,145331,145430,145519.446875 ,145519.446875 
C:\ct2_P2P3\Non-HCC\a485efe7\JLDORFTL\ALOKLMA3/I1240000,145331,145430,145519.446875 ,145519.446875 
C:\ct2_P2P3\Non-HCC\a485efe7\JLDORFTL\ALOKLMA3/I1230000,145331,145430,145519.446875 ,145519.446875 
C:\ct2_P2P3\Non-HCC\a485efe7\JLDORFTL\ALOKLMA3/I1220000,145331,145430,145519.446875 ,145519.446875 
C:\ct2_P2P3\Non-HCC\a485efe7\JLDORFTL\ALOKLMA3/I1210000,145331,145430,145519.446875 ,145519.446875 
C:\ct2_P2P3\Non-HCC\a485efe7\JLDORFTL\ALOKLMA3/I1200001,145331,145430,145519.446875 ,145519.446875 
C:\ct2_P2P3\Non-HCC\a485efe7\JLDORFTL\ALOKLMA3/I1190000,145331,145430,145519.446875 ,145519.446875 
C:\ct2_P2P3\Non-HCC\a485efe7\JLDORFTL\ALOKLMA3/I1180000,145331,145430,145519.446875 ,145519.446875 
C:\ct2_P2P3\Non-HCC\a485efe7\JLDORFTL\ALOKLMA3/I1170000,145331,145430,145519.446875 ,145519.446875 
C:\ct2_P2P3\Non-HCC\a485efe7\JLDORFTL\ALOKLMA3/I1160000,145331,145430,145519.446875 ,145519.446875 
C:\ct2_P2P3\Non-HCC\a485efe7\JLDORFTL\ALOKLMA3/I1150000,145331,145430,145519.446875 ,145519.446875 
C:\ct2_P2P3\Non-HCC\a485efe7\JLDORFTL\ALOKLMA3/I1140000,145331,145430,145519.446875 ,145519.446875 
C:\ct2_P2P3\Non-HCC\a485efe7\JLDORFTL\ALOKLMA3/I1130000,145331,145430,145519.446875 ,145519.446875 
C:\ct2_P2P3\Non-HCC\a485efe7\JLDORFTL\ALOKLMA3/I1120000,145331,145430,145519.446875 ,145519.446875 
C:\ct2_P2P3\Non-HCC\a485efe7\JLDORFTL\ALOKLMA3/I1110000,145331,145430,145519.446875 ,145519.446875 
C:\ct2_P2P3\Non-HCC\a485efe7\JLDORFTL\ALOKLMA3/I1100001,145331,145430,145519.446875 ,145519.446875 
C:\ct2_P2P3\Non-HCC\a485efe7\JLDORFTL\ALOKLMA3/I1090000,145331,145430,145519.446875 ,145519.446875 
C:\ct2_P2P3\Non-HCC\a485efe7\JLDORFTL\ALOKLMA3/I1080000,145331,145430,145519.446875 ,145519.446875 
C:\ct2_P2P3\Non-HCC\a485efe7\JLDORFTL\ALOKLMA3/I1070000,145331,145430,145519.446875 ,145519.446875 
C:\ct2_P2P3\Non-HCC\a485efe7\JLDORFTL\ALOKLMA3/I1060000,145331,145430,145519.446875 ,145519.446875 
C:\ct2_P2P3\Non-HCC\a485efe7\JLDORFTL\ALOKLMA3/I1050000,145331,145430,145519.446875 ,145519.446875 
C:\ct2_P2P3\Non-HCC\a485efe7\JLDORFTL\ALOKLMA3/I1040000,145331,145430,145519.446875 ,145519.446875 
C:\ct2_P2P3\Non-HCC\a485efe7\JLDORFTL\ALOKLMA3/I1030000,145331,145430,145519.446875 ,145519.446875 
C:\ct2_P2P3\Non-HCC\a485efe7\JLDORFTL\ALOKLMA3/I1020000,145331,145430,145519.446875 ,145519.446875 
C:\ct2_P2P3\Non-HCC\a485efe7\JLDORFTL\ALOKLMA3/I1010000,145331,145430,145519.446875 ,145519.446875 
C:\ct2_P2P3\Non-HCC\a485efe7\JLDORFTL\ALOKLMA3/I1000002,145331,145430,145519.446875 ,145519.446875 
C:\ct2_P2P3\Non-HCC\a485efe7\JLDORFTL\ALOKLMA3/I9900000,145331,145430,145519.446875 ,145519.446875 
C:\ct2_P2P3\Non-HCC\a485efe7\JLDORFTL\ALOKLMA3/I9800000,145331,145430,145519.446875 ,145519.446875 
C:\ct2_P2P3\Non-HCC\a485efe7\JLDORFTL\ALOKLMA3/I9700000,145331,145430,145519.446875 ,145519.446875 
C:\ct2_P2P3\Non-HCC\a485efe7\JLDORFTL\ALOKLMA3/I9600000,145331,145430,145519.446875 ,145519.446875 
C:\ct2_P2P3\Non-HCC\a485efe7\JLDORFTL\ALOKLMA3/I9500000,145331,145430,145519.446875 ,145519.446875 
C:\ct2_P2P3\Non-HCC\a485efe7\JLDORFTL\ALOKLMA3/I9400000,145331,145430,145519.446875 ,145519.446875 
C:\ct2_P2P3\Non-HCC\a485efe7\JLDORFTL\ALOKLMA3/I9300000,145331,145430,145519.446875 ,145519.446875 
C:\ct2_P2P3\Non-HCC\a485efe7\JLDORFTL\ALOKLMA3/I9200000,145331,145430,145519.446875 ,145519.446875 
C:\ct2_P2P3\Non-HCC\a485efe7\JLDORFTL\ALOKLMA3/I9100000,145331,145430,145519.446875 ,145519.446875 
C:\ct2_P2P3\Non-HCC\a485efe7\JLDORFTL\ALOKLMA3/I9000001,145331,145430,145519.446875 ,145519.446875 
C:\ct2_P2P3\Non-HCC\a485efe7\JLDORFTL\ALOKLMA3/I8900000,145331,145430,145519.446875 ,145519.446875 
C:\ct2_P2P3\Non-HCC\a485efe7\JLDORFTL\ALOKLMA3/I8800000,145331,145430,145519.446875 ,145519.446875 
C:\ct2_P2P3\Non-HCC\a485efe7\JLDORFTL\ALOKLMA3/I8700000,145331,145430,145519.446875 ,145519.446875 
C:\ct2_P2P3\Non-HCC\a485efe7\JLDORFTL\ALOKLMA3/I8600000,145331,145430,145519.446875 ,145519.446875 
C:\ct2_P2P3\Non-HCC\a485efe7\JLDORFTL\ALOKLMA3/I8500000,145331,145430,145519.446875 ,145519.446875 
C:\ct2_P2P3\Non-HCC\a485efe7\JLDORFTL\ALOKLMA3/I8400000,145331,145430,145519.446875 ,145519.446875 
C:\ct2_P2P3\Non-HCC\a485efe7\JLDORFTL\ALOKLMA3/I8300000,145331,145430,145519.446875 ,145519.446875 
C:\ct2_P2P3\Non-HCC\a485efe7\JLDORFTL\ALOKLMA3/I8200000,145331,145430,145519.446875 ,145519.446875 
C:\ct2_P2P3\Non-HCC\a485efe7\JLDORFTL\ALOKLMA3/I8100000,145331,145430,145519.446875 ,145519.446875 
C:\ct2_P2P3\Non-HCC\a485efe7\JLDORFTL\ALOKLMA3/I8000001,145331,145430,145519.446875 ,145519.446875 
C:\ct2_P2P3\Non-HCC\a485efe7\JLDORFTL\ALOKLMA3/I7900000,145331,145430,145519.446875 ,145519.446875 
C:\ct2_P2P3\Non-HCC\a485efe7\JLDORFTL\ALOKLMA3/I7800000,145331,145430,145519.446875 ,145519.446875 
C:\ct2_P2P3\Non-HCC\a485efe7\JLDORFTL\ALOKLMA3/I7700000,145331,145430,145519.446875 ,145519.446875 
C:\ct2_P2P3\Non-HCC\a485efe7\JLDORFTL\ALOKLMA3/I7600000,145331,145430,145519.446875 ,145519.446875 
C:\ct2_P2P3\Non-HCC\a485efe7\JLDORFTL\ALOKLMA3/I7500000,145331,145430,145519.446875 ,145519.446875 
C:\ct2_P2P3\Non-HCC\a485efe7\JLDORFTL\ALOKLMA3/I7400000,145331,145430,145519.446875 ,145519.446875 
C:\ct2_P2P3\Non-HCC\a485efe7\JLDORFTL\ALOKLMA3/I7300000,145331,145430,145519.446875 ,145519.446875 
C:\ct2_P2P3\Non-HCC\a485efe7\JLDORFTL\ALOKLMA3/I7200000,145331,145430,145519.446875 ,145519.446875 
C:\ct2_P2P3\Non-HCC\a485efe7\JLDORFTL\ALOKLMA3/I7100000,145331,145430,145519.446875 ,145519.446875 
C:\ct2_P2P3\Non-HCC\a485efe7\JLDORFTL\ALOKLMA3/I7000001,145331,145430,145519.446875 ,145519.446875 
C:\ct2_P2P3\Non-HCC\a485efe7\JLDORFTL\ALOKLMA3/I6900000,145331,145430,145519.446875 ,145519.446875 
C:\ct2_P2P3\Non-HCC\a485efe7\JLDORFTL\ALOKLMA3/I6800000,145331,145430,145519.446875 ,145519.446875 
C:\ct2_P2P3\Non-HCC\a485efe7\JLDORFTL\ALOKLMA3/I6700000,145331,145430,145519.446875 ,145519.446875 
C:\ct2_P2P3\Non-HCC\a485efe7\JLDORFTL\ALOKLMA3/I6600000,145331,145430,145519.446875 ,145519.446875 
C:\ct2_P2P3\Non-HCC\a485efe7\JLDORFTL\ALOKLMA3/I6500000,145331,145430,145519.446875 ,145519.446875 
C:\ct2_P2P3\Non-HCC\a485efe7\JLDORFTL\ALOKLMA3/I6400000,145331,145430,145519.446875 ,145519.446875 
C:\ct2_P2P3\Non-HCC\a485efe7\JLDORFTL\ALOKLMA3/I6300000,145331,145430,145519.446875 ,145519.446875 
C:\ct2_P2P3\Non-HCC\a485efe7\JLDORFTL\ALOKLMA3/I6200000,145331,145430,145519.446875 ,145519.446875 
C:\ct2_P2P3\Non-HCC\a485efe7\JLDORFTL\ALOKLMA3/I6100000,145331,145430,145519.446875 ,145519.446875 
C:\ct2_P2P3\Non-HCC\a485efe7\JLDORFTL\ALOKLMA3/I6000001,145331,145430,145519.446875 ,145519.446875 
C:\ct2_P2P3\Non-HCC\a485efe7\JLDORFTL\ALOKLMA3/I5900000,145331,145430,145519.446875 ,145519.446875 
C:\ct2_P2P3\Non-HCC\a485efe7\JLDORFTL\ALOKLMA3/I5800000,145331,145430,145519.446875 ,145519.446875 
C:\ct2_P2P3\Non-HCC\a485efe7\JLDORFTL\ALOKLMA3/I5700000,145331,145430,145519.446875 ,145519.446875 
C:\ct2_P2P3\Non-HCC\a485efe7\JLDORFTL\ALOKLMA3/I5600000,145331,145430,145519.446875 ,145519.446875 
C:\ct2_P2P3\Non-HCC\a485efe7\JLDORFTL\ALOKLMA3/I5500000,145331,145430,145519.446875 ,145519.446875 
C:\ct2_P2P3\Non-HCC\a485efe7\JLDORFTL\ALOKLMA3/I5400000,145331,145430,145519.446875 ,145519.446875 
C:\ct2_P2P3\Non-HCC\a485efe7\JLDORFTL\ALOKLMA3/I5300000,145331,145430,145519.446875 ,145519.446875 
C:\ct2_P2P3\Non-HCC\a485efe7\JLDORFTL\ALOKLMA3/I5200000,145331,145430,145519.446875 ,145519.446875 
C:\ct2_P2P3\Non-HCC\a485efe7\JLDORFTL\ALOKLMA3/I5100000,145331,145430,145519.446875 ,145519.446875 
C:\ct2_P2P3\Non-HCC\a485efe7\JLDORFTL\ALOKLMA3/I5000001,145331,145430,145519.446875 ,145519.446875 
C:\ct2_P2P3\Non-HCC\a485efe7\JLDORFTL\ALOKLMA3/I4900000,145331,145430,145519.446875 ,145519.446875 
C:\ct2_P2P3\Non-HCC\a485efe7\JLDORFTL\ALOKLMA3/I4800000,145331,145430,145519.446875 ,145519.446875 
C:\ct2_P2P3\Non-HCC\a485efe7\JLDORFTL\ALOKLMA3/I4700000,145331,145430,145519.446875 ,145519.446875 
C:\ct2_P2P3\Non-HCC\a485efe7\JLDORFTL\ALOKLMA3/I4600000,145331,145430,145519.446875 ,145519.446875 
C:\ct2_P2P3\Non-HCC\a485efe7\JLDORFTL\ALOKLMA3/I4500000,145331,145430,145519.446875 ,145519.446875 
C:\ct2_P2P3\Non-HCC\a485efe7\JLDORFTL\ALOKLMA3/I4400000,145331,145430,145519.446875 ,145519.446875 
C:\ct2_P2P3\Non-HCC\a485efe7\JLDORFTL\ALOKLMA3/I4300000,145331,145430,145519.446875 ,145519.446875 
C:\ct2_P2P3\Non-HCC\a485efe7\JLDORFTL\ALOKLMA3/I4200000,145331,145430,145519.446875 ,145519.446875 
C:\ct2_P2P3\Non-HCC\a485efe7\JLDORFTL\ALOKLMA3/I4100000,145331,145430,145519.446875 ,145519.446875 
C:\ct2_P2P3\Non-HCC\a485efe7\JLDORFTL\ALOKLMA3/I4000001,145331,145430,145519.446875 ,145519.446875 
C:\ct2_P2P3\Non-HCC\a485efe7\JLDORFTL\ALOKLMA3/I3900000,145331,145430,145519.446875 ,145519.446875 
C:\ct2_P2P3\Non-HCC\a485efe7\JLDORFTL\ALOKLMA3/I3800000,145331,145430,145519.446875 ,145519.446875 
C:\ct2_P2P3\Non-HCC\a485efe7\JLDORFTL\ALOKLMA3/I3700000,145331,145430,145519.446875 ,145519.446875 
C:\ct2_P2P3\Non-HCC\a485efe7\JLDORFTL\ALOKLMA3/I3600000,145331,145430,145519.446875 ,145519.446875 
C:\ct2_P2P3\Non-HCC\a485efe7\JLDORFTL\ALOKLMA3/I3500000,145331,145430,145519.446875 ,145519.446875 
C:\ct2_P2P3\Non-HCC\a485efe7\JLDORFTL\ALOKLMA3/I3400000,145331,145430,145519.446875 ,145519.446875 
C:\ct2_P2P3\Non-HCC\a485efe7\JLDORFTL\ALOKLMA3/I3300000,145331,145430,145519.446875 ,145519.446875 
C:\ct2_P2P3\Non-HCC\a485efe7\JLDORFTL\ALOKLMA3/I3200000,145331,145430,145519.446875 ,145519.446875 
C:\ct2_P2P3\Non-HCC\a485efe7\JLDORFTL\ALOKLMA3/I3100000,145331,145430,145519.446875 ,145519.446875 
C:\ct2_P2P3\Non-HCC\a485efe7\JLDORFTL\ALOKLMA3/I3000001,145331,145430,145519.446875 ,145519.446875 
C:\ct2_P2P3\Non-HCC\a485efe7\JLDORFTL\ALOKLMA3/I2900000,145331,145430,145519.446875 ,145519.446875 
C:\ct2_P2P3\Non-HCC\a485efe7\JLDORFTL\ALOKLMA3/I2800000,145331,145430,145519.446875 ,145519.446875 
C:\ct2_P2P3\Non-HCC\a485efe7\JLDORFTL\ALOKLMA3/I2700000,145331,145430,145519.446875 ,145519.446875 
C:\ct2_P2P3\Non-HCC\a485efe7\JLDORFTL\ALOKLMA3/I2600000,145331,145430,145519.446875 ,145519.446875 
C:\ct2_P2P3\Non-HCC\a485efe7\JLDORFTL\ALOKLMA3/I2500000,145331,145430,145519.446875 ,145519.446875 
C:\ct2_P2P3\Non-HCC\a485efe7\JLDORFTL\ALOKLMA3/I2400000,145331,145430,145519.446875 ,145519.446875 
C:\ct2_P2P3\Non-HCC\a485efe7\JLDORFTL\ALOKLMA3/I2300000,145331,145430,145519.446875 ,145519.446875 
C:\ct2_P2P3\Non-HCC\a485efe7\JLDORFTL\ALOKLMA3/I2200000,145331,145430,145519.446875 ,145519.446875 
C:\ct2_P2P3\Non-HCC\a485efe7\JLDORFTL\ALOKLMA3/I2100000,145331,145430,145519.446875 ,145519.446875 
C:\ct2_P2P3\Non-HCC\a485efe7\JLDORFTL\ALOKLMA3/I2000001,145331,145430,145519.446875 ,145519.446875 
C:\ct2_P2P3\Non-HCC\a485efe7\JLDORFTL\ALOKLMA3/I1900000,145331,145430,145519.446875 ,145519.446875 
C:\ct2_P2P3\Non-HCC\a485efe7\JLDORFTL\ALOKLMA3/I1800000,145331,145430,145519.446875 ,145519.446875 
C:\ct2_P2P3\Non-HCC\a485efe7\JLDORFTL\ALOKLMA3/I1700000,145331,145430,145519.446875 ,145519.446875 
C:\ct2_P2P3\Non-HCC\a485efe7\JLDORFTL\ALOKLMA3/I1600000,145331,145430,145519.446875 ,145519.446875 
C:\ct2_P2P3\Non-HCC\a485efe7\JLDORFTL\ALOKLMA3/I1500000,145331,145430,145519.446875 ,145519.446875 
C:\ct2_P2P3\Non-HCC\a485efe7\JLDORFTL\ALOKLMA3/I1400000,145331,145430,145519.446875 ,145519.446875 
C:\ct2_P2P3\Non-HCC\a485efe7\JLDORFTL\ALOKLMA3/I1300000,145331,145430,145519.446875 ,145519.446875 
C:\ct2_P2P3\Non-HCC\a485efe7\JLDORFTL\ALOKLMA3/I1200000,145331,145430,145519.446875 ,145519.446875 
C:\ct2_P2P3\Non-HCC\a485efe7\JLDORFTL\ALOKLMA3/I1100000,145331,145430,145519.446875 ,145519.446875 
C:\ct2_P2P3\Non-HCC\a485efe7\JLDORFTL\ALOKLMA3/I1000001,145331,145430,145519.446875 ,145519.446875 
C:\ct2_P2P3\Non-HCC\a485efe7\JLDORFTL\ALOKLMA3/I9000000,145331,145430,145519.446875 ,145519.446875 
C:\ct2_P2P3\Non-HCC\a485efe7\JLDORFTL\ALOKLMA3/I8000000,145331,145430,145519.446875 ,145519.446875 
C:\ct2_P2P3\Non-HCC\a485efe7\JLDORFTL\ALOKLMA3/I7000000,145331,145430,145519.446875 ,145519.446875 
C:\ct2_P2P3\Non-HCC\a485efe7\JLDORFTL\ALOKLMA3/I6000000,145331,145430,145519.446875 ,145519.446875 
C:\ct2_P2P3\Non-HCC\a485efe7\JLDORFTL\ALOKLMA3/I5000000,145331,145430,145519.446875 ,145519.446875 
C:\ct2_P2P3\Non-HCC\a485efe7\JLDORFTL\ALOKLMA3/I4000000,145331,145430,145519.446875 ,145519.446875 
C:\ct2_P2P3\Non-HCC\a485efe7\JLDORFTL\ALOKLMA3/I3000000,145331,145430,145519.446875 ,145519.446875 
C:\ct2_P2P3\Non-HCC\a485efe7\JLDORFTL\ALOKLMA3/I2000000,145331,145430,145519.446875 ,145519.446875 
C:\ct2_P2P3\Non-HCC\a485efe7\JLDORFTL\ALOKLMA3/I1000000,145331,145430,145519.446875 ,145519.446875 
