0008|0030,0008|0031,0008|0032,0008|0033,
C:\ct2_P2P3\HCC Surveillance\cf4811cc\YWRF3VQZ\QEM1TXRI/I3800000,153738,154455,154517,154621
C:\ct2_P2P3\HCC Surveillance\cf4811cc\YWRF3VQZ\QEM1TXRI/I3700000,153738,154455,154517,154621
C:\ct2_P2P3\HCC Surveillance\cf4811cc\YWRF3VQZ\QEM1TXRI/I3600000,153738,154455,154517,154620
C:\ct2_P2P3\HCC Surveillance\cf4811cc\YWRF3VQZ\QEM1TXRI/I3500000,153738,154455,154517,154620
C:\ct2_P2P3\HCC Surveillance\cf4811cc\YWRF3VQZ\QEM1TXRI/I3400000,153738,154455,154517,154619
C:\ct2_P2P3\HCC Surveillance\cf4811cc\YWRF3VQZ\QEM1TXRI/I3300000,153738,154455,154517,154618
C:\ct2_P2P3\HCC Surveillance\cf4811cc\YWRF3VQZ\QEM1TXRI/I3200000,153738,154455,154517,154618
C:\ct2_P2P3\HCC Surveillance\cf4811cc\YWRF3VQZ\QEM1TXRI/I3100000,153738,154455,154517,154617
C:\ct2_P2P3\HCC Surveillance\cf4811cc\YWRF3VQZ\QEM1TXRI/I3000001,153738,154455,154517,154616
C:\ct2_P2P3\HCC Surveillance\cf4811cc\YWRF3VQZ\QEM1TXRI/I2900000,153738,154455,154517,154615
C:\ct2_P2P3\HCC Surveillance\cf4811cc\YWRF3VQZ\QEM1TXRI/I2800000,153738,154455,154517,154614
C:\ct2_P2P3\HCC Surveillance\cf4811cc\YWRF3VQZ\QEM1TXRI/I2700000,153738,154455,154517,154613
C:\ct2_P2P3\HCC Surveillance\cf4811cc\YWRF3VQZ\QEM1TXRI/I2600000,153738,154455,154517,154612
C:\ct2_P2P3\HCC Surveillance\cf4811cc\YWRF3VQZ\QEM1TXRI/I2500000,153738,154455,154517,154611
C:\ct2_P2P3\HCC Surveillance\cf4811cc\YWRF3VQZ\QEM1TXRI/I2400000,153738,154455,154517,154611
C:\ct2_P2P3\HCC Surveillance\cf4811cc\YWRF3VQZ\QEM1TXRI/I2300000,153738,154455,154517,154610
C:\ct2_P2P3\HCC Surveillance\cf4811cc\YWRF3VQZ\QEM1TXRI/I2200000,153738,154455,154517,154609
C:\ct2_P2P3\HCC Surveillance\cf4811cc\YWRF3VQZ\QEM1TXRI/I2100000,153738,154455,154517,154608
C:\ct2_P2P3\HCC Surveillance\cf4811cc\YWRF3VQZ\QEM1TXRI/I2000001,153738,154455,154517,154607
C:\ct2_P2P3\HCC Surveillance\cf4811cc\YWRF3VQZ\QEM1TXRI/I1900000,153738,154455,154517,154612
C:\ct2_P2P3\HCC Surveillance\cf4811cc\YWRF3VQZ\QEM1TXRI/I1800000,153738,154455,154517,154612
C:\ct2_P2P3\HCC Surveillance\cf4811cc\YWRF3VQZ\QEM1TXRI/I1700000,153738,154455,154517,154612
C:\ct2_P2P3\HCC Surveillance\cf4811cc\YWRF3VQZ\QEM1TXRI/I1600000,153738,154455,154517,154611
C:\ct2_P2P3\HCC Surveillance\cf4811cc\YWRF3VQZ\QEM1TXRI/I1500000,153738,154455,154517,154611
C:\ct2_P2P3\HCC Surveillance\cf4811cc\YWRF3VQZ\QEM1TXRI/I1400000,153738,154455,154517,154610
C:\ct2_P2P3\HCC Surveillance\cf4811cc\YWRF3VQZ\QEM1TXRI/I1300000,153738,154455,154517,154609
C:\ct2_P2P3\HCC Surveillance\cf4811cc\YWRF3VQZ\QEM1TXRI/I1200000,153738,154455,154517,154608
C:\ct2_P2P3\HCC Surveillance\cf4811cc\YWRF3VQZ\QEM1TXRI/I1100000,153738,154455,154517,154608
C:\ct2_P2P3\HCC Surveillance\cf4811cc\YWRF3VQZ\QEM1TXRI/I1000001,153738,154455,154517,154607
C:\ct2_P2P3\HCC Surveillance\cf4811cc\YWRF3VQZ\QEM1TXRI/I9000000,153738,154455,154517,154606
C:\ct2_P2P3\HCC Surveillance\cf4811cc\YWRF3VQZ\QEM1TXRI/I8000000,153738,154455,154517,154605
C:\ct2_P2P3\HCC Surveillance\cf4811cc\YWRF3VQZ\QEM1TXRI/I7000000,153738,154455,154517,154604
C:\ct2_P2P3\HCC Surveillance\cf4811cc\YWRF3VQZ\QEM1TXRI/I6000000,153738,154455,154517,154603
C:\ct2_P2P3\HCC Surveillance\cf4811cc\YWRF3VQZ\QEM1TXRI/I5000000,153738,154455,154517,154603
C:\ct2_P2P3\HCC Surveillance\cf4811cc\YWRF3VQZ\QEM1TXRI/I4000000,153738,154455,154517,154602
C:\ct2_P2P3\HCC Surveillance\cf4811cc\YWRF3VQZ\QEM1TXRI/I3000000,153738,154455,154517,154601
C:\ct2_P2P3\HCC Surveillance\cf4811cc\YWRF3VQZ\QEM1TXRI/I2000000,153738,154455,154517,154600
C:\ct2_P2P3\HCC Surveillance\cf4811cc\YWRF3VQZ\QEM1TXRI/I1000000,153738,154455,154517,154559
