0008|0030,0008|0031,0008|0032,0008|0033,
C:\ct2_P2P3\HCC Surveillance\cf4811cc\YWRF3VQZ\TFMDTXRI/I1750000,153738,154110,154334,154430
C:\ct2_P2P3\HCC Surveillance\cf4811cc\YWRF3VQZ\TFMDTXRI/I1740000,153738,154110,154334,154429
C:\ct2_P2P3\HCC Surveillance\cf4811cc\YWRF3VQZ\TFMDTXRI/I1730000,153738,154110,154334,154429
C:\ct2_P2P3\HCC Surveillance\cf4811cc\YWRF3VQZ\TFMDTXRI/I1720000,153738,154110,154334,154428
C:\ct2_P2P3\HCC Surveillance\cf4811cc\YWRF3VQZ\TFMDTXRI/I1710000,153738,154110,154334,154428
C:\ct2_P2P3\HCC Surveillance\cf4811cc\YWRF3VQZ\TFMDTXRI/I1700001,153738,154110,154334,154427
C:\ct2_P2P3\HCC Surveillance\cf4811cc\YWRF3VQZ\TFMDTXRI/I1690000,153738,154110,154334,154426
C:\ct2_P2P3\HCC Surveillance\cf4811cc\YWRF3VQZ\TFMDTXRI/I1680000,153738,154110,154334,154426
C:\ct2_P2P3\HCC Surveillance\cf4811cc\YWRF3VQZ\TFMDTXRI/I1670000,153738,154110,154334,154425
C:\ct2_P2P3\HCC Surveillance\cf4811cc\YWRF3VQZ\TFMDTXRI/I1660000,153738,154110,154334,154424
C:\ct2_P2P3\HCC Surveillance\cf4811cc\YWRF3VQZ\TFMDTXRI/I1650000,153738,154110,154334,154423
C:\ct2_P2P3\HCC Surveillance\cf4811cc\YWRF3VQZ\TFMDTXRI/I1640000,153738,154110,154334,154422
C:\ct2_P2P3\HCC Surveillance\cf4811cc\YWRF3VQZ\TFMDTXRI/I1630000,153738,154110,154334,154421
C:\ct2_P2P3\HCC Surveillance\cf4811cc\YWRF3VQZ\TFMDTXRI/I1620000,153738,154110,154334,154420
C:\ct2_P2P3\HCC Surveillance\cf4811cc\YWRF3VQZ\TFMDTXRI/I1610000,153738,154110,154334,154419
C:\ct2_P2P3\HCC Surveillance\cf4811cc\YWRF3VQZ\TFMDTXRI/I1600001,153738,154110,154334,154418
C:\ct2_P2P3\HCC Surveillance\cf4811cc\YWRF3VQZ\TFMDTXRI/I1590000,153738,154110,154334,154418
C:\ct2_P2P3\HCC Surveillance\cf4811cc\YWRF3VQZ\TFMDTXRI/I1580000,153738,154110,154334,154417
C:\ct2_P2P3\HCC Surveillance\cf4811cc\YWRF3VQZ\TFMDTXRI/I1570000,153738,154110,154334,154416
C:\ct2_P2P3\HCC Surveillance\cf4811cc\YWRF3VQZ\TFMDTXRI/I1560000,153738,154110,154334,154415
C:\ct2_P2P3\HCC Surveillance\cf4811cc\YWRF3VQZ\TFMDTXRI/I1550000,153738,154110,154334,154414
C:\ct2_P2P3\HCC Surveillance\cf4811cc\YWRF3VQZ\TFMDTXRI/I1540000,153738,154110,154334,154413
C:\ct2_P2P3\HCC Surveillance\cf4811cc\YWRF3VQZ\TFMDTXRI/I1530000,153738,154110,154334,154412
C:\ct2_P2P3\HCC Surveillance\cf4811cc\YWRF3VQZ\TFMDTXRI/I1520000,153738,154110,154334,154411
C:\ct2_P2P3\HCC Surveillance\cf4811cc\YWRF3VQZ\TFMDTXRI/I1510000,153738,154110,154334,154411
C:\ct2_P2P3\HCC Surveillance\cf4811cc\YWRF3VQZ\TFMDTXRI/I1500001,153738,154110,154334,154410
C:\ct2_P2P3\HCC Surveillance\cf4811cc\YWRF3VQZ\TFMDTXRI/I1490000,153738,154110,154334,154409
C:\ct2_P2P3\HCC Surveillance\cf4811cc\YWRF3VQZ\TFMDTXRI/I1480000,153738,154110,154334,154408
C:\ct2_P2P3\HCC Surveillance\cf4811cc\YWRF3VQZ\TFMDTXRI/I1470000,153738,154110,154334,154407
C:\ct2_P2P3\HCC Surveillance\cf4811cc\YWRF3VQZ\TFMDTXRI/I1460000,153738,154110,154334,154406
C:\ct2_P2P3\HCC Surveillance\cf4811cc\YWRF3VQZ\TFMDTXRI/I1450000,153738,154110,154334,154405
C:\ct2_P2P3\HCC Surveillance\cf4811cc\YWRF3VQZ\TFMDTXRI/I1440000,153738,154110,154334,154404
C:\ct2_P2P3\HCC Surveillance\cf4811cc\YWRF3VQZ\TFMDTXRI/I1430000,153738,154110,154334,154404
C:\ct2_P2P3\HCC Surveillance\cf4811cc\YWRF3VQZ\TFMDTXRI/I1420000,153738,154110,154334,154402
C:\ct2_P2P3\HCC Surveillance\cf4811cc\YWRF3VQZ\TFMDTXRI/I1410000,153738,154110,154334,154402
C:\ct2_P2P3\HCC Surveillance\cf4811cc\YWRF3VQZ\TFMDTXRI/I1400001,153738,154110,154334,154401
C:\ct2_P2P3\HCC Surveillance\cf4811cc\YWRF3VQZ\TFMDTXRI/I1390000,153738,154110,154334,154400
C:\ct2_P2P3\HCC Surveillance\cf4811cc\YWRF3VQZ\TFMDTXRI/I1380000,153738,154110,154334,154359
C:\ct2_P2P3\HCC Surveillance\cf4811cc\YWRF3VQZ\TFMDTXRI/I1370000,153738,154110,154334,154358
C:\ct2_P2P3\HCC Surveillance\cf4811cc\YWRF3VQZ\TFMDTXRI/I1360000,153738,154110,154334,154357
C:\ct2_P2P3\HCC Surveillance\cf4811cc\YWRF3VQZ\TFMDTXRI/I1350000,153738,154110,154334,154356
C:\ct2_P2P3\HCC Surveillance\cf4811cc\YWRF3VQZ\TFMDTXRI/I1340000,153738,154110,154334,154355
C:\ct2_P2P3\HCC Surveillance\cf4811cc\YWRF3VQZ\TFMDTXRI/I1330000,153738,154110,154334,154355
C:\ct2_P2P3\HCC Surveillance\cf4811cc\YWRF3VQZ\TFMDTXRI/I1320000,153738,154110,154334,154354
C:\ct2_P2P3\HCC Surveillance\cf4811cc\YWRF3VQZ\TFMDTXRI/I1310000,153738,154110,154334,154353
C:\ct2_P2P3\HCC Surveillance\cf4811cc\YWRF3VQZ\TFMDTXRI/I1300001,153738,154110,154334,154352
C:\ct2_P2P3\HCC Surveillance\cf4811cc\YWRF3VQZ\TFMDTXRI/I1290000,153738,154110,154334,154351
C:\ct2_P2P3\HCC Surveillance\cf4811cc\YWRF3VQZ\TFMDTXRI/I1280000,153738,154110,154334,154423
C:\ct2_P2P3\HCC Surveillance\cf4811cc\YWRF3VQZ\TFMDTXRI/I1270000,153738,154110,154334,154423
C:\ct2_P2P3\HCC Surveillance\cf4811cc\YWRF3VQZ\TFMDTXRI/I1260000,153738,154110,154334,154422
C:\ct2_P2P3\HCC Surveillance\cf4811cc\YWRF3VQZ\TFMDTXRI/I1250000,153738,154110,154334,154422
C:\ct2_P2P3\HCC Surveillance\cf4811cc\YWRF3VQZ\TFMDTXRI/I1240000,153738,154110,154334,154421
C:\ct2_P2P3\HCC Surveillance\cf4811cc\YWRF3VQZ\TFMDTXRI/I1230000,153738,154110,154334,154421
C:\ct2_P2P3\HCC Surveillance\cf4811cc\YWRF3VQZ\TFMDTXRI/I1220000,153738,154110,154334,154420
C:\ct2_P2P3\HCC Surveillance\cf4811cc\YWRF3VQZ\TFMDTXRI/I1210000,153738,154110,154334,154419
C:\ct2_P2P3\HCC Surveillance\cf4811cc\YWRF3VQZ\TFMDTXRI/I1200001,153738,154110,154334,154418
C:\ct2_P2P3\HCC Surveillance\cf4811cc\YWRF3VQZ\TFMDTXRI/I1190000,153738,154110,154334,154417
C:\ct2_P2P3\HCC Surveillance\cf4811cc\YWRF3VQZ\TFMDTXRI/I1180000,153738,154110,154334,154416
C:\ct2_P2P3\HCC Surveillance\cf4811cc\YWRF3VQZ\TFMDTXRI/I1170000,153738,154110,154334,154415
C:\ct2_P2P3\HCC Surveillance\cf4811cc\YWRF3VQZ\TFMDTXRI/I1160000,153738,154110,154334,154415
C:\ct2_P2P3\HCC Surveillance\cf4811cc\YWRF3VQZ\TFMDTXRI/I3800000,153738,154110,154254,154318
C:\ct2_P2P3\HCC Surveillance\cf4811cc\YWRF3VQZ\TFMDTXRI/I1150000,153738,154110,154334,154414
C:\ct2_P2P3\HCC Surveillance\cf4811cc\YWRF3VQZ\TFMDTXRI/I3700000,153738,154110,154254,154318
C:\ct2_P2P3\HCC Surveillance\cf4811cc\YWRF3VQZ\TFMDTXRI/I1140000,153738,154110,154334,154413
C:\ct2_P2P3\HCC Surveillance\cf4811cc\YWRF3VQZ\TFMDTXRI/I3600000,153738,154110,154254,154317
C:\ct2_P2P3\HCC Surveillance\cf4811cc\YWRF3VQZ\TFMDTXRI/I1130000,153738,154110,154334,154412
C:\ct2_P2P3\HCC Surveillance\cf4811cc\YWRF3VQZ\TFMDTXRI/I3500000,153738,154110,154254,154317
C:\ct2_P2P3\HCC Surveillance\cf4811cc\YWRF3VQZ\TFMDTXRI/I1120000,153738,154110,154334,154411
C:\ct2_P2P3\HCC Surveillance\cf4811cc\YWRF3VQZ\TFMDTXRI/I3400000,153738,154110,154254,154316
C:\ct2_P2P3\HCC Surveillance\cf4811cc\YWRF3VQZ\TFMDTXRI/I1110000,153738,154110,154334,154410
C:\ct2_P2P3\HCC Surveillance\cf4811cc\YWRF3VQZ\TFMDTXRI/I3300000,153738,154110,154254,154316
C:\ct2_P2P3\HCC Surveillance\cf4811cc\YWRF3VQZ\TFMDTXRI/I1100001,153738,154110,154334,154409
C:\ct2_P2P3\HCC Surveillance\cf4811cc\YWRF3VQZ\TFMDTXRI/I3200000,153738,154110,154254,154315
C:\ct2_P2P3\HCC Surveillance\cf4811cc\YWRF3VQZ\TFMDTXRI/I1090000,153738,154110,154334,154408
C:\ct2_P2P3\HCC Surveillance\cf4811cc\YWRF3VQZ\TFMDTXRI/I3100000,153738,154110,154254,154314
C:\ct2_P2P3\HCC Surveillance\cf4811cc\YWRF3VQZ\TFMDTXRI/I1080000,153738,154110,154334,154407
C:\ct2_P2P3\HCC Surveillance\cf4811cc\YWRF3VQZ\TFMDTXRI/I3000001,153738,154110,154254,154313
C:\ct2_P2P3\HCC Surveillance\cf4811cc\YWRF3VQZ\TFMDTXRI/I1070000,153738,154110,154334,154407
C:\ct2_P2P3\HCC Surveillance\cf4811cc\YWRF3VQZ\TFMDTXRI/I2900000,153738,154110,154254,154312
C:\ct2_P2P3\HCC Surveillance\cf4811cc\YWRF3VQZ\TFMDTXRI/I1060000,153738,154110,154334,154406
C:\ct2_P2P3\HCC Surveillance\cf4811cc\YWRF3VQZ\TFMDTXRI/I2800000,153738,154110,154254,154312
C:\ct2_P2P3\HCC Surveillance\cf4811cc\YWRF3VQZ\TFMDTXRI/I1050000,153738,154110,154334,154405
C:\ct2_P2P3\HCC Surveillance\cf4811cc\YWRF3VQZ\TFMDTXRI/I2700000,153738,154110,154254,154311
C:\ct2_P2P3\HCC Surveillance\cf4811cc\YWRF3VQZ\TFMDTXRI/I1040000,153738,154110,154334,154404
C:\ct2_P2P3\HCC Surveillance\cf4811cc\YWRF3VQZ\TFMDTXRI/I2600000,153738,154110,154254,154310
C:\ct2_P2P3\HCC Surveillance\cf4811cc\YWRF3VQZ\TFMDTXRI/I1030000,153738,154110,154334,154403
C:\ct2_P2P3\HCC Surveillance\cf4811cc\YWRF3VQZ\TFMDTXRI/I2500000,153738,154110,154254,154309
C:\ct2_P2P3\HCC Surveillance\cf4811cc\YWRF3VQZ\TFMDTXRI/I1020000,153738,154110,154334,154402
C:\ct2_P2P3\HCC Surveillance\cf4811cc\YWRF3VQZ\TFMDTXRI/I2400000,153738,154110,154254,154308
C:\ct2_P2P3\HCC Surveillance\cf4811cc\YWRF3VQZ\TFMDTXRI/I1010000,153738,154110,154334,154401
C:\ct2_P2P3\HCC Surveillance\cf4811cc\YWRF3VQZ\TFMDTXRI/I2300000,153738,154110,154254,154307
C:\ct2_P2P3\HCC Surveillance\cf4811cc\YWRF3VQZ\TFMDTXRI/I1000002,153738,154110,154334,154400
C:\ct2_P2P3\HCC Surveillance\cf4811cc\YWRF3VQZ\TFMDTXRI/I2200000,153738,154110,154254,154306
C:\ct2_P2P3\HCC Surveillance\cf4811cc\YWRF3VQZ\TFMDTXRI/I9900000,153738,154110,154334,154400
C:\ct2_P2P3\HCC Surveillance\cf4811cc\YWRF3VQZ\TFMDTXRI/I2100000,153738,154110,154254,154305
C:\ct2_P2P3\HCC Surveillance\cf4811cc\YWRF3VQZ\TFMDTXRI/I9800000,153738,154110,154334,154359
C:\ct2_P2P3\HCC Surveillance\cf4811cc\YWRF3VQZ\TFMDTXRI/I2000001,153738,154110,154254,154304
C:\ct2_P2P3\HCC Surveillance\cf4811cc\YWRF3VQZ\TFMDTXRI/I9700000,153738,154110,154334,154358
C:\ct2_P2P3\HCC Surveillance\cf4811cc\YWRF3VQZ\TFMDTXRI/I1900000,153738,154110,154254,154315
C:\ct2_P2P3\HCC Surveillance\cf4811cc\YWRF3VQZ\TFMDTXRI/I9600000,153738,154110,154334,154357
C:\ct2_P2P3\HCC Surveillance\cf4811cc\YWRF3VQZ\TFMDTXRI/I1800000,153738,154110,154254,154315
C:\ct2_P2P3\HCC Surveillance\cf4811cc\YWRF3VQZ\TFMDTXRI/I9500000,153738,154110,154334,154356
C:\ct2_P2P3\HCC Surveillance\cf4811cc\YWRF3VQZ\TFMDTXRI/I1700000,153738,154110,154254,154315
C:\ct2_P2P3\HCC Surveillance\cf4811cc\YWRF3VQZ\TFMDTXRI/I9400000,153738,154110,154334,154355
C:\ct2_P2P3\HCC Surveillance\cf4811cc\YWRF3VQZ\TFMDTXRI/I1600000,153738,154110,154254,154314
C:\ct2_P2P3\HCC Surveillance\cf4811cc\YWRF3VQZ\TFMDTXRI/I9300000,153738,154110,154334,154354
C:\ct2_P2P3\HCC Surveillance\cf4811cc\YWRF3VQZ\TFMDTXRI/I1500000,153738,154110,154254,154313
C:\ct2_P2P3\HCC Surveillance\cf4811cc\YWRF3VQZ\TFMDTXRI/I9200000,153738,154110,154334,154353
C:\ct2_P2P3\HCC Surveillance\cf4811cc\YWRF3VQZ\TFMDTXRI/I1400000,153738,154110,154254,154313
C:\ct2_P2P3\HCC Surveillance\cf4811cc\YWRF3VQZ\TFMDTXRI/I9100000,153738,154110,154334,154352
C:\ct2_P2P3\HCC Surveillance\cf4811cc\YWRF3VQZ\TFMDTXRI/I1300000,153738,154110,154254,154312
C:\ct2_P2P3\HCC Surveillance\cf4811cc\YWRF3VQZ\TFMDTXRI/I9000001,153738,154110,154334,154351
C:\ct2_P2P3\HCC Surveillance\cf4811cc\YWRF3VQZ\TFMDTXRI/I1200000,153738,154110,154254,154311
C:\ct2_P2P3\HCC Surveillance\cf4811cc\YWRF3VQZ\TFMDTXRI/I8900000,153738,154110,154334,154351
C:\ct2_P2P3\HCC Surveillance\cf4811cc\YWRF3VQZ\TFMDTXRI/I1100000,153738,154110,154254,154310
C:\ct2_P2P3\HCC Surveillance\cf4811cc\YWRF3VQZ\TFMDTXRI/I8800000,153738,154110,154334,154350
C:\ct2_P2P3\HCC Surveillance\cf4811cc\YWRF3VQZ\TFMDTXRI/I1000001,153738,154110,154254,154310
C:\ct2_P2P3\HCC Surveillance\cf4811cc\YWRF3VQZ\TFMDTXRI/I8700000,153738,154110,154334,154349
C:\ct2_P2P3\HCC Surveillance\cf4811cc\YWRF3VQZ\TFMDTXRI/I9000000,153738,154110,154254,154309
C:\ct2_P2P3\HCC Surveillance\cf4811cc\YWRF3VQZ\TFMDTXRI/I8600000,153738,154110,154334,154348
C:\ct2_P2P3\HCC Surveillance\cf4811cc\YWRF3VQZ\TFMDTXRI/I8000000,153738,154110,154254,154308
C:\ct2_P2P3\HCC Surveillance\cf4811cc\YWRF3VQZ\TFMDTXRI/I8500000,153738,154110,154334,154347
C:\ct2_P2P3\HCC Surveillance\cf4811cc\YWRF3VQZ\TFMDTXRI/I7000000,153738,154110,154254,154307
C:\ct2_P2P3\HCC Surveillance\cf4811cc\YWRF3VQZ\TFMDTXRI/I8400000,153738,154110,154334,154346
C:\ct2_P2P3\HCC Surveillance\cf4811cc\YWRF3VQZ\TFMDTXRI/I6000000,153738,154110,154254,154306
C:\ct2_P2P3\HCC Surveillance\cf4811cc\YWRF3VQZ\TFMDTXRI/I8300000,153738,154110,154334,154417
C:\ct2_P2P3\HCC Surveillance\cf4811cc\YWRF3VQZ\TFMDTXRI/I5000000,153738,154110,154254,154305
C:\ct2_P2P3\HCC Surveillance\cf4811cc\YWRF3VQZ\TFMDTXRI/I8200000,153738,154110,154334,154417
C:\ct2_P2P3\HCC Surveillance\cf4811cc\YWRF3VQZ\TFMDTXRI/I4000000,153738,154110,154254,154305
C:\ct2_P2P3\HCC Surveillance\cf4811cc\YWRF3VQZ\TFMDTXRI/I8100000,153738,154110,154334,154416
C:\ct2_P2P3\HCC Surveillance\cf4811cc\YWRF3VQZ\TFMDTXRI/I3000000,153738,154110,154254,154304
C:\ct2_P2P3\HCC Surveillance\cf4811cc\YWRF3VQZ\TFMDTXRI/I8000001,153738,154110,154334,154416
C:\ct2_P2P3\HCC Surveillance\cf4811cc\YWRF3VQZ\TFMDTXRI/I2000000,153738,154110,154254,154303
C:\ct2_P2P3\HCC Surveillance\cf4811cc\YWRF3VQZ\TFMDTXRI/I7900000,153738,154110,154334,154415
C:\ct2_P2P3\HCC Surveillance\cf4811cc\YWRF3VQZ\TFMDTXRI/I1000000,153738,154110,154254,154302
C:\ct2_P2P3\HCC Surveillance\cf4811cc\YWRF3VQZ\TFMDTXRI/I7800000,153738,154110,154334,154415
C:\ct2_P2P3\HCC Surveillance\cf4811cc\YWRF3VQZ\TFMDTXRI/I7700000,153738,154110,154334,154414
C:\ct2_P2P3\HCC Surveillance\cf4811cc\YWRF3VQZ\TFMDTXRI/I7600000,153738,154110,154334,154413
C:\ct2_P2P3\HCC Surveillance\cf4811cc\YWRF3VQZ\TFMDTXRI/I7500000,153738,154110,154334,154412
C:\ct2_P2P3\HCC Surveillance\cf4811cc\YWRF3VQZ\TFMDTXRI/I7400000,153738,154110,154334,154412
C:\ct2_P2P3\HCC Surveillance\cf4811cc\YWRF3VQZ\TFMDTXRI/I7300000,153738,154110,154334,154411
C:\ct2_P2P3\HCC Surveillance\cf4811cc\YWRF3VQZ\TFMDTXRI/I7200000,153738,154110,154334,154410
C:\ct2_P2P3\HCC Surveillance\cf4811cc\YWRF3VQZ\TFMDTXRI/I7100000,153738,154110,154334,154409
C:\ct2_P2P3\HCC Surveillance\cf4811cc\YWRF3VQZ\TFMDTXRI/I7000001,153738,154110,154334,154408
C:\ct2_P2P3\HCC Surveillance\cf4811cc\YWRF3VQZ\TFMDTXRI/I6900000,153738,154110,154334,154407
C:\ct2_P2P3\HCC Surveillance\cf4811cc\YWRF3VQZ\TFMDTXRI/I6800000,153738,154110,154334,154407
C:\ct2_P2P3\HCC Surveillance\cf4811cc\YWRF3VQZ\TFMDTXRI/I6700000,153738,154110,154334,154406
C:\ct2_P2P3\HCC Surveillance\cf4811cc\YWRF3VQZ\TFMDTXRI/I6600000,153738,154110,154334,154405
C:\ct2_P2P3\HCC Surveillance\cf4811cc\YWRF3VQZ\TFMDTXRI/I6500000,153738,154110,154334,154404
C:\ct2_P2P3\HCC Surveillance\cf4811cc\YWRF3VQZ\TFMDTXRI/I6400000,153738,154110,154334,154403
C:\ct2_P2P3\HCC Surveillance\cf4811cc\YWRF3VQZ\TFMDTXRI/I6300000,153738,154110,154334,154402
C:\ct2_P2P3\HCC Surveillance\cf4811cc\YWRF3VQZ\TFMDTXRI/I6200000,153738,154110,154334,154402
C:\ct2_P2P3\HCC Surveillance\cf4811cc\YWRF3VQZ\TFMDTXRI/I6100000,153738,154110,154334,154401
C:\ct2_P2P3\HCC Surveillance\cf4811cc\YWRF3VQZ\TFMDTXRI/I6000001,153738,154110,154334,154400
C:\ct2_P2P3\HCC Surveillance\cf4811cc\YWRF3VQZ\TFMDTXRI/I5900000,153738,154110,154334,154359
C:\ct2_P2P3\HCC Surveillance\cf4811cc\YWRF3VQZ\TFMDTXRI/I5800000,153738,154110,154334,154358
C:\ct2_P2P3\HCC Surveillance\cf4811cc\YWRF3VQZ\TFMDTXRI/I5700000,153738,154110,154334,154357
C:\ct2_P2P3\HCC Surveillance\cf4811cc\YWRF3VQZ\TFMDTXRI/I5600000,153738,154110,154334,154356
C:\ct2_P2P3\HCC Surveillance\cf4811cc\YWRF3VQZ\TFMDTXRI/I5500000,153738,154110,154334,154356
C:\ct2_P2P3\HCC Surveillance\cf4811cc\YWRF3VQZ\TFMDTXRI/I5400000,153738,154110,154334,154355
C:\ct2_P2P3\HCC Surveillance\cf4811cc\YWRF3VQZ\TFMDTXRI/I5300000,153738,154110,154334,154354
C:\ct2_P2P3\HCC Surveillance\cf4811cc\YWRF3VQZ\TFMDTXRI/I5200000,153738,154110,154334,154353
C:\ct2_P2P3\HCC Surveillance\cf4811cc\YWRF3VQZ\TFMDTXRI/I5100000,153738,154110,154334,154352
C:\ct2_P2P3\HCC Surveillance\cf4811cc\YWRF3VQZ\TFMDTXRI/I5000001,153738,154110,154334,154351
C:\ct2_P2P3\HCC Surveillance\cf4811cc\YWRF3VQZ\TFMDTXRI/I4900000,153738,154110,154334,154351
C:\ct2_P2P3\HCC Surveillance\cf4811cc\YWRF3VQZ\TFMDTXRI/I4800000,153738,154110,154334,154350
C:\ct2_P2P3\HCC Surveillance\cf4811cc\YWRF3VQZ\TFMDTXRI/I4700000,153738,154110,154334,154349
C:\ct2_P2P3\HCC Surveillance\cf4811cc\YWRF3VQZ\TFMDTXRI/I4600000,153738,154110,154334,154348
C:\ct2_P2P3\HCC Surveillance\cf4811cc\YWRF3VQZ\TFMDTXRI/I4500000,153738,154110,154334,154347
C:\ct2_P2P3\HCC Surveillance\cf4811cc\YWRF3VQZ\TFMDTXRI/I4400000,153738,154110,154334,154346
C:\ct2_P2P3\HCC Surveillance\cf4811cc\YWRF3VQZ\TFMDTXRI/I4300000,153738,154110,154334,154346
C:\ct2_P2P3\HCC Surveillance\cf4811cc\YWRF3VQZ\TFMDTXRI/I4200000,153738,154110,154334,154345
C:\ct2_P2P3\HCC Surveillance\cf4811cc\YWRF3VQZ\TFMDTXRI/I4100000,153738,154110,154334,154344
C:\ct2_P2P3\HCC Surveillance\cf4811cc\YWRF3VQZ\TFMDTXRI/I4000001,153738,154110,154334,154343
C:\ct2_P2P3\HCC Surveillance\cf4811cc\YWRF3VQZ\TFMDTXRI/I3900000,153738,154110,154334,154342
