0008|0030,0008|0031,0008|0032,0008|0033,
C:\ct2_P2P3\HCC Surveillance\cf4811cc\YWRF3VQZ\WEMPTXRI/I3800000,153738,153851,153917,153942
C:\ct2_P2P3\HCC Surveillance\cf4811cc\YWRF3VQZ\WEMPTXRI/I3700000,153738,153851,153917,153941
C:\ct2_P2P3\HCC Surveillance\cf4811cc\YWRF3VQZ\WEMPTXRI/I3600000,153738,153851,153917,153941
C:\ct2_P2P3\HCC Surveillance\cf4811cc\YWRF3VQZ\WEMPTXRI/I3500000,153738,153851,153917,153940
C:\ct2_P2P3\HCC Surveillance\cf4811cc\YWRF3VQZ\WEMPTXRI/I3400000,153738,153851,153917,153940
C:\ct2_P2P3\HCC Surveillance\cf4811cc\YWRF3VQZ\WEMPTXRI/I3300000,153738,153851,153917,153939
C:\ct2_P2P3\HCC Surveillance\cf4811cc\YWRF3VQZ\WEMPTXRI/I3200000,153738,153851,153917,153938
C:\ct2_P2P3\HCC Surveillance\cf4811cc\YWRF3VQZ\WEMPTXRI/I3100000,153738,153851,153917,153938
C:\ct2_P2P3\HCC Surveillance\cf4811cc\YWRF3VQZ\WEMPTXRI/I3000001,153738,153851,153917,153937
C:\ct2_P2P3\HCC Surveillance\cf4811cc\YWRF3VQZ\WEMPTXRI/I2900000,153738,153851,153917,153936
C:\ct2_P2P3\HCC Surveillance\cf4811cc\YWRF3VQZ\WEMPTXRI/I2800000,153738,153851,153917,153935
C:\ct2_P2P3\HCC Surveillance\cf4811cc\YWRF3VQZ\WEMPTXRI/I2700000,153738,153851,153917,153934
C:\ct2_P2P3\HCC Surveillance\cf4811cc\YWRF3VQZ\WEMPTXRI/I2600000,153738,153851,153917,153933
C:\ct2_P2P3\HCC Surveillance\cf4811cc\YWRF3VQZ\WEMPTXRI/I2500000,153738,153851,153917,153932
C:\ct2_P2P3\HCC Surveillance\cf4811cc\YWRF3VQZ\WEMPTXRI/I2400000,153738,153851,153917,153931
C:\ct2_P2P3\HCC Surveillance\cf4811cc\YWRF3VQZ\WEMPTXRI/I2300000,153738,153851,153917,153930
C:\ct2_P2P3\HCC Surveillance\cf4811cc\YWRF3VQZ\WEMPTXRI/I2200000,153738,153851,153917,153930
C:\ct2_P2P3\HCC Surveillance\cf4811cc\YWRF3VQZ\WEMPTXRI/I2100000,153738,153851,153917,153929
C:\ct2_P2P3\HCC Surveillance\cf4811cc\YWRF3VQZ\WEMPTXRI/I2000001,153738,153851,153917,153928
C:\ct2_P2P3\HCC Surveillance\cf4811cc\YWRF3VQZ\WEMPTXRI/I1900000,153738,153851,153917,153939
C:\ct2_P2P3\HCC Surveillance\cf4811cc\YWRF3VQZ\WEMPTXRI/I1800000,153738,153851,153917,153939
C:\ct2_P2P3\HCC Surveillance\cf4811cc\YWRF3VQZ\WEMPTXRI/I1700000,153738,153851,153917,153938
C:\ct2_P2P3\HCC Surveillance\cf4811cc\YWRF3VQZ\WEMPTXRI/I1600000,153738,153851,153917,153938
C:\ct2_P2P3\HCC Surveillance\cf4811cc\YWRF3VQZ\WEMPTXRI/I1500000,153738,153851,153917,153937
C:\ct2_P2P3\HCC Surveillance\cf4811cc\YWRF3VQZ\WEMPTXRI/I1400000,153738,153851,153917,153937
C:\ct2_P2P3\HCC Surveillance\cf4811cc\YWRF3VQZ\WEMPTXRI/I1300000,153738,153851,153917,153936
C:\ct2_P2P3\HCC Surveillance\cf4811cc\YWRF3VQZ\WEMPTXRI/I1200000,153738,153851,153917,153935
C:\ct2_P2P3\HCC Surveillance\cf4811cc\YWRF3VQZ\WEMPTXRI/I1100000,153738,153851,153917,153934
C:\ct2_P2P3\HCC Surveillance\cf4811cc\YWRF3VQZ\WEMPTXRI/I1000001,153738,153851,153917,153933
C:\ct2_P2P3\HCC Surveillance\cf4811cc\YWRF3VQZ\WEMPTXRI/I9000000,153738,153851,153917,153933
C:\ct2_P2P3\HCC Surveillance\cf4811cc\YWRF3VQZ\WEMPTXRI/I8000000,153738,153851,153917,153932
C:\ct2_P2P3\HCC Surveillance\cf4811cc\YWRF3VQZ\WEMPTXRI/I7000000,153738,153851,153917,153931
C:\ct2_P2P3\HCC Surveillance\cf4811cc\YWRF3VQZ\WEMPTXRI/I6000000,153738,153851,153917,153930
C:\ct2_P2P3\HCC Surveillance\cf4811cc\YWRF3VQZ\WEMPTXRI/I5000000,153738,153851,153917,153929
C:\ct2_P2P3\HCC Surveillance\cf4811cc\YWRF3VQZ\WEMPTXRI/I4000000,153738,153851,153917,153928
C:\ct2_P2P3\HCC Surveillance\cf4811cc\YWRF3VQZ\WEMPTXRI/I3000000,153738,153851,153917,153927
C:\ct2_P2P3\HCC Surveillance\cf4811cc\YWRF3VQZ\WEMPTXRI/I2000000,153738,153851,153917,153926
C:\ct2_P2P3\HCC Surveillance\cf4811cc\YWRF3VQZ\WEMPTXRI/I1000000,153738,153851,153917,153926
