0008|0030,0008|0031,0008|0032,0008|0033,
C:\ct2_P2P3\HCC\cf4aa825\KTPHZ2DY\KYIK2G32/I3900000,151258,151409,151437,151502
C:\ct2_P2P3\HCC\cf4aa825\KTPHZ2DY\KYIK2G32/I3800000,151258,151409,151437,151502
C:\ct2_P2P3\HCC\cf4aa825\KTPHZ2DY\KYIK2G32/I3700000,151258,151409,151437,151502
C:\ct2_P2P3\HCC\cf4aa825\KTPHZ2DY\KYIK2G32/I3600000,151258,151409,151437,151501
C:\ct2_P2P3\HCC\cf4aa825\KTPHZ2DY\KYIK2G32/I3500000,151258,151409,151437,151500
C:\ct2_P2P3\HCC\cf4aa825\KTPHZ2DY\KYIK2G32/I3400000,151258,151409,151437,151500
C:\ct2_P2P3\HCC\cf4aa825\KTPHZ2DY\KYIK2G32/I3300000,151258,151409,151437,151459
C:\ct2_P2P3\HCC\cf4aa825\KTPHZ2DY\KYIK2G32/I3200000,151258,151409,151437,151458
C:\ct2_P2P3\HCC\cf4aa825\KTPHZ2DY\KYIK2G32/I3100000,151258,151409,151437,151457
C:\ct2_P2P3\HCC\cf4aa825\KTPHZ2DY\KYIK2G32/I3000001,151258,151409,151437,151457
C:\ct2_P2P3\HCC\cf4aa825\KTPHZ2DY\KYIK2G32/I2900000,151258,151409,151437,151456
C:\ct2_P2P3\HCC\cf4aa825\KTPHZ2DY\KYIK2G32/I2800000,151258,151409,151437,151455
C:\ct2_P2P3\HCC\cf4aa825\KTPHZ2DY\KYIK2G32/I2700000,151258,151409,151437,151454
C:\ct2_P2P3\HCC\cf4aa825\KTPHZ2DY\KYIK2G32/I2600000,151258,151409,151437,151453
C:\ct2_P2P3\HCC\cf4aa825\KTPHZ2DY\KYIK2G32/I2500000,151258,151409,151437,151452
C:\ct2_P2P3\HCC\cf4aa825\KTPHZ2DY\KYIK2G32/I2400000,151258,151409,151437,151451
C:\ct2_P2P3\HCC\cf4aa825\KTPHZ2DY\KYIK2G32/I2300000,151258,151409,151437,151450
C:\ct2_P2P3\HCC\cf4aa825\KTPHZ2DY\KYIK2G32/I2200000,151258,151409,151437,151449
C:\ct2_P2P3\HCC\cf4aa825\KTPHZ2DY\KYIK2G32/I2100000,151258,151409,151437,151448
C:\ct2_P2P3\HCC\cf4aa825\KTPHZ2DY\KYIK2G32/I2000001,151258,151409,151437,151448
C:\ct2_P2P3\HCC\cf4aa825\KTPHZ2DY\KYIK2G32/I1900000,151258,151409,151437,151459
C:\ct2_P2P3\HCC\cf4aa825\KTPHZ2DY\KYIK2G32/I1800000,151258,151409,151437,151459
C:\ct2_P2P3\HCC\cf4aa825\KTPHZ2DY\KYIK2G32/I1700000,151258,151409,151437,151458
C:\ct2_P2P3\HCC\cf4aa825\KTPHZ2DY\KYIK2G32/I1600000,151258,151409,151437,151458
C:\ct2_P2P3\HCC\cf4aa825\KTPHZ2DY\KYIK2G32/I1500000,151258,151409,151437,151457
C:\ct2_P2P3\HCC\cf4aa825\KTPHZ2DY\KYIK2G32/I1400000,151258,151409,151437,151457
C:\ct2_P2P3\HCC\cf4aa825\KTPHZ2DY\KYIK2G32/I1300000,151258,151409,151437,151456
C:\ct2_P2P3\HCC\cf4aa825\KTPHZ2DY\KYIK2G32/I1200000,151258,151409,151437,151455
C:\ct2_P2P3\HCC\cf4aa825\KTPHZ2DY\KYIK2G32/I1100000,151258,151409,151437,151454
C:\ct2_P2P3\HCC\cf4aa825\KTPHZ2DY\KYIK2G32/I1000001,151258,151409,151437,151453
C:\ct2_P2P3\HCC\cf4aa825\KTPHZ2DY\KYIK2G32/I9000000,151258,151409,151437,151453
C:\ct2_P2P3\HCC\cf4aa825\KTPHZ2DY\KYIK2G32/I8000000,151258,151409,151437,151452
C:\ct2_P2P3\HCC\cf4aa825\KTPHZ2DY\KYIK2G32/I7000000,151258,151409,151437,151451
C:\ct2_P2P3\HCC\cf4aa825\KTPHZ2DY\KYIK2G32/I6000000,151258,151409,151437,151450
C:\ct2_P2P3\HCC\cf4aa825\KTPHZ2DY\KYIK2G32/I5000000,151258,151409,151437,151449
C:\ct2_P2P3\HCC\cf4aa825\KTPHZ2DY\KYIK2G32/I4000000,151258,151409,151437,151448
C:\ct2_P2P3\HCC\cf4aa825\KTPHZ2DY\KYIK2G32/I3000000,151258,151409,151437,151447
C:\ct2_P2P3\HCC\cf4aa825\KTPHZ2DY\KYIK2G32/I2000000,151258,151409,151437,151446
C:\ct2_P2P3\HCC\cf4aa825\KTPHZ2DY\KYIK2G32/I1000000,151258,151409,151437,151446
