0008|0030,0008|0031,0008|0032,0008|0033,
C:\ct2_P2P3\Non-HCC\dcbddc1b\JMXCREDH\I20PAWEZ/I2730000,155801,155852,155926.457417 ,155926.457417 
C:\ct2_P2P3\Non-HCC\dcbddc1b\JMXCREDH\I20PAWEZ/I2720000,155801,155852,155926.457417 ,155926.457417 
C:\ct2_P2P3\Non-HCC\dcbddc1b\JMXCREDH\I20PAWEZ/I2710000,155801,155852,155926.457417 ,155926.457417 
C:\ct2_P2P3\Non-HCC\dcbddc1b\JMXCREDH\I20PAWEZ/I2700001,155801,155852,155926.457417 ,155926.457417 
C:\ct2_P2P3\Non-HCC\dcbddc1b\JMXCREDH\I20PAWEZ/I2690000,155801,155852,155926.457417 ,155926.457417 
C:\ct2_P2P3\Non-HCC\dcbddc1b\JMXCREDH\I20PAWEZ/I2680000,155801,155852,155926.457417 ,155926.457417 
C:\ct2_P2P3\Non-HCC\dcbddc1b\JMXCREDH\I20PAWEZ/I2670000,155801,155852,155926.457417 ,155926.457417 
C:\ct2_P2P3\Non-HCC\dcbddc1b\JMXCREDH\I20PAWEZ/I2660000,155801,155852,155926.457417 ,155926.457417 
C:\ct2_P2P3\Non-HCC\dcbddc1b\JMXCREDH\I20PAWEZ/I2650000,155801,155852,155926.457417 ,155926.457417 
C:\ct2_P2P3\Non-HCC\dcbddc1b\JMXCREDH\I20PAWEZ/I2640000,155801,155852,155926.457417 ,155926.457417 
C:\ct2_P2P3\Non-HCC\dcbddc1b\JMXCREDH\I20PAWEZ/I2630000,155801,155852,155926.457417 ,155926.457417 
C:\ct2_P2P3\Non-HCC\dcbddc1b\JMXCREDH\I20PAWEZ/I2620000,155801,155852,155926.457417 ,155926.457417 
C:\ct2_P2P3\Non-HCC\dcbddc1b\JMXCREDH\I20PAWEZ/I2610000,155801,155852,155926.457417 ,155926.457417 
C:\ct2_P2P3\Non-HCC\dcbddc1b\JMXCREDH\I20PAWEZ/I2600001,155801,155852,155926.457417 ,155926.457417 
C:\ct2_P2P3\Non-HCC\dcbddc1b\JMXCREDH\I20PAWEZ/I2590000,155801,155852,155926.457417 ,155926.457417 
C:\ct2_P2P3\Non-HCC\dcbddc1b\JMXCREDH\I20PAWEZ/I2580000,155801,155852,155926.457417 ,155926.457417 
C:\ct2_P2P3\Non-HCC\dcbddc1b\JMXCREDH\I20PAWEZ/I2570000,155801,155852,155926.457417 ,155926.457417 
C:\ct2_P2P3\Non-HCC\dcbddc1b\JMXCREDH\I20PAWEZ/I2560000,155801,155852,155926.457417 ,155926.457417 
C:\ct2_P2P3\Non-HCC\dcbddc1b\JMXCREDH\I20PAWEZ/I2550000,155801,155852,155926.457417 ,155926.457417 
C:\ct2_P2P3\Non-HCC\dcbddc1b\JMXCREDH\I20PAWEZ/I2540000,155801,155852,155926.457417 ,155926.457417 
C:\ct2_P2P3\Non-HCC\dcbddc1b\JMXCREDH\I20PAWEZ/I2530000,155801,155852,155926.457417 ,155926.457417 
C:\ct2_P2P3\Non-HCC\dcbddc1b\JMXCREDH\I20PAWEZ/I2520000,155801,155852,155926.457417 ,155926.457417 
C:\ct2_P2P3\Non-HCC\dcbddc1b\JMXCREDH\I20PAWEZ/I2510000,155801,155852,155926.457417 ,155926.457417 
C:\ct2_P2P3\Non-HCC\dcbddc1b\JMXCREDH\I20PAWEZ/I2500001,155801,155852,155926.457417 ,155926.457417 
C:\ct2_P2P3\Non-HCC\dcbddc1b\JMXCREDH\I20PAWEZ/I2490000,155801,155852,155926.457417 ,155926.457417 
C:\ct2_P2P3\Non-HCC\dcbddc1b\JMXCREDH\I20PAWEZ/I2480000,155801,155852,155926.457417 ,155926.457417 
C:\ct2_P2P3\Non-HCC\dcbddc1b\JMXCREDH\I20PAWEZ/I2470000,155801,155852,155926.457417 ,155926.457417 
C:\ct2_P2P3\Non-HCC\dcbddc1b\JMXCREDH\I20PAWEZ/I2460000,155801,155852,155926.457417 ,155926.457417 
C:\ct2_P2P3\Non-HCC\dcbddc1b\JMXCREDH\I20PAWEZ/I2450000,155801,155852,155926.457417 ,155926.457417 
C:\ct2_P2P3\Non-HCC\dcbddc1b\JMXCREDH\I20PAWEZ/I2440000,155801,155852,155926.457417 ,155926.457417 
C:\ct2_P2P3\Non-HCC\dcbddc1b\JMXCREDH\I20PAWEZ/I2430000,155801,155852,155926.457417 ,155926.457417 
C:\ct2_P2P3\Non-HCC\dcbddc1b\JMXCREDH\I20PAWEZ/I2420000,155801,155852,155926.457417 ,155926.457417 
C:\ct2_P2P3\Non-HCC\dcbddc1b\JMXCREDH\I20PAWEZ/I2410000,155801,155852,155926.457417 ,155926.457417 
C:\ct2_P2P3\Non-HCC\dcbddc1b\JMXCREDH\I20PAWEZ/I2400001,155801,155852,155926.457417 ,155926.457417 
C:\ct2_P2P3\Non-HCC\dcbddc1b\JMXCREDH\I20PAWEZ/I2390000,155801,155852,155926.457417 ,155926.457417 
C:\ct2_P2P3\Non-HCC\dcbddc1b\JMXCREDH\I20PAWEZ/I2380000,155801,155852,155926.457417 ,155926.457417 
C:\ct2_P2P3\Non-HCC\dcbddc1b\JMXCREDH\I20PAWEZ/I2370000,155801,155852,155926.457417 ,155926.457417 
C:\ct2_P2P3\Non-HCC\dcbddc1b\JMXCREDH\I20PAWEZ/I2360000,155801,155852,155926.457417 ,155926.457417 
C:\ct2_P2P3\Non-HCC\dcbddc1b\JMXCREDH\I20PAWEZ/I2350000,155801,155852,155926.457417 ,155926.457417 
C:\ct2_P2P3\Non-HCC\dcbddc1b\JMXCREDH\I20PAWEZ/I2340000,155801,155852,155926.457417 ,155926.457417 
C:\ct2_P2P3\Non-HCC\dcbddc1b\JMXCREDH\I20PAWEZ/I2330000,155801,155852,155926.457417 ,155926.457417 
C:\ct2_P2P3\Non-HCC\dcbddc1b\JMXCREDH\I20PAWEZ/I2320000,155801,155852,155926.457417 ,155926.457417 
C:\ct2_P2P3\Non-HCC\dcbddc1b\JMXCREDH\I20PAWEZ/I2310000,155801,155852,155926.457417 ,155926.457417 
C:\ct2_P2P3\Non-HCC\dcbddc1b\JMXCREDH\I20PAWEZ/I2300001,155801,155852,155926.457417 ,155926.457417 
C:\ct2_P2P3\Non-HCC\dcbddc1b\JMXCREDH\I20PAWEZ/I2290000,155801,155852,155926.457417 ,155926.457417 
C:\ct2_P2P3\Non-HCC\dcbddc1b\JMXCREDH\I20PAWEZ/I2280000,155801,155852,155926.457417 ,155926.457417 
C:\ct2_P2P3\Non-HCC\dcbddc1b\JMXCREDH\I20PAWEZ/I2270000,155801,155852,155926.457417 ,155926.457417 
C:\ct2_P2P3\Non-HCC\dcbddc1b\JMXCREDH\I20PAWEZ/I2260000,155801,155852,155926.457417 ,155926.457417 
C:\ct2_P2P3\Non-HCC\dcbddc1b\JMXCREDH\I20PAWEZ/I2250000,155801,155852,155926.457417 ,155926.457417 
C:\ct2_P2P3\Non-HCC\dcbddc1b\JMXCREDH\I20PAWEZ/I2240000,155801,155852,155926.457417 ,155926.457417 
C:\ct2_P2P3\Non-HCC\dcbddc1b\JMXCREDH\I20PAWEZ/I2230000,155801,155852,155926.457417 ,155926.457417 
C:\ct2_P2P3\Non-HCC\dcbddc1b\JMXCREDH\I20PAWEZ/I2220000,155801,155852,155926.457417 ,155926.457417 
C:\ct2_P2P3\Non-HCC\dcbddc1b\JMXCREDH\I20PAWEZ/I2210000,155801,155852,155926.457417 ,155926.457417 
C:\ct2_P2P3\Non-HCC\dcbddc1b\JMXCREDH\I20PAWEZ/I2200001,155801,155852,155926.457417 ,155926.457417 
C:\ct2_P2P3\Non-HCC\dcbddc1b\JMXCREDH\I20PAWEZ/I2190000,155801,155852,155926.457417 ,155926.457417 
C:\ct2_P2P3\Non-HCC\dcbddc1b\JMXCREDH\I20PAWEZ/I2180000,155801,155852,155926.457417 ,155926.457417 
C:\ct2_P2P3\Non-HCC\dcbddc1b\JMXCREDH\I20PAWEZ/I2170000,155801,155852,155926.457417 ,155926.457417 
C:\ct2_P2P3\Non-HCC\dcbddc1b\JMXCREDH\I20PAWEZ/I2160000,155801,155852,155926.457417 ,155926.457417 
C:\ct2_P2P3\Non-HCC\dcbddc1b\JMXCREDH\I20PAWEZ/I2150000,155801,155852,155926.457417 ,155926.457417 
C:\ct2_P2P3\Non-HCC\dcbddc1b\JMXCREDH\I20PAWEZ/I2140000,155801,155852,155926.457417 ,155926.457417 
C:\ct2_P2P3\Non-HCC\dcbddc1b\JMXCREDH\I20PAWEZ/I2130000,155801,155852,155926.457417 ,155926.457417 
C:\ct2_P2P3\Non-HCC\dcbddc1b\JMXCREDH\I20PAWEZ/I2120000,155801,155852,155926.457417 ,155926.457417 
C:\ct2_P2P3\Non-HCC\dcbddc1b\JMXCREDH\I20PAWEZ/I2110000,155801,155852,155926.457417 ,155926.457417 
C:\ct2_P2P3\Non-HCC\dcbddc1b\JMXCREDH\I20PAWEZ/I2100001,155801,155852,155926.457417 ,155926.457417 
C:\ct2_P2P3\Non-HCC\dcbddc1b\JMXCREDH\I20PAWEZ/I2090000,155801,155852,155926.457417 ,155926.457417 
C:\ct2_P2P3\Non-HCC\dcbddc1b\JMXCREDH\I20PAWEZ/I2080000,155801,155852,155926.457417 ,155926.457417 
C:\ct2_P2P3\Non-HCC\dcbddc1b\JMXCREDH\I20PAWEZ/I2070000,155801,155852,155926.457417 ,155926.457417 
C:\ct2_P2P3\Non-HCC\dcbddc1b\JMXCREDH\I20PAWEZ/I2060000,155801,155852,155926.457417 ,155926.457417 
C:\ct2_P2P3\Non-HCC\dcbddc1b\JMXCREDH\I20PAWEZ/I2050000,155801,155852,155926.457417 ,155926.457417 
C:\ct2_P2P3\Non-HCC\dcbddc1b\JMXCREDH\I20PAWEZ/I2040000,155801,155852,155926.457417 ,155926.457417 
C:\ct2_P2P3\Non-HCC\dcbddc1b\JMXCREDH\I20PAWEZ/I2030000,155801,155852,155926.457417 ,155926.457417 
C:\ct2_P2P3\Non-HCC\dcbddc1b\JMXCREDH\I20PAWEZ/I2020000,155801,155852,155926.457417 ,155926.457417 
C:\ct2_P2P3\Non-HCC\dcbddc1b\JMXCREDH\I20PAWEZ/I2010000,155801,155852,155926.457417 ,155926.457417 
C:\ct2_P2P3\Non-HCC\dcbddc1b\JMXCREDH\I20PAWEZ/I2000002,155801,155852,155926.457417 ,155926.457417 
C:\ct2_P2P3\Non-HCC\dcbddc1b\JMXCREDH\I20PAWEZ/I1990000,155801,155852,155926.457417 ,155926.457417 
C:\ct2_P2P3\Non-HCC\dcbddc1b\JMXCREDH\I20PAWEZ/I1980000,155801,155852,155926.457417 ,155926.457417 
C:\ct2_P2P3\Non-HCC\dcbddc1b\JMXCREDH\I20PAWEZ/I1970000,155801,155852,155926.457417 ,155926.457417 
C:\ct2_P2P3\Non-HCC\dcbddc1b\JMXCREDH\I20PAWEZ/I1960000,155801,155852,155926.457417 ,155926.457417 
C:\ct2_P2P3\Non-HCC\dcbddc1b\JMXCREDH\I20PAWEZ/I1950000,155801,155852,155926.457417 ,155926.457417 
C:\ct2_P2P3\Non-HCC\dcbddc1b\JMXCREDH\I20PAWEZ/I1940000,155801,155852,155926.457417 ,155926.457417 
C:\ct2_P2P3\Non-HCC\dcbddc1b\JMXCREDH\I20PAWEZ/I1930000,155801,155852,155926.457417 ,155926.457417 
C:\ct2_P2P3\Non-HCC\dcbddc1b\JMXCREDH\I20PAWEZ/I1920000,155801,155852,155926.457417 ,155926.457417 
C:\ct2_P2P3\Non-HCC\dcbddc1b\JMXCREDH\I20PAWEZ/I1910000,155801,155852,155926.457417 ,155926.457417 
C:\ct2_P2P3\Non-HCC\dcbddc1b\JMXCREDH\I20PAWEZ/I1900001,155801,155852,155926.457417 ,155926.457417 
C:\ct2_P2P3\Non-HCC\dcbddc1b\JMXCREDH\I20PAWEZ/I1890000,155801,155852,155926.457417 ,155926.457417 
C:\ct2_P2P3\Non-HCC\dcbddc1b\JMXCREDH\I20PAWEZ/I1880000,155801,155852,155926.457417 ,155926.457417 
C:\ct2_P2P3\Non-HCC\dcbddc1b\JMXCREDH\I20PAWEZ/I1870000,155801,155852,155926.457417 ,155926.457417 
C:\ct2_P2P3\Non-HCC\dcbddc1b\JMXCREDH\I20PAWEZ/I1860000,155801,155852,155926.457417 ,155926.457417 
C:\ct2_P2P3\Non-HCC\dcbddc1b\JMXCREDH\I20PAWEZ/I1850000,155801,155852,155926.457417 ,155926.457417 
C:\ct2_P2P3\Non-HCC\dcbddc1b\JMXCREDH\I20PAWEZ/I1840000,155801,155852,155926.457417 ,155926.457417 
C:\ct2_P2P3\Non-HCC\dcbddc1b\JMXCREDH\I20PAWEZ/I1830000,155801,155852,155926.457417 ,155926.457417 
C:\ct2_P2P3\Non-HCC\dcbddc1b\JMXCREDH\I20PAWEZ/I1820000,155801,155852,155926.457417 ,155926.457417 
C:\ct2_P2P3\Non-HCC\dcbddc1b\JMXCREDH\I20PAWEZ/I1810000,155801,155852,155926.457417 ,155926.457417 
C:\ct2_P2P3\Non-HCC\dcbddc1b\JMXCREDH\I20PAWEZ/I1800001,155801,155852,155926.457417 ,155926.457417 
C:\ct2_P2P3\Non-HCC\dcbddc1b\JMXCREDH\I20PAWEZ/I1790000,155801,155852,155926.457417 ,155926.457417 
C:\ct2_P2P3\Non-HCC\dcbddc1b\JMXCREDH\I20PAWEZ/I1780000,155801,155852,155926.457417 ,155926.457417 
C:\ct2_P2P3\Non-HCC\dcbddc1b\JMXCREDH\I20PAWEZ/I1770000,155801,155852,155926.457417 ,155926.457417 
C:\ct2_P2P3\Non-HCC\dcbddc1b\JMXCREDH\I20PAWEZ/I1760000,155801,155852,155926.457417 ,155926.457417 
C:\ct2_P2P3\Non-HCC\dcbddc1b\JMXCREDH\I20PAWEZ/I1750000,155801,155852,155926.457417 ,155926.457417 
C:\ct2_P2P3\Non-HCC\dcbddc1b\JMXCREDH\I20PAWEZ/I1740000,155801,155852,155926.457417 ,155926.457417 
C:\ct2_P2P3\Non-HCC\dcbddc1b\JMXCREDH\I20PAWEZ/I1730000,155801,155852,155926.457417 ,155926.457417 
C:\ct2_P2P3\Non-HCC\dcbddc1b\JMXCREDH\I20PAWEZ/I1720000,155801,155852,155926.457417 ,155926.457417 
C:\ct2_P2P3\Non-HCC\dcbddc1b\JMXCREDH\I20PAWEZ/I1710000,155801,155852,155926.457417 ,155926.457417 
C:\ct2_P2P3\Non-HCC\dcbddc1b\JMXCREDH\I20PAWEZ/I1700001,155801,155852,155926.457417 ,155926.457417 
C:\ct2_P2P3\Non-HCC\dcbddc1b\JMXCREDH\I20PAWEZ/I1690000,155801,155852,155926.457417 ,155926.457417 
C:\ct2_P2P3\Non-HCC\dcbddc1b\JMXCREDH\I20PAWEZ/I1680000,155801,155852,155926.457417 ,155926.457417 
C:\ct2_P2P3\Non-HCC\dcbddc1b\JMXCREDH\I20PAWEZ/I1670000,155801,155852,155926.457417 ,155926.457417 
C:\ct2_P2P3\Non-HCC\dcbddc1b\JMXCREDH\I20PAWEZ/I1660000,155801,155852,155926.457417 ,155926.457417 
C:\ct2_P2P3\Non-HCC\dcbddc1b\JMXCREDH\I20PAWEZ/I1650000,155801,155852,155926.457417 ,155926.457417 
C:\ct2_P2P3\Non-HCC\dcbddc1b\JMXCREDH\I20PAWEZ/I1640000,155801,155852,155926.457417 ,155926.457417 
C:\ct2_P2P3\Non-HCC\dcbddc1b\JMXCREDH\I20PAWEZ/I1630000,155801,155852,155926.457417 ,155926.457417 
C:\ct2_P2P3\Non-HCC\dcbddc1b\JMXCREDH\I20PAWEZ/I1620000,155801,155852,155926.457417 ,155926.457417 
C:\ct2_P2P3\Non-HCC\dcbddc1b\JMXCREDH\I20PAWEZ/I1610000,155801,155852,155926.457417 ,155926.457417 
C:\ct2_P2P3\Non-HCC\dcbddc1b\JMXCREDH\I20PAWEZ/I1600001,155801,155852,155926.457417 ,155926.457417 
C:\ct2_P2P3\Non-HCC\dcbddc1b\JMXCREDH\I20PAWEZ/I1590000,155801,155852,155926.457417 ,155926.457417 
C:\ct2_P2P3\Non-HCC\dcbddc1b\JMXCREDH\I20PAWEZ/I1580000,155801,155852,155926.457417 ,155926.457417 
C:\ct2_P2P3\Non-HCC\dcbddc1b\JMXCREDH\I20PAWEZ/I1570000,155801,155852,155926.457417 ,155926.457417 
C:\ct2_P2P3\Non-HCC\dcbddc1b\JMXCREDH\I20PAWEZ/I1560000,155801,155852,155926.457417 ,155926.457417 
C:\ct2_P2P3\Non-HCC\dcbddc1b\JMXCREDH\I20PAWEZ/I1550000,155801,155852,155926.457417 ,155926.457417 
C:\ct2_P2P3\Non-HCC\dcbddc1b\JMXCREDH\I20PAWEZ/I1540000,155801,155852,155926.457417 ,155926.457417 
C:\ct2_P2P3\Non-HCC\dcbddc1b\JMXCREDH\I20PAWEZ/I1530000,155801,155852,155926.457417 ,155926.457417 
C:\ct2_P2P3\Non-HCC\dcbddc1b\JMXCREDH\I20PAWEZ/I1520000,155801,155852,155926.457417 ,155926.457417 
C:\ct2_P2P3\Non-HCC\dcbddc1b\JMXCREDH\I20PAWEZ/I1510000,155801,155852,155926.457417 ,155926.457417 
C:\ct2_P2P3\Non-HCC\dcbddc1b\JMXCREDH\I20PAWEZ/I1500001,155801,155852,155926.457417 ,155926.457417 
C:\ct2_P2P3\Non-HCC\dcbddc1b\JMXCREDH\I20PAWEZ/I1490000,155801,155852,155926.457417 ,155926.457417 
C:\ct2_P2P3\Non-HCC\dcbddc1b\JMXCREDH\I20PAWEZ/I1480000,155801,155852,155926.457417 ,155926.457417 
C:\ct2_P2P3\Non-HCC\dcbddc1b\JMXCREDH\I20PAWEZ/I1470000,155801,155852,155926.457417 ,155926.457417 
C:\ct2_P2P3\Non-HCC\dcbddc1b\JMXCREDH\I20PAWEZ/I1460000,155801,155852,155926.457417 ,155926.457417 
C:\ct2_P2P3\Non-HCC\dcbddc1b\JMXCREDH\I20PAWEZ/I1450000,155801,155852,155926.457417 ,155926.457417 
C:\ct2_P2P3\Non-HCC\dcbddc1b\JMXCREDH\I20PAWEZ/I1440000,155801,155852,155926.457417 ,155926.457417 
C:\ct2_P2P3\Non-HCC\dcbddc1b\JMXCREDH\I20PAWEZ/I1430000,155801,155852,155926.457417 ,155926.457417 
C:\ct2_P2P3\Non-HCC\dcbddc1b\JMXCREDH\I20PAWEZ/I1420000,155801,155852,155926.457417 ,155926.457417 
C:\ct2_P2P3\Non-HCC\dcbddc1b\JMXCREDH\I20PAWEZ/I1410000,155801,155852,155926.457417 ,155926.457417 
C:\ct2_P2P3\Non-HCC\dcbddc1b\JMXCREDH\I20PAWEZ/I1400001,155801,155852,155926.457417 ,155926.457417 
C:\ct2_P2P3\Non-HCC\dcbddc1b\JMXCREDH\I20PAWEZ/I1390000,155801,155852,155926.457417 ,155926.457417 
C:\ct2_P2P3\Non-HCC\dcbddc1b\JMXCREDH\I20PAWEZ/I1380000,155801,155852,155926.457417 ,155926.457417 
C:\ct2_P2P3\Non-HCC\dcbddc1b\JMXCREDH\I20PAWEZ/I1370000,155801,155852,155926.457417 ,155926.457417 
C:\ct2_P2P3\Non-HCC\dcbddc1b\JMXCREDH\I20PAWEZ/I1360000,155801,155852,155926.457417 ,155926.457417 
C:\ct2_P2P3\Non-HCC\dcbddc1b\JMXCREDH\I20PAWEZ/I1350000,155801,155852,155926.457417 ,155926.457417 
C:\ct2_P2P3\Non-HCC\dcbddc1b\JMXCREDH\I20PAWEZ/I1340000,155801,155852,155926.457417 ,155926.457417 
C:\ct2_P2P3\Non-HCC\dcbddc1b\JMXCREDH\I20PAWEZ/I1330000,155801,155852,155926.457417 ,155926.457417 
C:\ct2_P2P3\Non-HCC\dcbddc1b\JMXCREDH\I20PAWEZ/I1320000,155801,155852,155926.457417 ,155926.457417 
C:\ct2_P2P3\Non-HCC\dcbddc1b\JMXCREDH\I20PAWEZ/I1310000,155801,155852,155926.457417 ,155926.457417 
C:\ct2_P2P3\Non-HCC\dcbddc1b\JMXCREDH\I20PAWEZ/I1300001,155801,155852,155926.457417 ,155926.457417 
C:\ct2_P2P3\Non-HCC\dcbddc1b\JMXCREDH\I20PAWEZ/I1290000,155801,155852,155926.457417 ,155926.457417 
C:\ct2_P2P3\Non-HCC\dcbddc1b\JMXCREDH\I20PAWEZ/I1280000,155801,155852,155926.457417 ,155926.457417 
C:\ct2_P2P3\Non-HCC\dcbddc1b\JMXCREDH\I20PAWEZ/I1270000,155801,155852,155926.457417 ,155926.457417 
C:\ct2_P2P3\Non-HCC\dcbddc1b\JMXCREDH\I20PAWEZ/I1260000,155801,155852,155926.457417 ,155926.457417 
C:\ct2_P2P3\Non-HCC\dcbddc1b\JMXCREDH\I20PAWEZ/I1250000,155801,155852,155926.457417 ,155926.457417 
C:\ct2_P2P3\Non-HCC\dcbddc1b\JMXCREDH\I20PAWEZ/I1240000,155801,155852,155926.457417 ,155926.457417 
C:\ct2_P2P3\Non-HCC\dcbddc1b\JMXCREDH\I20PAWEZ/I1230000,155801,155852,155926.457417 ,155926.457417 
C:\ct2_P2P3\Non-HCC\dcbddc1b\JMXCREDH\I20PAWEZ/I1220000,155801,155852,155926.457417 ,155926.457417 
C:\ct2_P2P3\Non-HCC\dcbddc1b\JMXCREDH\I20PAWEZ/I1210000,155801,155852,155926.457417 ,155926.457417 
C:\ct2_P2P3\Non-HCC\dcbddc1b\JMXCREDH\I20PAWEZ/I1200001,155801,155852,155926.457417 ,155926.457417 
C:\ct2_P2P3\Non-HCC\dcbddc1b\JMXCREDH\I20PAWEZ/I1190000,155801,155852,155926.457417 ,155926.457417 
C:\ct2_P2P3\Non-HCC\dcbddc1b\JMXCREDH\I20PAWEZ/I1180000,155801,155852,155926.457417 ,155926.457417 
C:\ct2_P2P3\Non-HCC\dcbddc1b\JMXCREDH\I20PAWEZ/I1170000,155801,155852,155926.457417 ,155926.457417 
C:\ct2_P2P3\Non-HCC\dcbddc1b\JMXCREDH\I20PAWEZ/I1160000,155801,155852,155926.457417 ,155926.457417 
C:\ct2_P2P3\Non-HCC\dcbddc1b\JMXCREDH\I20PAWEZ/I1150000,155801,155852,155926.457417 ,155926.457417 
C:\ct2_P2P3\Non-HCC\dcbddc1b\JMXCREDH\I20PAWEZ/I1140000,155801,155852,155926.457417 ,155926.457417 
C:\ct2_P2P3\Non-HCC\dcbddc1b\JMXCREDH\I20PAWEZ/I1130000,155801,155852,155926.457417 ,155926.457417 
C:\ct2_P2P3\Non-HCC\dcbddc1b\JMXCREDH\I20PAWEZ/I1120000,155801,155852,155926.457417 ,155926.457417 
C:\ct2_P2P3\Non-HCC\dcbddc1b\JMXCREDH\I20PAWEZ/I1110000,155801,155852,155926.457417 ,155926.457417 
C:\ct2_P2P3\Non-HCC\dcbddc1b\JMXCREDH\I20PAWEZ/I1100001,155801,155852,155926.457417 ,155926.457417 
C:\ct2_P2P3\Non-HCC\dcbddc1b\JMXCREDH\I20PAWEZ/I1090000,155801,155852,155926.457417 ,155926.457417 
C:\ct2_P2P3\Non-HCC\dcbddc1b\JMXCREDH\I20PAWEZ/I1080000,155801,155852,155926.457417 ,155926.457417 
C:\ct2_P2P3\Non-HCC\dcbddc1b\JMXCREDH\I20PAWEZ/I1070000,155801,155852,155926.457417 ,155926.457417 
C:\ct2_P2P3\Non-HCC\dcbddc1b\JMXCREDH\I20PAWEZ/I1060000,155801,155852,155926.457417 ,155926.457417 
C:\ct2_P2P3\Non-HCC\dcbddc1b\JMXCREDH\I20PAWEZ/I1050000,155801,155852,155926.457417 ,155926.457417 
C:\ct2_P2P3\Non-HCC\dcbddc1b\JMXCREDH\I20PAWEZ/I1040000,155801,155852,155926.457417 ,155926.457417 
C:\ct2_P2P3\Non-HCC\dcbddc1b\JMXCREDH\I20PAWEZ/I1030000,155801,155852,155926.457417 ,155926.457417 
C:\ct2_P2P3\Non-HCC\dcbddc1b\JMXCREDH\I20PAWEZ/I1020000,155801,155852,155926.457417 ,155926.457417 
C:\ct2_P2P3\Non-HCC\dcbddc1b\JMXCREDH\I20PAWEZ/I1010000,155801,155852,155926.457417 ,155926.457417 
C:\ct2_P2P3\Non-HCC\dcbddc1b\JMXCREDH\I20PAWEZ/I1000002,155801,155852,155926.457417 ,155926.457417 
C:\ct2_P2P3\Non-HCC\dcbddc1b\JMXCREDH\I20PAWEZ/I9900000,155801,155852,155926.457417 ,155926.457417 
C:\ct2_P2P3\Non-HCC\dcbddc1b\JMXCREDH\I20PAWEZ/I9800000,155801,155852,155926.457417 ,155926.457417 
C:\ct2_P2P3\Non-HCC\dcbddc1b\JMXCREDH\I20PAWEZ/I9700000,155801,155852,155926.457417 ,155926.457417 
C:\ct2_P2P3\Non-HCC\dcbddc1b\JMXCREDH\I20PAWEZ/I9600000,155801,155852,155926.457417 ,155926.457417 
C:\ct2_P2P3\Non-HCC\dcbddc1b\JMXCREDH\I20PAWEZ/I9500000,155801,155852,155926.457417 ,155926.457417 
C:\ct2_P2P3\Non-HCC\dcbddc1b\JMXCREDH\I20PAWEZ/I9400000,155801,155852,155926.457417 ,155926.457417 
C:\ct2_P2P3\Non-HCC\dcbddc1b\JMXCREDH\I20PAWEZ/I9300000,155801,155852,155926.457417 ,155926.457417 
C:\ct2_P2P3\Non-HCC\dcbddc1b\JMXCREDH\I20PAWEZ/I9200000,155801,155852,155926.457417 ,155926.457417 
C:\ct2_P2P3\Non-HCC\dcbddc1b\JMXCREDH\I20PAWEZ/I9100000,155801,155852,155926.457417 ,155926.457417 
C:\ct2_P2P3\Non-HCC\dcbddc1b\JMXCREDH\I20PAWEZ/I9000001,155801,155852,155926.457417 ,155926.457417 
C:\ct2_P2P3\Non-HCC\dcbddc1b\JMXCREDH\I20PAWEZ/I8900000,155801,155852,155926.457417 ,155926.457417 
C:\ct2_P2P3\Non-HCC\dcbddc1b\JMXCREDH\I20PAWEZ/I8800000,155801,155852,155926.457417 ,155926.457417 
C:\ct2_P2P3\Non-HCC\dcbddc1b\JMXCREDH\I20PAWEZ/I8700000,155801,155852,155926.457417 ,155926.457417 
C:\ct2_P2P3\Non-HCC\dcbddc1b\JMXCREDH\I20PAWEZ/I8600000,155801,155852,155926.457417 ,155926.457417 
C:\ct2_P2P3\Non-HCC\dcbddc1b\JMXCREDH\I20PAWEZ/I8500000,155801,155852,155926.457417 ,155926.457417 
C:\ct2_P2P3\Non-HCC\dcbddc1b\JMXCREDH\I20PAWEZ/I8400000,155801,155852,155926.457417 ,155926.457417 
C:\ct2_P2P3\Non-HCC\dcbddc1b\JMXCREDH\I20PAWEZ/I8300000,155801,155852,155926.457417 ,155926.457417 
C:\ct2_P2P3\Non-HCC\dcbddc1b\JMXCREDH\I20PAWEZ/I8200000,155801,155852,155926.457417 ,155926.457417 
C:\ct2_P2P3\Non-HCC\dcbddc1b\JMXCREDH\I20PAWEZ/I8100000,155801,155852,155926.457417 ,155926.457417 
C:\ct2_P2P3\Non-HCC\dcbddc1b\JMXCREDH\I20PAWEZ/I8000001,155801,155852,155926.457417 ,155926.457417 
C:\ct2_P2P3\Non-HCC\dcbddc1b\JMXCREDH\I20PAWEZ/I7900000,155801,155852,155926.457417 ,155926.457417 
C:\ct2_P2P3\Non-HCC\dcbddc1b\JMXCREDH\I20PAWEZ/I7800000,155801,155852,155926.457417 ,155926.457417 
C:\ct2_P2P3\Non-HCC\dcbddc1b\JMXCREDH\I20PAWEZ/I7700000,155801,155852,155926.457417 ,155926.457417 
C:\ct2_P2P3\Non-HCC\dcbddc1b\JMXCREDH\I20PAWEZ/I7600000,155801,155852,155926.457417 ,155926.457417 
C:\ct2_P2P3\Non-HCC\dcbddc1b\JMXCREDH\I20PAWEZ/I7500000,155801,155852,155926.457417 ,155926.457417 
C:\ct2_P2P3\Non-HCC\dcbddc1b\JMXCREDH\I20PAWEZ/I7400000,155801,155852,155926.457417 ,155926.457417 
C:\ct2_P2P3\Non-HCC\dcbddc1b\JMXCREDH\I20PAWEZ/I7300000,155801,155852,155926.457417 ,155926.457417 
C:\ct2_P2P3\Non-HCC\dcbddc1b\JMXCREDH\I20PAWEZ/I7200000,155801,155852,155926.457417 ,155926.457417 
C:\ct2_P2P3\Non-HCC\dcbddc1b\JMXCREDH\I20PAWEZ/I7100000,155801,155852,155926.457417 ,155926.457417 
C:\ct2_P2P3\Non-HCC\dcbddc1b\JMXCREDH\I20PAWEZ/I7000001,155801,155852,155926.457417 ,155926.457417 
C:\ct2_P2P3\Non-HCC\dcbddc1b\JMXCREDH\I20PAWEZ/I6900000,155801,155852,155926.457417 ,155926.457417 
C:\ct2_P2P3\Non-HCC\dcbddc1b\JMXCREDH\I20PAWEZ/I6800000,155801,155852,155926.457417 ,155926.457417 
C:\ct2_P2P3\Non-HCC\dcbddc1b\JMXCREDH\I20PAWEZ/I6700000,155801,155852,155926.457417 ,155926.457417 
C:\ct2_P2P3\Non-HCC\dcbddc1b\JMXCREDH\I20PAWEZ/I6600000,155801,155852,155926.457417 ,155926.457417 
C:\ct2_P2P3\Non-HCC\dcbddc1b\JMXCREDH\I20PAWEZ/I6500000,155801,155852,155926.457417 ,155926.457417 
C:\ct2_P2P3\Non-HCC\dcbddc1b\JMXCREDH\I20PAWEZ/I6400000,155801,155852,155926.457417 ,155926.457417 
C:\ct2_P2P3\Non-HCC\dcbddc1b\JMXCREDH\I20PAWEZ/I6300000,155801,155852,155926.457417 ,155926.457417 
C:\ct2_P2P3\Non-HCC\dcbddc1b\JMXCREDH\I20PAWEZ/I6200000,155801,155852,155926.457417 ,155926.457417 
C:\ct2_P2P3\Non-HCC\dcbddc1b\JMXCREDH\I20PAWEZ/I6100000,155801,155852,155926.457417 ,155926.457417 
C:\ct2_P2P3\Non-HCC\dcbddc1b\JMXCREDH\I20PAWEZ/I6000001,155801,155852,155926.457417 ,155926.457417 
C:\ct2_P2P3\Non-HCC\dcbddc1b\JMXCREDH\I20PAWEZ/I5900000,155801,155852,155926.457417 ,155926.457417 
C:\ct2_P2P3\Non-HCC\dcbddc1b\JMXCREDH\I20PAWEZ/I5800000,155801,155852,155926.457417 ,155926.457417 
C:\ct2_P2P3\Non-HCC\dcbddc1b\JMXCREDH\I20PAWEZ/I5700000,155801,155852,155926.457417 ,155926.457417 
C:\ct2_P2P3\Non-HCC\dcbddc1b\JMXCREDH\I20PAWEZ/I5600000,155801,155852,155926.457417 ,155926.457417 
C:\ct2_P2P3\Non-HCC\dcbddc1b\JMXCREDH\I20PAWEZ/I5500000,155801,155852,155926.457417 ,155926.457417 
C:\ct2_P2P3\Non-HCC\dcbddc1b\JMXCREDH\I20PAWEZ/I5400000,155801,155852,155926.457417 ,155926.457417 
C:\ct2_P2P3\Non-HCC\dcbddc1b\JMXCREDH\I20PAWEZ/I5300000,155801,155852,155926.457417 ,155926.457417 
C:\ct2_P2P3\Non-HCC\dcbddc1b\JMXCREDH\I20PAWEZ/I5200000,155801,155852,155926.457417 ,155926.457417 
C:\ct2_P2P3\Non-HCC\dcbddc1b\JMXCREDH\I20PAWEZ/I5100000,155801,155852,155926.457417 ,155926.457417 
C:\ct2_P2P3\Non-HCC\dcbddc1b\JMXCREDH\I20PAWEZ/I5000001,155801,155852,155926.457417 ,155926.457417 
C:\ct2_P2P3\Non-HCC\dcbddc1b\JMXCREDH\I20PAWEZ/I4900000,155801,155852,155926.457417 ,155926.457417 
C:\ct2_P2P3\Non-HCC\dcbddc1b\JMXCREDH\I20PAWEZ/I4800000,155801,155852,155926.457417 ,155926.457417 
C:\ct2_P2P3\Non-HCC\dcbddc1b\JMXCREDH\I20PAWEZ/I4700000,155801,155852,155926.457417 ,155926.457417 
C:\ct2_P2P3\Non-HCC\dcbddc1b\JMXCREDH\I20PAWEZ/I4600000,155801,155852,155926.457417 ,155926.457417 
C:\ct2_P2P3\Non-HCC\dcbddc1b\JMXCREDH\I20PAWEZ/I4500000,155801,155852,155926.457417 ,155926.457417 
C:\ct2_P2P3\Non-HCC\dcbddc1b\JMXCREDH\I20PAWEZ/I4400000,155801,155852,155926.457417 ,155926.457417 
C:\ct2_P2P3\Non-HCC\dcbddc1b\JMXCREDH\I20PAWEZ/I4300000,155801,155852,155926.457417 ,155926.457417 
C:\ct2_P2P3\Non-HCC\dcbddc1b\JMXCREDH\I20PAWEZ/I4200000,155801,155852,155926.457417 ,155926.457417 
C:\ct2_P2P3\Non-HCC\dcbddc1b\JMXCREDH\I20PAWEZ/I4100000,155801,155852,155926.457417 ,155926.457417 
C:\ct2_P2P3\Non-HCC\dcbddc1b\JMXCREDH\I20PAWEZ/I4000001,155801,155852,155926.457417 ,155926.457417 
C:\ct2_P2P3\Non-HCC\dcbddc1b\JMXCREDH\I20PAWEZ/I3900000,155801,155852,155926.457417 ,155926.457417 
C:\ct2_P2P3\Non-HCC\dcbddc1b\JMXCREDH\I20PAWEZ/I3800000,155801,155852,155926.457417 ,155926.457417 
C:\ct2_P2P3\Non-HCC\dcbddc1b\JMXCREDH\I20PAWEZ/I3700000,155801,155852,155926.457417 ,155926.457417 
C:\ct2_P2P3\Non-HCC\dcbddc1b\JMXCREDH\I20PAWEZ/I3600000,155801,155852,155926.457417 ,155926.457417 
C:\ct2_P2P3\Non-HCC\dcbddc1b\JMXCREDH\I20PAWEZ/I3500000,155801,155852,155926.457417 ,155926.457417 
C:\ct2_P2P3\Non-HCC\dcbddc1b\JMXCREDH\I20PAWEZ/I3400000,155801,155852,155926.457417 ,155926.457417 
C:\ct2_P2P3\Non-HCC\dcbddc1b\JMXCREDH\I20PAWEZ/I3300000,155801,155852,155926.457417 ,155926.457417 
C:\ct2_P2P3\Non-HCC\dcbddc1b\JMXCREDH\I20PAWEZ/I3200000,155801,155852,155926.457417 ,155926.457417 
C:\ct2_P2P3\Non-HCC\dcbddc1b\JMXCREDH\I20PAWEZ/I3100000,155801,155852,155926.457417 ,155926.457417 
C:\ct2_P2P3\Non-HCC\dcbddc1b\JMXCREDH\I20PAWEZ/I3000001,155801,155852,155926.457417 ,155926.457417 
C:\ct2_P2P3\Non-HCC\dcbddc1b\JMXCREDH\I20PAWEZ/I2900000,155801,155852,155926.457417 ,155926.457417 
C:\ct2_P2P3\Non-HCC\dcbddc1b\JMXCREDH\I20PAWEZ/I2800000,155801,155852,155926.457417 ,155926.457417 
C:\ct2_P2P3\Non-HCC\dcbddc1b\JMXCREDH\I20PAWEZ/I2700000,155801,155852,155926.457417 ,155926.457417 
C:\ct2_P2P3\Non-HCC\dcbddc1b\JMXCREDH\I20PAWEZ/I2600000,155801,155852,155926.457417 ,155926.457417 
C:\ct2_P2P3\Non-HCC\dcbddc1b\JMXCREDH\I20PAWEZ/I2500000,155801,155852,155926.457417 ,155926.457417 
C:\ct2_P2P3\Non-HCC\dcbddc1b\JMXCREDH\I20PAWEZ/I2400000,155801,155852,155926.457417 ,155926.457417 
C:\ct2_P2P3\Non-HCC\dcbddc1b\JMXCREDH\I20PAWEZ/I2300000,155801,155852,155926.457417 ,155926.457417 
C:\ct2_P2P3\Non-HCC\dcbddc1b\JMXCREDH\I20PAWEZ/I2200000,155801,155852,155926.457417 ,155926.457417 
C:\ct2_P2P3\Non-HCC\dcbddc1b\JMXCREDH\I20PAWEZ/I2100000,155801,155852,155926.457417 ,155926.457417 
C:\ct2_P2P3\Non-HCC\dcbddc1b\JMXCREDH\I20PAWEZ/I2000001,155801,155852,155926.457417 ,155926.457417 
C:\ct2_P2P3\Non-HCC\dcbddc1b\JMXCREDH\I20PAWEZ/I1900000,155801,155852,155926.457417 ,155926.457417 
C:\ct2_P2P3\Non-HCC\dcbddc1b\JMXCREDH\I20PAWEZ/I1800000,155801,155852,155926.457417 ,155926.457417 
C:\ct2_P2P3\Non-HCC\dcbddc1b\JMXCREDH\I20PAWEZ/I1700000,155801,155852,155926.457417 ,155926.457417 
C:\ct2_P2P3\Non-HCC\dcbddc1b\JMXCREDH\I20PAWEZ/I1600000,155801,155852,155926.457417 ,155926.457417 
C:\ct2_P2P3\Non-HCC\dcbddc1b\JMXCREDH\I20PAWEZ/I1500000,155801,155852,155926.457417 ,155926.457417 
C:\ct2_P2P3\Non-HCC\dcbddc1b\JMXCREDH\I20PAWEZ/I1400000,155801,155852,155926.457417 ,155926.457417 
C:\ct2_P2P3\Non-HCC\dcbddc1b\JMXCREDH\I20PAWEZ/I1300000,155801,155852,155926.457417 ,155926.457417 
C:\ct2_P2P3\Non-HCC\dcbddc1b\JMXCREDH\I20PAWEZ/I1200000,155801,155852,155926.457417 ,155926.457417 
C:\ct2_P2P3\Non-HCC\dcbddc1b\JMXCREDH\I20PAWEZ/I1100000,155801,155852,155926.457417 ,155926.457417 
C:\ct2_P2P3\Non-HCC\dcbddc1b\JMXCREDH\I20PAWEZ/I1000001,155801,155852,155926.457417 ,155926.457417 
C:\ct2_P2P3\Non-HCC\dcbddc1b\JMXCREDH\I20PAWEZ/I9000000,155801,155852,155926.457417 ,155926.457417 
C:\ct2_P2P3\Non-HCC\dcbddc1b\JMXCREDH\I20PAWEZ/I8000000,155801,155852,155926.457417 ,155926.457417 
C:\ct2_P2P3\Non-HCC\dcbddc1b\JMXCREDH\I20PAWEZ/I7000000,155801,155852,155926.457417 ,155926.457417 
C:\ct2_P2P3\Non-HCC\dcbddc1b\JMXCREDH\I20PAWEZ/I6000000,155801,155852,155926.457417 ,155926.457417 
C:\ct2_P2P3\Non-HCC\dcbddc1b\JMXCREDH\I20PAWEZ/I5000000,155801,155852,155926.457417 ,155926.457417 
C:\ct2_P2P3\Non-HCC\dcbddc1b\JMXCREDH\I20PAWEZ/I4000000,155801,155852,155926.457417 ,155926.457417 
C:\ct2_P2P3\Non-HCC\dcbddc1b\JMXCREDH\I20PAWEZ/I3000000,155801,155852,155926.457417 ,155926.457417 
C:\ct2_P2P3\Non-HCC\dcbddc1b\JMXCREDH\I20PAWEZ/I2000000,155801,155852,155926.457417 ,155926.457417 
C:\ct2_P2P3\Non-HCC\dcbddc1b\JMXCREDH\I20PAWEZ/I1000000,155801,155852,155926.457417 ,155926.457417 
