0008|0030,0008|0031,0008|0032,0008|0033,
C:\ct2_P2P3\Non-HCC\fbffdeab\CZ0TRFDL\TBH5UN1J/I1000000,112342,112457,112518.099426 ,112518.099426 
C:\ct2_P2P3\Non-HCC\fbffdeab\CZ0TRFDL\TBH5UN1J/I1000001,112342,112457,112518.099426 ,112518.099426 
C:\ct2_P2P3\Non-HCC\fbffdeab\CZ0TRFDL\TBH5UN1J/I1000002,112342,112457,112518.099426 ,112518.099426 
C:\ct2_P2P3\Non-HCC\fbffdeab\CZ0TRFDL\TBH5UN1J/I1000003,112342,112457,112518.099426 ,112518.099426 
C:\ct2_P2P3\Non-HCC\fbffdeab\CZ0TRFDL\TBH5UN1J/I1000004,112342,112457,112518.099426 ,112518.099426 
C:\ct2_P2P3\Non-HCC\fbffdeab\CZ0TRFDL\TBH5UN1J/I1000005,112342,112457,112518.099426 ,112518.099426 
C:\ct2_P2P3\Non-HCC\fbffdeab\CZ0TRFDL\TBH5UN1J/I1010000,112342,112457,112518.099426 ,112518.099426 
C:\ct2_P2P3\Non-HCC\fbffdeab\CZ0TRFDL\TBH5UN1J/I1010001,112342,112457,112518.099426 ,112518.099426 
C:\ct2_P2P3\Non-HCC\fbffdeab\CZ0TRFDL\TBH5UN1J/I1020000,112342,112457,112518.099426 ,112518.099426 
C:\ct2_P2P3\Non-HCC\fbffdeab\CZ0TRFDL\TBH5UN1J/I1020001,112342,112457,112518.099426 ,112518.099426 
C:\ct2_P2P3\Non-HCC\fbffdeab\CZ0TRFDL\TBH5UN1J/I1030000,112342,112457,112518.099426 ,112518.099426 
C:\ct2_P2P3\Non-HCC\fbffdeab\CZ0TRFDL\TBH5UN1J/I1030001,112342,112457,112518.099426 ,112518.099426 
C:\ct2_P2P3\Non-HCC\fbffdeab\CZ0TRFDL\TBH5UN1J/I1040000,112342,112457,112518.099426 ,112518.099426 
C:\ct2_P2P3\Non-HCC\fbffdeab\CZ0TRFDL\TBH5UN1J/I1040001,112342,112457,112518.099426 ,112518.099426 
C:\ct2_P2P3\Non-HCC\fbffdeab\CZ0TRFDL\TBH5UN1J/I1050000,112342,112457,112518.099426 ,112518.099426 
C:\ct2_P2P3\Non-HCC\fbffdeab\CZ0TRFDL\TBH5UN1J/I1050001,112342,112457,112518.099426 ,112518.099426 
C:\ct2_P2P3\Non-HCC\fbffdeab\CZ0TRFDL\TBH5UN1J/I1060000,112342,112457,112518.099426 ,112518.099426 
C:\ct2_P2P3\Non-HCC\fbffdeab\CZ0TRFDL\TBH5UN1J/I1060001,112342,112457,112518.099426 ,112518.099426 
C:\ct2_P2P3\Non-HCC\fbffdeab\CZ0TRFDL\TBH5UN1J/I1070000,112342,112457,112518.099426 ,112518.099426 
C:\ct2_P2P3\Non-HCC\fbffdeab\CZ0TRFDL\TBH5UN1J/I1070001,112342,112457,112518.099426 ,112518.099426 
C:\ct2_P2P3\Non-HCC\fbffdeab\CZ0TRFDL\TBH5UN1J/I1080000,112342,112457,112518.099426 ,112518.099426 
C:\ct2_P2P3\Non-HCC\fbffdeab\CZ0TRFDL\TBH5UN1J/I1080001,112342,112457,112518.099426 ,112518.099426 
C:\ct2_P2P3\Non-HCC\fbffdeab\CZ0TRFDL\TBH5UN1J/I1090000,112342,112457,112518.099426 ,112518.099426 
C:\ct2_P2P3\Non-HCC\fbffdeab\CZ0TRFDL\TBH5UN1J/I1090001,112342,112457,112518.099426 ,112518.099426 
C:\ct2_P2P3\Non-HCC\fbffdeab\CZ0TRFDL\TBH5UN1J/I1100000,112342,112457,112518.099426 ,112518.099426 
C:\ct2_P2P3\Non-HCC\fbffdeab\CZ0TRFDL\TBH5UN1J/I1100001,112342,112457,112518.099426 ,112518.099426 
C:\ct2_P2P3\Non-HCC\fbffdeab\CZ0TRFDL\TBH5UN1J/I1100002,112342,112457,112518.099426 ,112518.099426 
C:\ct2_P2P3\Non-HCC\fbffdeab\CZ0TRFDL\TBH5UN1J/I1100003,112342,112457,112518.099426 ,112518.099426 
C:\ct2_P2P3\Non-HCC\fbffdeab\CZ0TRFDL\TBH5UN1J/I1110000,112342,112457,112518.099426 ,112518.099426 
C:\ct2_P2P3\Non-HCC\fbffdeab\CZ0TRFDL\TBH5UN1J/I1110001,112342,112457,112518.099426 ,112518.099426 
C:\ct2_P2P3\Non-HCC\fbffdeab\CZ0TRFDL\TBH5UN1J/I1120000,112342,112457,112518.099426 ,112518.099426 
C:\ct2_P2P3\Non-HCC\fbffdeab\CZ0TRFDL\TBH5UN1J/I1120001,112342,112457,112518.099426 ,112518.099426 
C:\ct2_P2P3\Non-HCC\fbffdeab\CZ0TRFDL\TBH5UN1J/I1130000,112342,112457,112518.099426 ,112518.099426 
C:\ct2_P2P3\Non-HCC\fbffdeab\CZ0TRFDL\TBH5UN1J/I1130001,112342,112457,112518.099426 ,112518.099426 
C:\ct2_P2P3\Non-HCC\fbffdeab\CZ0TRFDL\TBH5UN1J/I1140000,112342,112457,112518.099426 ,112518.099426 
C:\ct2_P2P3\Non-HCC\fbffdeab\CZ0TRFDL\TBH5UN1J/I1140001,112342,112457,112518.099426 ,112518.099426 
C:\ct2_P2P3\Non-HCC\fbffdeab\CZ0TRFDL\TBH5UN1J/I1150000,112342,112457,112518.099426 ,112518.099426 
C:\ct2_P2P3\Non-HCC\fbffdeab\CZ0TRFDL\TBH5UN1J/I1150001,112342,112457,112518.099426 ,112518.099426 
C:\ct2_P2P3\Non-HCC\fbffdeab\CZ0TRFDL\TBH5UN1J/I1160000,112342,112457,112518.099426 ,112518.099426 
C:\ct2_P2P3\Non-HCC\fbffdeab\CZ0TRFDL\TBH5UN1J/I1160001,112342,112457,112518.099426 ,112518.099426 
C:\ct2_P2P3\Non-HCC\fbffdeab\CZ0TRFDL\TBH5UN1J/I1170000,112342,112457,112518.099426 ,112518.099426 
C:\ct2_P2P3\Non-HCC\fbffdeab\CZ0TRFDL\TBH5UN1J/I1170001,112342,112457,112518.099426 ,112518.099426 
C:\ct2_P2P3\Non-HCC\fbffdeab\CZ0TRFDL\TBH5UN1J/I1180000,112342,112457,112518.099426 ,112518.099426 
C:\ct2_P2P3\Non-HCC\fbffdeab\CZ0TRFDL\TBH5UN1J/I1180001,112342,112457,112518.099426 ,112518.099426 
C:\ct2_P2P3\Non-HCC\fbffdeab\CZ0TRFDL\TBH5UN1J/I1190000,112342,112457,112518.099426 ,112518.099426 
C:\ct2_P2P3\Non-HCC\fbffdeab\CZ0TRFDL\TBH5UN1J/I1190001,112342,112457,112518.099426 ,112518.099426 
C:\ct2_P2P3\Non-HCC\fbffdeab\CZ0TRFDL\TBH5UN1J/I1200000,112342,112457,112518.099426 ,112518.099426 
C:\ct2_P2P3\Non-HCC\fbffdeab\CZ0TRFDL\TBH5UN1J/I1200001,112342,112457,112518.099426 ,112518.099426 
C:\ct2_P2P3\Non-HCC\fbffdeab\CZ0TRFDL\TBH5UN1J/I1200002,112342,112457,112518.099426 ,112518.099426 
C:\ct2_P2P3\Non-HCC\fbffdeab\CZ0TRFDL\TBH5UN1J/I1200003,112342,112457,112518.099426 ,112518.099426 
C:\ct2_P2P3\Non-HCC\fbffdeab\CZ0TRFDL\TBH5UN1J/I1210000,112342,112457,112518.099426 ,112518.099426 
C:\ct2_P2P3\Non-HCC\fbffdeab\CZ0TRFDL\TBH5UN1J/I1210001,112342,112457,112518.099426 ,112518.099426 
C:\ct2_P2P3\Non-HCC\fbffdeab\CZ0TRFDL\TBH5UN1J/I1220000,112342,112457,112518.099426 ,112518.099426 
C:\ct2_P2P3\Non-HCC\fbffdeab\CZ0TRFDL\TBH5UN1J/I1220001,112342,112457,112518.099426 ,112518.099426 
C:\ct2_P2P3\Non-HCC\fbffdeab\CZ0TRFDL\TBH5UN1J/I1230000,112342,112457,112518.099426 ,112518.099426 
C:\ct2_P2P3\Non-HCC\fbffdeab\CZ0TRFDL\TBH5UN1J/I1230001,112342,112457,112518.099426 ,112518.099426 
C:\ct2_P2P3\Non-HCC\fbffdeab\CZ0TRFDL\TBH5UN1J/I1240000,112342,112457,112518.099426 ,112518.099426 
C:\ct2_P2P3\Non-HCC\fbffdeab\CZ0TRFDL\TBH5UN1J/I1240001,112342,112457,112518.099426 ,112518.099426 
C:\ct2_P2P3\Non-HCC\fbffdeab\CZ0TRFDL\TBH5UN1J/I1250000,112342,112457,112518.099426 ,112518.099426 
C:\ct2_P2P3\Non-HCC\fbffdeab\CZ0TRFDL\TBH5UN1J/I1250001,112342,112457,112518.099426 ,112518.099426 
C:\ct2_P2P3\Non-HCC\fbffdeab\CZ0TRFDL\TBH5UN1J/I1260000,112342,112457,112518.099426 ,112518.099426 
C:\ct2_P2P3\Non-HCC\fbffdeab\CZ0TRFDL\TBH5UN1J/I1260001,112342,112457,112518.099426 ,112518.099426 
C:\ct2_P2P3\Non-HCC\fbffdeab\CZ0TRFDL\TBH5UN1J/I1270000,112342,112457,112518.099426 ,112518.099426 
C:\ct2_P2P3\Non-HCC\fbffdeab\CZ0TRFDL\TBH5UN1J/I1270001,112342,112457,112518.099426 ,112518.099426 
C:\ct2_P2P3\Non-HCC\fbffdeab\CZ0TRFDL\TBH5UN1J/I1280000,112342,112457,112518.099426 ,112518.099426 
C:\ct2_P2P3\Non-HCC\fbffdeab\CZ0TRFDL\TBH5UN1J/I1280001,112342,112457,112518.099426 ,112518.099426 
C:\ct2_P2P3\Non-HCC\fbffdeab\CZ0TRFDL\TBH5UN1J/I1290000,112342,112457,112518.099426 ,112518.099426 
C:\ct2_P2P3\Non-HCC\fbffdeab\CZ0TRFDL\TBH5UN1J/I1290001,112342,112457,112518.099426 ,112518.099426 
C:\ct2_P2P3\Non-HCC\fbffdeab\CZ0TRFDL\TBH5UN1J/I1300000,112342,112457,112518.099426 ,112518.099426 
C:\ct2_P2P3\Non-HCC\fbffdeab\CZ0TRFDL\TBH5UN1J/I1300001,112342,112457,112518.099426 ,112518.099426 
C:\ct2_P2P3\Non-HCC\fbffdeab\CZ0TRFDL\TBH5UN1J/I1300002,112342,112457,112518.099426 ,112518.099426 
C:\ct2_P2P3\Non-HCC\fbffdeab\CZ0TRFDL\TBH5UN1J/I1300003,112342,112457,112518.099426 ,112518.099426 
C:\ct2_P2P3\Non-HCC\fbffdeab\CZ0TRFDL\TBH5UN1J/I1310000,112342,112457,112518.099426 ,112518.099426 
C:\ct2_P2P3\Non-HCC\fbffdeab\CZ0TRFDL\TBH5UN1J/I1310001,112342,112457,112518.099426 ,112518.099426 
C:\ct2_P2P3\Non-HCC\fbffdeab\CZ0TRFDL\TBH5UN1J/I1320000,112342,112457,112518.099426 ,112518.099426 
C:\ct2_P2P3\Non-HCC\fbffdeab\CZ0TRFDL\TBH5UN1J/I1320001,112342,112457,112518.099426 ,112518.099426 
C:\ct2_P2P3\Non-HCC\fbffdeab\CZ0TRFDL\TBH5UN1J/I1330000,112342,112457,112518.099426 ,112518.099426 
C:\ct2_P2P3\Non-HCC\fbffdeab\CZ0TRFDL\TBH5UN1J/I1330001,112342,112457,112518.099426 ,112518.099426 
C:\ct2_P2P3\Non-HCC\fbffdeab\CZ0TRFDL\TBH5UN1J/I1340000,112342,112457,112518.099426 ,112518.099426 
C:\ct2_P2P3\Non-HCC\fbffdeab\CZ0TRFDL\TBH5UN1J/I1340001,112342,112457,112518.099426 ,112518.099426 
C:\ct2_P2P3\Non-HCC\fbffdeab\CZ0TRFDL\TBH5UN1J/I1350000,112342,112457,112518.099426 ,112518.099426 
C:\ct2_P2P3\Non-HCC\fbffdeab\CZ0TRFDL\TBH5UN1J/I1350001,112342,112457,112518.099426 ,112518.099426 
C:\ct2_P2P3\Non-HCC\fbffdeab\CZ0TRFDL\TBH5UN1J/I1360000,112342,112457,112518.099426 ,112518.099426 
C:\ct2_P2P3\Non-HCC\fbffdeab\CZ0TRFDL\TBH5UN1J/I1360001,112342,112457,112518.099426 ,112518.099426 
C:\ct2_P2P3\Non-HCC\fbffdeab\CZ0TRFDL\TBH5UN1J/I1370000,112342,112457,112518.099426 ,112518.099426 
C:\ct2_P2P3\Non-HCC\fbffdeab\CZ0TRFDL\TBH5UN1J/I1370001,112342,112457,112518.099426 ,112518.099426 
C:\ct2_P2P3\Non-HCC\fbffdeab\CZ0TRFDL\TBH5UN1J/I1380000,112342,112457,112518.099426 ,112518.099426 
C:\ct2_P2P3\Non-HCC\fbffdeab\CZ0TRFDL\TBH5UN1J/I1380001,112342,112457,112518.099426 ,112518.099426 
C:\ct2_P2P3\Non-HCC\fbffdeab\CZ0TRFDL\TBH5UN1J/I1390000,112342,112457,112518.099426 ,112518.099426 
C:\ct2_P2P3\Non-HCC\fbffdeab\CZ0TRFDL\TBH5UN1J/I1390001,112342,112457,112518.099426 ,112518.099426 
C:\ct2_P2P3\Non-HCC\fbffdeab\CZ0TRFDL\TBH5UN1J/I1400000,112342,112457,112518.099426 ,112518.099426 
C:\ct2_P2P3\Non-HCC\fbffdeab\CZ0TRFDL\TBH5UN1J/I1400001,112342,112457,112518.099426 ,112518.099426 
C:\ct2_P2P3\Non-HCC\fbffdeab\CZ0TRFDL\TBH5UN1J/I1400002,112342,112457,112518.099426 ,112518.099426 
C:\ct2_P2P3\Non-HCC\fbffdeab\CZ0TRFDL\TBH5UN1J/I1400003,112342,112457,112518.099426 ,112518.099426 
C:\ct2_P2P3\Non-HCC\fbffdeab\CZ0TRFDL\TBH5UN1J/I1410000,112342,112457,112518.099426 ,112518.099426 
C:\ct2_P2P3\Non-HCC\fbffdeab\CZ0TRFDL\TBH5UN1J/I1410001,112342,112457,112518.099426 ,112518.099426 
C:\ct2_P2P3\Non-HCC\fbffdeab\CZ0TRFDL\TBH5UN1J/I1420000,112342,112457,112518.099426 ,112518.099426 
C:\ct2_P2P3\Non-HCC\fbffdeab\CZ0TRFDL\TBH5UN1J/I1420001,112342,112457,112518.099426 ,112518.099426 
C:\ct2_P2P3\Non-HCC\fbffdeab\CZ0TRFDL\TBH5UN1J/I1430000,112342,112457,112518.099426 ,112518.099426 
C:\ct2_P2P3\Non-HCC\fbffdeab\CZ0TRFDL\TBH5UN1J/I1430001,112342,112457,112518.099426 ,112518.099426 
C:\ct2_P2P3\Non-HCC\fbffdeab\CZ0TRFDL\TBH5UN1J/I1440000,112342,112457,112518.099426 ,112518.099426 
C:\ct2_P2P3\Non-HCC\fbffdeab\CZ0TRFDL\TBH5UN1J/I1440001,112342,112457,112518.099426 ,112518.099426 
C:\ct2_P2P3\Non-HCC\fbffdeab\CZ0TRFDL\TBH5UN1J/I1450000,112342,112457,112518.099426 ,112518.099426 
C:\ct2_P2P3\Non-HCC\fbffdeab\CZ0TRFDL\TBH5UN1J/I1450001,112342,112457,112518.099426 ,112518.099426 
C:\ct2_P2P3\Non-HCC\fbffdeab\CZ0TRFDL\TBH5UN1J/I1460000,112342,112457,112518.099426 ,112518.099426 
C:\ct2_P2P3\Non-HCC\fbffdeab\CZ0TRFDL\TBH5UN1J/I1460001,112342,112457,112518.099426 ,112518.099426 
C:\ct2_P2P3\Non-HCC\fbffdeab\CZ0TRFDL\TBH5UN1J/I1470000,112342,112457,112518.099426 ,112518.099426 
C:\ct2_P2P3\Non-HCC\fbffdeab\CZ0TRFDL\TBH5UN1J/I1470001,112342,112457,112518.099426 ,112518.099426 
C:\ct2_P2P3\Non-HCC\fbffdeab\CZ0TRFDL\TBH5UN1J/I1480000,112342,112457,112518.099426 ,112518.099426 
C:\ct2_P2P3\Non-HCC\fbffdeab\CZ0TRFDL\TBH5UN1J/I1480001,112342,112457,112518.099426 ,112518.099426 
C:\ct2_P2P3\Non-HCC\fbffdeab\CZ0TRFDL\TBH5UN1J/I1490000,112342,112457,112518.099426 ,112518.099426 
C:\ct2_P2P3\Non-HCC\fbffdeab\CZ0TRFDL\TBH5UN1J/I1490001,112342,112457,112518.099426 ,112518.099426 
C:\ct2_P2P3\Non-HCC\fbffdeab\CZ0TRFDL\TBH5UN1J/I1500000,112342,112457,112518.099426 ,112518.099426 
C:\ct2_P2P3\Non-HCC\fbffdeab\CZ0TRFDL\TBH5UN1J/I1500001,112342,112457,112518.099426 ,112518.099426 
C:\ct2_P2P3\Non-HCC\fbffdeab\CZ0TRFDL\TBH5UN1J/I1500002,112342,112457,112518.099426 ,112518.099426 
C:\ct2_P2P3\Non-HCC\fbffdeab\CZ0TRFDL\TBH5UN1J/I1500003,112342,112457,112518.099426 ,112518.099426 
C:\ct2_P2P3\Non-HCC\fbffdeab\CZ0TRFDL\TBH5UN1J/I1510000,112342,112457,112518.099426 ,112518.099426 
C:\ct2_P2P3\Non-HCC\fbffdeab\CZ0TRFDL\TBH5UN1J/I1510001,112342,112457,112518.099426 ,112518.099426 
C:\ct2_P2P3\Non-HCC\fbffdeab\CZ0TRFDL\TBH5UN1J/I1520000,112342,112457,112518.099426 ,112518.099426 
C:\ct2_P2P3\Non-HCC\fbffdeab\CZ0TRFDL\TBH5UN1J/I1520001,112342,112457,112518.099426 ,112518.099426 
C:\ct2_P2P3\Non-HCC\fbffdeab\CZ0TRFDL\TBH5UN1J/I1530000,112342,112457,112518.099426 ,112518.099426 
C:\ct2_P2P3\Non-HCC\fbffdeab\CZ0TRFDL\TBH5UN1J/I1530001,112342,112457,112518.099426 ,112518.099426 
C:\ct2_P2P3\Non-HCC\fbffdeab\CZ0TRFDL\TBH5UN1J/I1540000,112342,112457,112518.099426 ,112518.099426 
C:\ct2_P2P3\Non-HCC\fbffdeab\CZ0TRFDL\TBH5UN1J/I1540001,112342,112457,112518.099426 ,112518.099426 
C:\ct2_P2P3\Non-HCC\fbffdeab\CZ0TRFDL\TBH5UN1J/I1550000,112342,112457,112518.099426 ,112518.099426 
C:\ct2_P2P3\Non-HCC\fbffdeab\CZ0TRFDL\TBH5UN1J/I1550001,112342,112457,112518.099426 ,112518.099426 
C:\ct2_P2P3\Non-HCC\fbffdeab\CZ0TRFDL\TBH5UN1J/I1560000,112342,112457,112518.099426 ,112518.099426 
C:\ct2_P2P3\Non-HCC\fbffdeab\CZ0TRFDL\TBH5UN1J/I1560001,112342,112457,112518.099426 ,112518.099426 
C:\ct2_P2P3\Non-HCC\fbffdeab\CZ0TRFDL\TBH5UN1J/I1570000,112342,112457,112518.099426 ,112518.099426 
C:\ct2_P2P3\Non-HCC\fbffdeab\CZ0TRFDL\TBH5UN1J/I1570001,112342,112457,112518.099426 ,112518.099426 
C:\ct2_P2P3\Non-HCC\fbffdeab\CZ0TRFDL\TBH5UN1J/I1580000,112342,112457,112518.099426 ,112518.099426 
C:\ct2_P2P3\Non-HCC\fbffdeab\CZ0TRFDL\TBH5UN1J/I1580001,112342,112457,112518.099426 ,112518.099426 
C:\ct2_P2P3\Non-HCC\fbffdeab\CZ0TRFDL\TBH5UN1J/I1590000,112342,112457,112518.099426 ,112518.099426 
C:\ct2_P2P3\Non-HCC\fbffdeab\CZ0TRFDL\TBH5UN1J/I1590001,112342,112457,112518.099426 ,112518.099426 
C:\ct2_P2P3\Non-HCC\fbffdeab\CZ0TRFDL\TBH5UN1J/I1600000,112342,112457,112518.099426 ,112518.099426 
C:\ct2_P2P3\Non-HCC\fbffdeab\CZ0TRFDL\TBH5UN1J/I1600001,112342,112457,112518.099426 ,112518.099426 
C:\ct2_P2P3\Non-HCC\fbffdeab\CZ0TRFDL\TBH5UN1J/I1600002,112342,112457,112518.099426 ,112518.099426 
C:\ct2_P2P3\Non-HCC\fbffdeab\CZ0TRFDL\TBH5UN1J/I1600003,112342,112457,112518.099426 ,112518.099426 
C:\ct2_P2P3\Non-HCC\fbffdeab\CZ0TRFDL\TBH5UN1J/I1610000,112342,112457,112518.099426 ,112518.099426 
C:\ct2_P2P3\Non-HCC\fbffdeab\CZ0TRFDL\TBH5UN1J/I1610001,112342,112457,112518.099426 ,112518.099426 
C:\ct2_P2P3\Non-HCC\fbffdeab\CZ0TRFDL\TBH5UN1J/I1620000,112342,112457,112518.099426 ,112518.099426 
C:\ct2_P2P3\Non-HCC\fbffdeab\CZ0TRFDL\TBH5UN1J/I1620001,112342,112457,112518.099426 ,112518.099426 
C:\ct2_P2P3\Non-HCC\fbffdeab\CZ0TRFDL\TBH5UN1J/I1630000,112342,112457,112518.099426 ,112518.099426 
C:\ct2_P2P3\Non-HCC\fbffdeab\CZ0TRFDL\TBH5UN1J/I1630001,112342,112457,112518.099426 ,112518.099426 
C:\ct2_P2P3\Non-HCC\fbffdeab\CZ0TRFDL\TBH5UN1J/I1640000,112342,112457,112518.099426 ,112518.099426 
C:\ct2_P2P3\Non-HCC\fbffdeab\CZ0TRFDL\TBH5UN1J/I1640001,112342,112457,112518.099426 ,112518.099426 
C:\ct2_P2P3\Non-HCC\fbffdeab\CZ0TRFDL\TBH5UN1J/I1650000,112342,112457,112518.099426 ,112518.099426 
C:\ct2_P2P3\Non-HCC\fbffdeab\CZ0TRFDL\TBH5UN1J/I1650001,112342,112457,112518.099426 ,112518.099426 
C:\ct2_P2P3\Non-HCC\fbffdeab\CZ0TRFDL\TBH5UN1J/I1660000,112342,112457,112518.099426 ,112518.099426 
C:\ct2_P2P3\Non-HCC\fbffdeab\CZ0TRFDL\TBH5UN1J/I1660001,112342,112457,112518.099426 ,112518.099426 
C:\ct2_P2P3\Non-HCC\fbffdeab\CZ0TRFDL\TBH5UN1J/I1670000,112342,112457,112518.099426 ,112518.099426 
C:\ct2_P2P3\Non-HCC\fbffdeab\CZ0TRFDL\TBH5UN1J/I1670001,112342,112457,112518.099426 ,112518.099426 
C:\ct2_P2P3\Non-HCC\fbffdeab\CZ0TRFDL\TBH5UN1J/I1680000,112342,112457,112518.099426 ,112518.099426 
C:\ct2_P2P3\Non-HCC\fbffdeab\CZ0TRFDL\TBH5UN1J/I1680001,112342,112457,112518.099426 ,112518.099426 
C:\ct2_P2P3\Non-HCC\fbffdeab\CZ0TRFDL\TBH5UN1J/I1690000,112342,112457,112518.099426 ,112518.099426 
C:\ct2_P2P3\Non-HCC\fbffdeab\CZ0TRFDL\TBH5UN1J/I1690001,112342,112457,112518.099426 ,112518.099426 
C:\ct2_P2P3\Non-HCC\fbffdeab\CZ0TRFDL\TBH5UN1J/I1700000,112342,112457,112518.099426 ,112518.099426 
C:\ct2_P2P3\Non-HCC\fbffdeab\CZ0TRFDL\TBH5UN1J/I1700001,112342,112457,112518.099426 ,112518.099426 
C:\ct2_P2P3\Non-HCC\fbffdeab\CZ0TRFDL\TBH5UN1J/I1700002,112342,112457,112518.099426 ,112518.099426 
C:\ct2_P2P3\Non-HCC\fbffdeab\CZ0TRFDL\TBH5UN1J/I1700003,112342,112457,112518.099426 ,112518.099426 
C:\ct2_P2P3\Non-HCC\fbffdeab\CZ0TRFDL\TBH5UN1J/I1710000,112342,112457,112518.099426 ,112518.099426 
C:\ct2_P2P3\Non-HCC\fbffdeab\CZ0TRFDL\TBH5UN1J/I1710001,112342,112457,112518.099426 ,112518.099426 
C:\ct2_P2P3\Non-HCC\fbffdeab\CZ0TRFDL\TBH5UN1J/I1720000,112342,112457,112518.099426 ,112518.099426 
C:\ct2_P2P3\Non-HCC\fbffdeab\CZ0TRFDL\TBH5UN1J/I1720001,112342,112457,112518.099426 ,112518.099426 
C:\ct2_P2P3\Non-HCC\fbffdeab\CZ0TRFDL\TBH5UN1J/I1730000,112342,112457,112518.099426 ,112518.099426 
C:\ct2_P2P3\Non-HCC\fbffdeab\CZ0TRFDL\TBH5UN1J/I1730001,112342,112457,112518.099426 ,112518.099426 
C:\ct2_P2P3\Non-HCC\fbffdeab\CZ0TRFDL\TBH5UN1J/I1740000,112342,112457,112518.099426 ,112518.099426 
C:\ct2_P2P3\Non-HCC\fbffdeab\CZ0TRFDL\TBH5UN1J/I1740001,112342,112457,112518.099426 ,112518.099426 
C:\ct2_P2P3\Non-HCC\fbffdeab\CZ0TRFDL\TBH5UN1J/I1750000,112342,112457,112518.099426 ,112518.099426 
C:\ct2_P2P3\Non-HCC\fbffdeab\CZ0TRFDL\TBH5UN1J/I1750001,112342,112457,112518.099426 ,112518.099426 
C:\ct2_P2P3\Non-HCC\fbffdeab\CZ0TRFDL\TBH5UN1J/I1760000,112342,112457,112518.099426 ,112518.099426 
C:\ct2_P2P3\Non-HCC\fbffdeab\CZ0TRFDL\TBH5UN1J/I1760001,112342,112457,112518.099426 ,112518.099426 
C:\ct2_P2P3\Non-HCC\fbffdeab\CZ0TRFDL\TBH5UN1J/I1770000,112342,112457,112518.099426 ,112518.099426 
C:\ct2_P2P3\Non-HCC\fbffdeab\CZ0TRFDL\TBH5UN1J/I1770001,112342,112457,112518.099426 ,112518.099426 
C:\ct2_P2P3\Non-HCC\fbffdeab\CZ0TRFDL\TBH5UN1J/I1780000,112342,112457,112518.099426 ,112518.099426 
C:\ct2_P2P3\Non-HCC\fbffdeab\CZ0TRFDL\TBH5UN1J/I1780001,112342,112457,112518.099426 ,112518.099426 
C:\ct2_P2P3\Non-HCC\fbffdeab\CZ0TRFDL\TBH5UN1J/I1790000,112342,112457,112518.099426 ,112518.099426 
C:\ct2_P2P3\Non-HCC\fbffdeab\CZ0TRFDL\TBH5UN1J/I1790001,112342,112457,112518.099426 ,112518.099426 
C:\ct2_P2P3\Non-HCC\fbffdeab\CZ0TRFDL\TBH5UN1J/I1800000,112342,112457,112518.099426 ,112518.099426 
C:\ct2_P2P3\Non-HCC\fbffdeab\CZ0TRFDL\TBH5UN1J/I1800001,112342,112457,112518.099426 ,112518.099426 
C:\ct2_P2P3\Non-HCC\fbffdeab\CZ0TRFDL\TBH5UN1J/I1800002,112342,112457,112518.099426 ,112518.099426 
C:\ct2_P2P3\Non-HCC\fbffdeab\CZ0TRFDL\TBH5UN1J/I1800003,112342,112457,112518.099426 ,112518.099426 
C:\ct2_P2P3\Non-HCC\fbffdeab\CZ0TRFDL\TBH5UN1J/I1810000,112342,112457,112518.099426 ,112518.099426 
C:\ct2_P2P3\Non-HCC\fbffdeab\CZ0TRFDL\TBH5UN1J/I1810001,112342,112457,112518.099426 ,112518.099426 
C:\ct2_P2P3\Non-HCC\fbffdeab\CZ0TRFDL\TBH5UN1J/I1820000,112342,112457,112518.099426 ,112518.099426 
C:\ct2_P2P3\Non-HCC\fbffdeab\CZ0TRFDL\TBH5UN1J/I1820001,112342,112457,112518.099426 ,112518.099426 
C:\ct2_P2P3\Non-HCC\fbffdeab\CZ0TRFDL\TBH5UN1J/I1830000,112342,112457,112518.099426 ,112518.099426 
C:\ct2_P2P3\Non-HCC\fbffdeab\CZ0TRFDL\TBH5UN1J/I1830001,112342,112457,112518.099426 ,112518.099426 
C:\ct2_P2P3\Non-HCC\fbffdeab\CZ0TRFDL\TBH5UN1J/I1840000,112342,112457,112518.099426 ,112518.099426 
C:\ct2_P2P3\Non-HCC\fbffdeab\CZ0TRFDL\TBH5UN1J/I1840001,112342,112457,112518.099426 ,112518.099426 
C:\ct2_P2P3\Non-HCC\fbffdeab\CZ0TRFDL\TBH5UN1J/I1850000,112342,112457,112518.099426 ,112518.099426 
C:\ct2_P2P3\Non-HCC\fbffdeab\CZ0TRFDL\TBH5UN1J/I1850001,112342,112457,112518.099426 ,112518.099426 
C:\ct2_P2P3\Non-HCC\fbffdeab\CZ0TRFDL\TBH5UN1J/I1860000,112342,112457,112518.099426 ,112518.099426 
C:\ct2_P2P3\Non-HCC\fbffdeab\CZ0TRFDL\TBH5UN1J/I1860001,112342,112457,112518.099426 ,112518.099426 
C:\ct2_P2P3\Non-HCC\fbffdeab\CZ0TRFDL\TBH5UN1J/I1870000,112342,112457,112518.099426 ,112518.099426 
C:\ct2_P2P3\Non-HCC\fbffdeab\CZ0TRFDL\TBH5UN1J/I1870001,112342,112457,112518.099426 ,112518.099426 
C:\ct2_P2P3\Non-HCC\fbffdeab\CZ0TRFDL\TBH5UN1J/I1880000,112342,112457,112518.099426 ,112518.099426 
C:\ct2_P2P3\Non-HCC\fbffdeab\CZ0TRFDL\TBH5UN1J/I1880001,112342,112457,112518.099426 ,112518.099426 
C:\ct2_P2P3\Non-HCC\fbffdeab\CZ0TRFDL\TBH5UN1J/I1890000,112342,112457,112518.099426 ,112518.099426 
C:\ct2_P2P3\Non-HCC\fbffdeab\CZ0TRFDL\TBH5UN1J/I1890001,112342,112457,112518.099426 ,112518.099426 
C:\ct2_P2P3\Non-HCC\fbffdeab\CZ0TRFDL\TBH5UN1J/I1900000,112342,112457,112518.099426 ,112518.099426 
C:\ct2_P2P3\Non-HCC\fbffdeab\CZ0TRFDL\TBH5UN1J/I1900001,112342,112457,112518.099426 ,112518.099426 
C:\ct2_P2P3\Non-HCC\fbffdeab\CZ0TRFDL\TBH5UN1J/I1900002,112342,112457,112518.099426 ,112518.099426 
C:\ct2_P2P3\Non-HCC\fbffdeab\CZ0TRFDL\TBH5UN1J/I1900003,112342,112457,112518.099426 ,112518.099426 
C:\ct2_P2P3\Non-HCC\fbffdeab\CZ0TRFDL\TBH5UN1J/I1910000,112342,112457,112518.099426 ,112518.099426 
C:\ct2_P2P3\Non-HCC\fbffdeab\CZ0TRFDL\TBH5UN1J/I1910001,112342,112457,112518.099426 ,112518.099426 
C:\ct2_P2P3\Non-HCC\fbffdeab\CZ0TRFDL\TBH5UN1J/I1920000,112342,112457,112518.099426 ,112518.099426 
C:\ct2_P2P3\Non-HCC\fbffdeab\CZ0TRFDL\TBH5UN1J/I1920001,112342,112457,112518.099426 ,112518.099426 
C:\ct2_P2P3\Non-HCC\fbffdeab\CZ0TRFDL\TBH5UN1J/I1930000,112342,112457,112518.099426 ,112518.099426 
C:\ct2_P2P3\Non-HCC\fbffdeab\CZ0TRFDL\TBH5UN1J/I1930001,112342,112457,112518.099426 ,112518.099426 
C:\ct2_P2P3\Non-HCC\fbffdeab\CZ0TRFDL\TBH5UN1J/I1940000,112342,112457,112518.099426 ,112518.099426 
C:\ct2_P2P3\Non-HCC\fbffdeab\CZ0TRFDL\TBH5UN1J/I1940001,112342,112457,112518.099426 ,112518.099426 
C:\ct2_P2P3\Non-HCC\fbffdeab\CZ0TRFDL\TBH5UN1J/I1950000,112342,112457,112518.099426 ,112518.099426 
C:\ct2_P2P3\Non-HCC\fbffdeab\CZ0TRFDL\TBH5UN1J/I1950001,112342,112457,112518.099426 ,112518.099426 
C:\ct2_P2P3\Non-HCC\fbffdeab\CZ0TRFDL\TBH5UN1J/I1960000,112342,112457,112518.099426 ,112518.099426 
C:\ct2_P2P3\Non-HCC\fbffdeab\CZ0TRFDL\TBH5UN1J/I1960001,112342,112457,112518.099426 ,112518.099426 
C:\ct2_P2P3\Non-HCC\fbffdeab\CZ0TRFDL\TBH5UN1J/I1970000,112342,112457,112518.099426 ,112518.099426 
C:\ct2_P2P3\Non-HCC\fbffdeab\CZ0TRFDL\TBH5UN1J/I1970001,112342,112457,112518.099426 ,112518.099426 
C:\ct2_P2P3\Non-HCC\fbffdeab\CZ0TRFDL\TBH5UN1J/I1980000,112342,112457,112518.099426 ,112518.099426 
C:\ct2_P2P3\Non-HCC\fbffdeab\CZ0TRFDL\TBH5UN1J/I1980001,112342,112457,112518.099426 ,112518.099426 
C:\ct2_P2P3\Non-HCC\fbffdeab\CZ0TRFDL\TBH5UN1J/I1990000,112342,112457,112518.099426 ,112518.099426 
C:\ct2_P2P3\Non-HCC\fbffdeab\CZ0TRFDL\TBH5UN1J/I1990001,112342,112457,112518.099426 ,112518.099426 
C:\ct2_P2P3\Non-HCC\fbffdeab\CZ0TRFDL\TBH5UN1J/I2000000,112342,112457,112518.099426 ,112518.099426 
C:\ct2_P2P3\Non-HCC\fbffdeab\CZ0TRFDL\TBH5UN1J/I2000001,112342,112457,112518.099426 ,112518.099426 
C:\ct2_P2P3\Non-HCC\fbffdeab\CZ0TRFDL\TBH5UN1J/I2000002,112342,112457,112518.099426 ,112518.099426 
C:\ct2_P2P3\Non-HCC\fbffdeab\CZ0TRFDL\TBH5UN1J/I2000003,112342,112457,112518.099426 ,112518.099426 
C:\ct2_P2P3\Non-HCC\fbffdeab\CZ0TRFDL\TBH5UN1J/I2000004,112342,112457,112518.099426 ,112518.099426 
C:\ct2_P2P3\Non-HCC\fbffdeab\CZ0TRFDL\TBH5UN1J/I2000005,112342,112457,112518.099426 ,112518.099426 
C:\ct2_P2P3\Non-HCC\fbffdeab\CZ0TRFDL\TBH5UN1J/I2010000,112342,112457,112518.099426 ,112518.099426 
C:\ct2_P2P3\Non-HCC\fbffdeab\CZ0TRFDL\TBH5UN1J/I2010001,112342,112457,112518.099426 ,112518.099426 
C:\ct2_P2P3\Non-HCC\fbffdeab\CZ0TRFDL\TBH5UN1J/I2020000,112342,112457,112518.099426 ,112518.099426 
C:\ct2_P2P3\Non-HCC\fbffdeab\CZ0TRFDL\TBH5UN1J/I2020001,112342,112457,112518.099426 ,112518.099426 
C:\ct2_P2P3\Non-HCC\fbffdeab\CZ0TRFDL\TBH5UN1J/I2030000,112342,112457,112518.099426 ,112518.099426 
C:\ct2_P2P3\Non-HCC\fbffdeab\CZ0TRFDL\TBH5UN1J/I2030001,112342,112457,112518.099426 ,112518.099426 
C:\ct2_P2P3\Non-HCC\fbffdeab\CZ0TRFDL\TBH5UN1J/I2040000,112342,112457,112518.099426 ,112518.099426 
C:\ct2_P2P3\Non-HCC\fbffdeab\CZ0TRFDL\TBH5UN1J/I2040001,112342,112457,112518.099426 ,112518.099426 
C:\ct2_P2P3\Non-HCC\fbffdeab\CZ0TRFDL\TBH5UN1J/I2050000,112342,112457,112518.099426 ,112518.099426 
C:\ct2_P2P3\Non-HCC\fbffdeab\CZ0TRFDL\TBH5UN1J/I2050001,112342,112457,112518.099426 ,112518.099426 
C:\ct2_P2P3\Non-HCC\fbffdeab\CZ0TRFDL\TBH5UN1J/I2060000,112342,112457,112518.099426 ,112518.099426 
C:\ct2_P2P3\Non-HCC\fbffdeab\CZ0TRFDL\TBH5UN1J/I2060001,112342,112457,112518.099426 ,112518.099426 
C:\ct2_P2P3\Non-HCC\fbffdeab\CZ0TRFDL\TBH5UN1J/I2070000,112342,112457,112518.099426 ,112518.099426 
C:\ct2_P2P3\Non-HCC\fbffdeab\CZ0TRFDL\TBH5UN1J/I2070001,112342,112457,112518.099426 ,112518.099426 
C:\ct2_P2P3\Non-HCC\fbffdeab\CZ0TRFDL\TBH5UN1J/I2080000,112342,112457,112518.099426 ,112518.099426 
C:\ct2_P2P3\Non-HCC\fbffdeab\CZ0TRFDL\TBH5UN1J/I2080001,112342,112457,112518.099426 ,112518.099426 
C:\ct2_P2P3\Non-HCC\fbffdeab\CZ0TRFDL\TBH5UN1J/I2090000,112342,112457,112518.099426 ,112518.099426 
C:\ct2_P2P3\Non-HCC\fbffdeab\CZ0TRFDL\TBH5UN1J/I2090001,112342,112457,112518.099426 ,112518.099426 
C:\ct2_P2P3\Non-HCC\fbffdeab\CZ0TRFDL\TBH5UN1J/I2100000,112342,112457,112518.099426 ,112518.099426 
C:\ct2_P2P3\Non-HCC\fbffdeab\CZ0TRFDL\TBH5UN1J/I2100001,112342,112457,112518.099426 ,112518.099426 
C:\ct2_P2P3\Non-HCC\fbffdeab\CZ0TRFDL\TBH5UN1J/I2100002,112342,112457,112518.099426 ,112518.099426 
C:\ct2_P2P3\Non-HCC\fbffdeab\CZ0TRFDL\TBH5UN1J/I2100003,112342,112457,112518.099426 ,112518.099426 
C:\ct2_P2P3\Non-HCC\fbffdeab\CZ0TRFDL\TBH5UN1J/I2110000,112342,112457,112518.099426 ,112518.099426 
C:\ct2_P2P3\Non-HCC\fbffdeab\CZ0TRFDL\TBH5UN1J/I2110001,112342,112457,112518.099426 ,112518.099426 
C:\ct2_P2P3\Non-HCC\fbffdeab\CZ0TRFDL\TBH5UN1J/I2120000,112342,112457,112518.099426 ,112518.099426 
C:\ct2_P2P3\Non-HCC\fbffdeab\CZ0TRFDL\TBH5UN1J/I2120001,112342,112457,112518.099426 ,112518.099426 
C:\ct2_P2P3\Non-HCC\fbffdeab\CZ0TRFDL\TBH5UN1J/I2130000,112342,112457,112518.099426 ,112518.099426 
C:\ct2_P2P3\Non-HCC\fbffdeab\CZ0TRFDL\TBH5UN1J/I2130001,112342,112457,112518.099426 ,112518.099426 
C:\ct2_P2P3\Non-HCC\fbffdeab\CZ0TRFDL\TBH5UN1J/I2140000,112342,112457,112518.099426 ,112518.099426 
C:\ct2_P2P3\Non-HCC\fbffdeab\CZ0TRFDL\TBH5UN1J/I2140001,112342,112457,112518.099426 ,112518.099426 
C:\ct2_P2P3\Non-HCC\fbffdeab\CZ0TRFDL\TBH5UN1J/I2150000,112342,112457,112518.099426 ,112518.099426 
C:\ct2_P2P3\Non-HCC\fbffdeab\CZ0TRFDL\TBH5UN1J/I2150001,112342,112457,112518.099426 ,112518.099426 
C:\ct2_P2P3\Non-HCC\fbffdeab\CZ0TRFDL\TBH5UN1J/I2160000,112342,112457,112518.099426 ,112518.099426 
C:\ct2_P2P3\Non-HCC\fbffdeab\CZ0TRFDL\TBH5UN1J/I2160001,112342,112457,112518.099426 ,112518.099426 
C:\ct2_P2P3\Non-HCC\fbffdeab\CZ0TRFDL\TBH5UN1J/I2170000,112342,112457,112518.099426 ,112518.099426 
C:\ct2_P2P3\Non-HCC\fbffdeab\CZ0TRFDL\TBH5UN1J/I2170001,112342,112457,112518.099426 ,112518.099426 
C:\ct2_P2P3\Non-HCC\fbffdeab\CZ0TRFDL\TBH5UN1J/I2180000,112342,112457,112518.099426 ,112518.099426 
C:\ct2_P2P3\Non-HCC\fbffdeab\CZ0TRFDL\TBH5UN1J/I2180001,112342,112457,112518.099426 ,112518.099426 
C:\ct2_P2P3\Non-HCC\fbffdeab\CZ0TRFDL\TBH5UN1J/I2190000,112342,112457,112518.099426 ,112518.099426 
C:\ct2_P2P3\Non-HCC\fbffdeab\CZ0TRFDL\TBH5UN1J/I2190001,112342,112457,112518.099426 ,112518.099426 
C:\ct2_P2P3\Non-HCC\fbffdeab\CZ0TRFDL\TBH5UN1J/I2200000,112342,112457,112518.099426 ,112518.099426 
C:\ct2_P2P3\Non-HCC\fbffdeab\CZ0TRFDL\TBH5UN1J/I2200001,112342,112457,112518.099426 ,112518.099426 
C:\ct2_P2P3\Non-HCC\fbffdeab\CZ0TRFDL\TBH5UN1J/I2200002,112342,112457,112518.099426 ,112518.099426 
C:\ct2_P2P3\Non-HCC\fbffdeab\CZ0TRFDL\TBH5UN1J/I2200003,112342,112457,112518.099426 ,112518.099426 
C:\ct2_P2P3\Non-HCC\fbffdeab\CZ0TRFDL\TBH5UN1J/I2210000,112342,112457,112518.099426 ,112518.099426 
C:\ct2_P2P3\Non-HCC\fbffdeab\CZ0TRFDL\TBH5UN1J/I2210001,112342,112457,112518.099426 ,112518.099426 
C:\ct2_P2P3\Non-HCC\fbffdeab\CZ0TRFDL\TBH5UN1J/I2220000,112342,112457,112518.099426 ,112518.099426 
C:\ct2_P2P3\Non-HCC\fbffdeab\CZ0TRFDL\TBH5UN1J/I2220001,112342,112457,112518.099426 ,112518.099426 
C:\ct2_P2P3\Non-HCC\fbffdeab\CZ0TRFDL\TBH5UN1J/I2230000,112342,112457,112518.099426 ,112518.099426 
C:\ct2_P2P3\Non-HCC\fbffdeab\CZ0TRFDL\TBH5UN1J/I2230001,112342,112457,112518.099426 ,112518.099426 
C:\ct2_P2P3\Non-HCC\fbffdeab\CZ0TRFDL\TBH5UN1J/I2240000,112342,112457,112518.099426 ,112518.099426 
C:\ct2_P2P3\Non-HCC\fbffdeab\CZ0TRFDL\TBH5UN1J/I2240001,112342,112457,112518.099426 ,112518.099426 
C:\ct2_P2P3\Non-HCC\fbffdeab\CZ0TRFDL\TBH5UN1J/I2250000,112342,112457,112518.099426 ,112518.099426 
C:\ct2_P2P3\Non-HCC\fbffdeab\CZ0TRFDL\TBH5UN1J/I2250001,112342,112457,112518.099426 ,112518.099426 
C:\ct2_P2P3\Non-HCC\fbffdeab\CZ0TRFDL\TBH5UN1J/I2260000,112342,112457,112518.099426 ,112518.099426 
C:\ct2_P2P3\Non-HCC\fbffdeab\CZ0TRFDL\TBH5UN1J/I2260001,112342,112457,112518.099426 ,112518.099426 
C:\ct2_P2P3\Non-HCC\fbffdeab\CZ0TRFDL\TBH5UN1J/I2270000,112342,112457,112518.099426 ,112518.099426 
C:\ct2_P2P3\Non-HCC\fbffdeab\CZ0TRFDL\TBH5UN1J/I2270001,112342,112457,112518.099426 ,112518.099426 
C:\ct2_P2P3\Non-HCC\fbffdeab\CZ0TRFDL\TBH5UN1J/I2280000,112342,112457,112518.099426 ,112518.099426 
C:\ct2_P2P3\Non-HCC\fbffdeab\CZ0TRFDL\TBH5UN1J/I2280001,112342,112457,112518.099426 ,112518.099426 
C:\ct2_P2P3\Non-HCC\fbffdeab\CZ0TRFDL\TBH5UN1J/I2290000,112342,112457,112518.099426 ,112518.099426 
C:\ct2_P2P3\Non-HCC\fbffdeab\CZ0TRFDL\TBH5UN1J/I2290001,112342,112457,112518.099426 ,112518.099426 
C:\ct2_P2P3\Non-HCC\fbffdeab\CZ0TRFDL\TBH5UN1J/I2300000,112342,112457,112518.099426 ,112518.099426 
C:\ct2_P2P3\Non-HCC\fbffdeab\CZ0TRFDL\TBH5UN1J/I2300001,112342,112457,112518.099426 ,112518.099426 
C:\ct2_P2P3\Non-HCC\fbffdeab\CZ0TRFDL\TBH5UN1J/I2300002,112342,112457,112518.099426 ,112518.099426 
C:\ct2_P2P3\Non-HCC\fbffdeab\CZ0TRFDL\TBH5UN1J/I2300003,112342,112457,112518.099426 ,112518.099426 
C:\ct2_P2P3\Non-HCC\fbffdeab\CZ0TRFDL\TBH5UN1J/I2310000,112342,112457,112518.099426 ,112518.099426 
C:\ct2_P2P3\Non-HCC\fbffdeab\CZ0TRFDL\TBH5UN1J/I2310001,112342,112457,112518.099426 ,112518.099426 
C:\ct2_P2P3\Non-HCC\fbffdeab\CZ0TRFDL\TBH5UN1J/I2320000,112342,112457,112518.099426 ,112518.099426 
C:\ct2_P2P3\Non-HCC\fbffdeab\CZ0TRFDL\TBH5UN1J/I2320001,112342,112457,112518.099426 ,112518.099426 
C:\ct2_P2P3\Non-HCC\fbffdeab\CZ0TRFDL\TBH5UN1J/I2330000,112342,112457,112518.099426 ,112518.099426 
C:\ct2_P2P3\Non-HCC\fbffdeab\CZ0TRFDL\TBH5UN1J/I2330001,112342,112457,112518.099426 ,112518.099426 
C:\ct2_P2P3\Non-HCC\fbffdeab\CZ0TRFDL\TBH5UN1J/I2340000,112342,112457,112518.099426 ,112518.099426 
C:\ct2_P2P3\Non-HCC\fbffdeab\CZ0TRFDL\TBH5UN1J/I2340001,112342,112457,112518.099426 ,112518.099426 
C:\ct2_P2P3\Non-HCC\fbffdeab\CZ0TRFDL\TBH5UN1J/I2350000,112342,112457,112518.099426 ,112518.099426 
C:\ct2_P2P3\Non-HCC\fbffdeab\CZ0TRFDL\TBH5UN1J/I2350001,112342,112457,112518.099426 ,112518.099426 
C:\ct2_P2P3\Non-HCC\fbffdeab\CZ0TRFDL\TBH5UN1J/I2360000,112342,112457,112518.099426 ,112518.099426 
C:\ct2_P2P3\Non-HCC\fbffdeab\CZ0TRFDL\TBH5UN1J/I2360001,112342,112457,112518.099426 ,112518.099426 
C:\ct2_P2P3\Non-HCC\fbffdeab\CZ0TRFDL\TBH5UN1J/I2370000,112342,112457,112518.099426 ,112518.099426 
C:\ct2_P2P3\Non-HCC\fbffdeab\CZ0TRFDL\TBH5UN1J/I2370001,112342,112457,112518.099426 ,112518.099426 
C:\ct2_P2P3\Non-HCC\fbffdeab\CZ0TRFDL\TBH5UN1J/I2380000,112342,112457,112518.099426 ,112518.099426 
C:\ct2_P2P3\Non-HCC\fbffdeab\CZ0TRFDL\TBH5UN1J/I2380001,112342,112457,112518.099426 ,112518.099426 
C:\ct2_P2P3\Non-HCC\fbffdeab\CZ0TRFDL\TBH5UN1J/I2390000,112342,112457,112518.099426 ,112518.099426 
C:\ct2_P2P3\Non-HCC\fbffdeab\CZ0TRFDL\TBH5UN1J/I2390001,112342,112457,112518.099426 ,112518.099426 
C:\ct2_P2P3\Non-HCC\fbffdeab\CZ0TRFDL\TBH5UN1J/I2400000,112342,112457,112518.099426 ,112518.099426 
C:\ct2_P2P3\Non-HCC\fbffdeab\CZ0TRFDL\TBH5UN1J/I2400001,112342,112457,112518.099426 ,112518.099426 
C:\ct2_P2P3\Non-HCC\fbffdeab\CZ0TRFDL\TBH5UN1J/I2400002,112342,112457,112518.099426 ,112518.099426 
C:\ct2_P2P3\Non-HCC\fbffdeab\CZ0TRFDL\TBH5UN1J/I2400003,112342,112457,112518.099426 ,112518.099426 
C:\ct2_P2P3\Non-HCC\fbffdeab\CZ0TRFDL\TBH5UN1J/I2410000,112342,112457,112518.099426 ,112518.099426 
C:\ct2_P2P3\Non-HCC\fbffdeab\CZ0TRFDL\TBH5UN1J/I2410001,112342,112457,112518.099426 ,112518.099426 
C:\ct2_P2P3\Non-HCC\fbffdeab\CZ0TRFDL\TBH5UN1J/I2420000,112342,112457,112518.099426 ,112518.099426 
C:\ct2_P2P3\Non-HCC\fbffdeab\CZ0TRFDL\TBH5UN1J/I2420001,112342,112457,112518.099426 ,112518.099426 
C:\ct2_P2P3\Non-HCC\fbffdeab\CZ0TRFDL\TBH5UN1J/I2430000,112342,112457,112518.099426 ,112518.099426 
C:\ct2_P2P3\Non-HCC\fbffdeab\CZ0TRFDL\TBH5UN1J/I2430001,112342,112457,112518.099426 ,112518.099426 
C:\ct2_P2P3\Non-HCC\fbffdeab\CZ0TRFDL\TBH5UN1J/I2440000,112342,112457,112518.099426 ,112518.099426 
C:\ct2_P2P3\Non-HCC\fbffdeab\CZ0TRFDL\TBH5UN1J/I2440001,112342,112457,112518.099426 ,112518.099426 
C:\ct2_P2P3\Non-HCC\fbffdeab\CZ0TRFDL\TBH5UN1J/I2450000,112342,112457,112518.099426 ,112518.099426 
C:\ct2_P2P3\Non-HCC\fbffdeab\CZ0TRFDL\TBH5UN1J/I2450001,112342,112457,112518.099426 ,112518.099426 
C:\ct2_P2P3\Non-HCC\fbffdeab\CZ0TRFDL\TBH5UN1J/I2460000,112342,112457,112518.099426 ,112518.099426 
C:\ct2_P2P3\Non-HCC\fbffdeab\CZ0TRFDL\TBH5UN1J/I2460001,112342,112457,112518.099426 ,112518.099426 
C:\ct2_P2P3\Non-HCC\fbffdeab\CZ0TRFDL\TBH5UN1J/I2470000,112342,112457,112518.099426 ,112518.099426 
C:\ct2_P2P3\Non-HCC\fbffdeab\CZ0TRFDL\TBH5UN1J/I2470001,112342,112457,112518.099426 ,112518.099426 
C:\ct2_P2P3\Non-HCC\fbffdeab\CZ0TRFDL\TBH5UN1J/I2480000,112342,112457,112518.099426 ,112518.099426 
C:\ct2_P2P3\Non-HCC\fbffdeab\CZ0TRFDL\TBH5UN1J/I2480001,112342,112457,112518.099426 ,112518.099426 
C:\ct2_P2P3\Non-HCC\fbffdeab\CZ0TRFDL\TBH5UN1J/I2490000,112342,112457,112518.099426 ,112518.099426 
C:\ct2_P2P3\Non-HCC\fbffdeab\CZ0TRFDL\TBH5UN1J/I2490001,112342,112457,112518.099426 ,112518.099426 
C:\ct2_P2P3\Non-HCC\fbffdeab\CZ0TRFDL\TBH5UN1J/I2500000,112342,112457,112518.099426 ,112518.099426 
C:\ct2_P2P3\Non-HCC\fbffdeab\CZ0TRFDL\TBH5UN1J/I2500001,112342,112457,112518.099426 ,112518.099426 
C:\ct2_P2P3\Non-HCC\fbffdeab\CZ0TRFDL\TBH5UN1J/I2500002,112342,112457,112518.099426 ,112518.099426 
C:\ct2_P2P3\Non-HCC\fbffdeab\CZ0TRFDL\TBH5UN1J/I2500003,112342,112457,112518.099426 ,112518.099426 
C:\ct2_P2P3\Non-HCC\fbffdeab\CZ0TRFDL\TBH5UN1J/I2510000,112342,112457,112518.099426 ,112518.099426 
C:\ct2_P2P3\Non-HCC\fbffdeab\CZ0TRFDL\TBH5UN1J/I2510001,112342,112457,112518.099426 ,112518.099426 
C:\ct2_P2P3\Non-HCC\fbffdeab\CZ0TRFDL\TBH5UN1J/I2520000,112342,112457,112518.099426 ,112518.099426 
C:\ct2_P2P3\Non-HCC\fbffdeab\CZ0TRFDL\TBH5UN1J/I2520001,112342,112457,112518.099426 ,112518.099426 
C:\ct2_P2P3\Non-HCC\fbffdeab\CZ0TRFDL\TBH5UN1J/I2530000,112342,112457,112518.099426 ,112518.099426 
C:\ct2_P2P3\Non-HCC\fbffdeab\CZ0TRFDL\TBH5UN1J/I2530001,112342,112457,112518.099426 ,112518.099426 
C:\ct2_P2P3\Non-HCC\fbffdeab\CZ0TRFDL\TBH5UN1J/I2540000,112342,112457,112518.099426 ,112518.099426 
C:\ct2_P2P3\Non-HCC\fbffdeab\CZ0TRFDL\TBH5UN1J/I2540001,112342,112457,112518.099426 ,112518.099426 
C:\ct2_P2P3\Non-HCC\fbffdeab\CZ0TRFDL\TBH5UN1J/I2550000,112342,112457,112518.099426 ,112518.099426 
C:\ct2_P2P3\Non-HCC\fbffdeab\CZ0TRFDL\TBH5UN1J/I2550001,112342,112457,112518.099426 ,112518.099426 
C:\ct2_P2P3\Non-HCC\fbffdeab\CZ0TRFDL\TBH5UN1J/I2560000,112342,112457,112518.099426 ,112518.099426 
C:\ct2_P2P3\Non-HCC\fbffdeab\CZ0TRFDL\TBH5UN1J/I2560001,112342,112457,112518.099426 ,112518.099426 
C:\ct2_P2P3\Non-HCC\fbffdeab\CZ0TRFDL\TBH5UN1J/I2570000,112342,112457,112518.099426 ,112518.099426 
C:\ct2_P2P3\Non-HCC\fbffdeab\CZ0TRFDL\TBH5UN1J/I2570001,112342,112457,112518.099426 ,112518.099426 
C:\ct2_P2P3\Non-HCC\fbffdeab\CZ0TRFDL\TBH5UN1J/I2580000,112342,112457,112518.099426 ,112518.099426 
C:\ct2_P2P3\Non-HCC\fbffdeab\CZ0TRFDL\TBH5UN1J/I2580001,112342,112457,112518.099426 ,112518.099426 
C:\ct2_P2P3\Non-HCC\fbffdeab\CZ0TRFDL\TBH5UN1J/I2590000,112342,112457,112518.099426 ,112518.099426 
C:\ct2_P2P3\Non-HCC\fbffdeab\CZ0TRFDL\TBH5UN1J/I2590001,112342,112457,112518.099426 ,112518.099426 
C:\ct2_P2P3\Non-HCC\fbffdeab\CZ0TRFDL\TBH5UN1J/I2600000,112342,112457,112518.099426 ,112518.099426 
C:\ct2_P2P3\Non-HCC\fbffdeab\CZ0TRFDL\TBH5UN1J/I2600001,112342,112457,112518.099426 ,112518.099426 
C:\ct2_P2P3\Non-HCC\fbffdeab\CZ0TRFDL\TBH5UN1J/I2600002,112342,112457,112518.099426 ,112518.099426 
C:\ct2_P2P3\Non-HCC\fbffdeab\CZ0TRFDL\TBH5UN1J/I2600003,112342,112457,112518.099426 ,112518.099426 
C:\ct2_P2P3\Non-HCC\fbffdeab\CZ0TRFDL\TBH5UN1J/I2610000,112342,112457,112518.099426 ,112518.099426 
C:\ct2_P2P3\Non-HCC\fbffdeab\CZ0TRFDL\TBH5UN1J/I2610001,112342,112457,112518.099426 ,112518.099426 
C:\ct2_P2P3\Non-HCC\fbffdeab\CZ0TRFDL\TBH5UN1J/I2620000,112342,112457,112518.099426 ,112518.099426 
C:\ct2_P2P3\Non-HCC\fbffdeab\CZ0TRFDL\TBH5UN1J/I2620001,112342,112457,112518.099426 ,112518.099426 
C:\ct2_P2P3\Non-HCC\fbffdeab\CZ0TRFDL\TBH5UN1J/I2630000,112342,112457,112518.099426 ,112518.099426 
C:\ct2_P2P3\Non-HCC\fbffdeab\CZ0TRFDL\TBH5UN1J/I2630001,112342,112457,112518.099426 ,112518.099426 
C:\ct2_P2P3\Non-HCC\fbffdeab\CZ0TRFDL\TBH5UN1J/I2640000,112342,112457,112518.099426 ,112518.099426 
C:\ct2_P2P3\Non-HCC\fbffdeab\CZ0TRFDL\TBH5UN1J/I2640001,112342,112457,112518.099426 ,112518.099426 
C:\ct2_P2P3\Non-HCC\fbffdeab\CZ0TRFDL\TBH5UN1J/I2650000,112342,112457,112518.099426 ,112518.099426 
C:\ct2_P2P3\Non-HCC\fbffdeab\CZ0TRFDL\TBH5UN1J/I2650001,112342,112457,112518.099426 ,112518.099426 
C:\ct2_P2P3\Non-HCC\fbffdeab\CZ0TRFDL\TBH5UN1J/I2660000,112342,112457,112518.099426 ,112518.099426 
C:\ct2_P2P3\Non-HCC\fbffdeab\CZ0TRFDL\TBH5UN1J/I2660001,112342,112457,112518.099426 ,112518.099426 
C:\ct2_P2P3\Non-HCC\fbffdeab\CZ0TRFDL\TBH5UN1J/I2670000,112342,112457,112518.099426 ,112518.099426 
C:\ct2_P2P3\Non-HCC\fbffdeab\CZ0TRFDL\TBH5UN1J/I2670001,112342,112457,112518.099426 ,112518.099426 
C:\ct2_P2P3\Non-HCC\fbffdeab\CZ0TRFDL\TBH5UN1J/I2680000,112342,112457,112518.099426 ,112518.099426 
C:\ct2_P2P3\Non-HCC\fbffdeab\CZ0TRFDL\TBH5UN1J/I2680001,112342,112457,112518.099426 ,112518.099426 
C:\ct2_P2P3\Non-HCC\fbffdeab\CZ0TRFDL\TBH5UN1J/I2690000,112342,112457,112518.099426 ,112518.099426 
C:\ct2_P2P3\Non-HCC\fbffdeab\CZ0TRFDL\TBH5UN1J/I2690001,112342,112457,112518.099426 ,112518.099426 
C:\ct2_P2P3\Non-HCC\fbffdeab\CZ0TRFDL\TBH5UN1J/I2700000,112342,112457,112518.099426 ,112518.099426 
C:\ct2_P2P3\Non-HCC\fbffdeab\CZ0TRFDL\TBH5UN1J/I2700001,112342,112457,112518.099426 ,112518.099426 
C:\ct2_P2P3\Non-HCC\fbffdeab\CZ0TRFDL\TBH5UN1J/I2700002,112342,112457,112518.099426 ,112518.099426 
C:\ct2_P2P3\Non-HCC\fbffdeab\CZ0TRFDL\TBH5UN1J/I2700003,112342,112457,112518.099426 ,112518.099426 
C:\ct2_P2P3\Non-HCC\fbffdeab\CZ0TRFDL\TBH5UN1J/I2710000,112342,112457,112518.099426 ,112518.099426 
C:\ct2_P2P3\Non-HCC\fbffdeab\CZ0TRFDL\TBH5UN1J/I2710001,112342,112457,112518.099426 ,112518.099426 
C:\ct2_P2P3\Non-HCC\fbffdeab\CZ0TRFDL\TBH5UN1J/I2720000,112342,112457,112518.099426 ,112518.099426 
C:\ct2_P2P3\Non-HCC\fbffdeab\CZ0TRFDL\TBH5UN1J/I2720001,112342,112457,112518.099426 ,112518.099426 
C:\ct2_P2P3\Non-HCC\fbffdeab\CZ0TRFDL\TBH5UN1J/I2730000,112342,112457,112518.099426 ,112518.099426 
C:\ct2_P2P3\Non-HCC\fbffdeab\CZ0TRFDL\TBH5UN1J/I2730001,112342,112457,112518.099426 ,112518.099426 
C:\ct2_P2P3\Non-HCC\fbffdeab\CZ0TRFDL\TBH5UN1J/I2740000,112342,112457,112518.099426 ,112518.099426 
C:\ct2_P2P3\Non-HCC\fbffdeab\CZ0TRFDL\TBH5UN1J/I2740001,112342,112457,112518.099426 ,112518.099426 
C:\ct2_P2P3\Non-HCC\fbffdeab\CZ0TRFDL\TBH5UN1J/I2750000,112342,112457,112518.099426 ,112518.099426 
C:\ct2_P2P3\Non-HCC\fbffdeab\CZ0TRFDL\TBH5UN1J/I2750001,112342,112457,112518.099426 ,112518.099426 
C:\ct2_P2P3\Non-HCC\fbffdeab\CZ0TRFDL\TBH5UN1J/I2760000,112342,112457,112518.099426 ,112518.099426 
C:\ct2_P2P3\Non-HCC\fbffdeab\CZ0TRFDL\TBH5UN1J/I2760001,112342,112457,112518.099426 ,112518.099426 
C:\ct2_P2P3\Non-HCC\fbffdeab\CZ0TRFDL\TBH5UN1J/I2770000,112342,112457,112518.099426 ,112518.099426 
C:\ct2_P2P3\Non-HCC\fbffdeab\CZ0TRFDL\TBH5UN1J/I2770001,112342,112457,112518.099426 ,112518.099426 
C:\ct2_P2P3\Non-HCC\fbffdeab\CZ0TRFDL\TBH5UN1J/I2780000,112342,112457,112518.099426 ,112518.099426 
C:\ct2_P2P3\Non-HCC\fbffdeab\CZ0TRFDL\TBH5UN1J/I2780001,112342,112457,112518.099426 ,112518.099426 
C:\ct2_P2P3\Non-HCC\fbffdeab\CZ0TRFDL\TBH5UN1J/I2790000,112342,112457,112518.099426 ,112518.099426 
C:\ct2_P2P3\Non-HCC\fbffdeab\CZ0TRFDL\TBH5UN1J/I2790001,112342,112457,112518.099426 ,112518.099426 
C:\ct2_P2P3\Non-HCC\fbffdeab\CZ0TRFDL\TBH5UN1J/I2800000,112342,112457,112518.099426 ,112518.099426 
C:\ct2_P2P3\Non-HCC\fbffdeab\CZ0TRFDL\TBH5UN1J/I2800001,112342,112457,112518.099426 ,112518.099426 
C:\ct2_P2P3\Non-HCC\fbffdeab\CZ0TRFDL\TBH5UN1J/I2800002,112342,112457,112518.099426 ,112518.099426 
C:\ct2_P2P3\Non-HCC\fbffdeab\CZ0TRFDL\TBH5UN1J/I2800003,112342,112457,112518.099426 ,112518.099426 
C:\ct2_P2P3\Non-HCC\fbffdeab\CZ0TRFDL\TBH5UN1J/I2810000,112342,112457,112518.099426 ,112518.099426 
C:\ct2_P2P3\Non-HCC\fbffdeab\CZ0TRFDL\TBH5UN1J/I2810001,112342,112457,112518.099426 ,112518.099426 
C:\ct2_P2P3\Non-HCC\fbffdeab\CZ0TRFDL\TBH5UN1J/I2900000,112342,112457,112518.099426 ,112518.099426 
C:\ct2_P2P3\Non-HCC\fbffdeab\CZ0TRFDL\TBH5UN1J/I2900001,112342,112457,112518.099426 ,112518.099426 
C:\ct2_P2P3\Non-HCC\fbffdeab\CZ0TRFDL\TBH5UN1J/I3000000,112342,112457,112518.099426 ,112518.099426 
C:\ct2_P2P3\Non-HCC\fbffdeab\CZ0TRFDL\TBH5UN1J/I3000001,112342,112457,112518.099426 ,112518.099426 
C:\ct2_P2P3\Non-HCC\fbffdeab\CZ0TRFDL\TBH5UN1J/I3000002,112342,112457,112518.099426 ,112518.099426 
C:\ct2_P2P3\Non-HCC\fbffdeab\CZ0TRFDL\TBH5UN1J/I3000003,112342,112457,112518.099426 ,112518.099426 
C:\ct2_P2P3\Non-HCC\fbffdeab\CZ0TRFDL\TBH5UN1J/I3100000,112342,112457,112518.099426 ,112518.099426 
C:\ct2_P2P3\Non-HCC\fbffdeab\CZ0TRFDL\TBH5UN1J/I3100001,112342,112457,112518.099426 ,112518.099426 
C:\ct2_P2P3\Non-HCC\fbffdeab\CZ0TRFDL\TBH5UN1J/I3200000,112342,112457,112518.099426 ,112518.099426 
C:\ct2_P2P3\Non-HCC\fbffdeab\CZ0TRFDL\TBH5UN1J/I3200001,112342,112457,112518.099426 ,112518.099426 
C:\ct2_P2P3\Non-HCC\fbffdeab\CZ0TRFDL\TBH5UN1J/I3300000,112342,112457,112518.099426 ,112518.099426 
C:\ct2_P2P3\Non-HCC\fbffdeab\CZ0TRFDL\TBH5UN1J/I3300001,112342,112457,112518.099426 ,112518.099426 
C:\ct2_P2P3\Non-HCC\fbffdeab\CZ0TRFDL\TBH5UN1J/I3400000,112342,112457,112518.099426 ,112518.099426 
C:\ct2_P2P3\Non-HCC\fbffdeab\CZ0TRFDL\TBH5UN1J/I3400001,112342,112457,112518.099426 ,112518.099426 
C:\ct2_P2P3\Non-HCC\fbffdeab\CZ0TRFDL\TBH5UN1J/I3500000,112342,112457,112518.099426 ,112518.099426 
C:\ct2_P2P3\Non-HCC\fbffdeab\CZ0TRFDL\TBH5UN1J/I3500001,112342,112457,112518.099426 ,112518.099426 
C:\ct2_P2P3\Non-HCC\fbffdeab\CZ0TRFDL\TBH5UN1J/I3600000,112342,112457,112518.099426 ,112518.099426 
C:\ct2_P2P3\Non-HCC\fbffdeab\CZ0TRFDL\TBH5UN1J/I3600001,112342,112457,112518.099426 ,112518.099426 
C:\ct2_P2P3\Non-HCC\fbffdeab\CZ0TRFDL\TBH5UN1J/I3700000,112342,112457,112518.099426 ,112518.099426 
C:\ct2_P2P3\Non-HCC\fbffdeab\CZ0TRFDL\TBH5UN1J/I3700001,112342,112457,112518.099426 ,112518.099426 
C:\ct2_P2P3\Non-HCC\fbffdeab\CZ0TRFDL\TBH5UN1J/I3800000,112342,112457,112518.099426 ,112518.099426 
C:\ct2_P2P3\Non-HCC\fbffdeab\CZ0TRFDL\TBH5UN1J/I3800001,112342,112457,112518.099426 ,112518.099426 
C:\ct2_P2P3\Non-HCC\fbffdeab\CZ0TRFDL\TBH5UN1J/I3900000,112342,112457,112518.099426 ,112518.099426 
C:\ct2_P2P3\Non-HCC\fbffdeab\CZ0TRFDL\TBH5UN1J/I3900001,112342,112457,112518.099426 ,112518.099426 
C:\ct2_P2P3\Non-HCC\fbffdeab\CZ0TRFDL\TBH5UN1J/I4000000,112342,112457,112518.099426 ,112518.099426 
C:\ct2_P2P3\Non-HCC\fbffdeab\CZ0TRFDL\TBH5UN1J/I4000001,112342,112457,112518.099426 ,112518.099426 
C:\ct2_P2P3\Non-HCC\fbffdeab\CZ0TRFDL\TBH5UN1J/I4000002,112342,112457,112518.099426 ,112518.099426 
C:\ct2_P2P3\Non-HCC\fbffdeab\CZ0TRFDL\TBH5UN1J/I4000003,112342,112457,112518.099426 ,112518.099426 
C:\ct2_P2P3\Non-HCC\fbffdeab\CZ0TRFDL\TBH5UN1J/I4100000,112342,112457,112518.099426 ,112518.099426 
C:\ct2_P2P3\Non-HCC\fbffdeab\CZ0TRFDL\TBH5UN1J/I4100001,112342,112457,112518.099426 ,112518.099426 
C:\ct2_P2P3\Non-HCC\fbffdeab\CZ0TRFDL\TBH5UN1J/I4200000,112342,112457,112518.099426 ,112518.099426 
C:\ct2_P2P3\Non-HCC\fbffdeab\CZ0TRFDL\TBH5UN1J/I4200001,112342,112457,112518.099426 ,112518.099426 
C:\ct2_P2P3\Non-HCC\fbffdeab\CZ0TRFDL\TBH5UN1J/I4300000,112342,112457,112518.099426 ,112518.099426 
C:\ct2_P2P3\Non-HCC\fbffdeab\CZ0TRFDL\TBH5UN1J/I4300001,112342,112457,112518.099426 ,112518.099426 
C:\ct2_P2P3\Non-HCC\fbffdeab\CZ0TRFDL\TBH5UN1J/I4400000,112342,112457,112518.099426 ,112518.099426 
C:\ct2_P2P3\Non-HCC\fbffdeab\CZ0TRFDL\TBH5UN1J/I4400001,112342,112457,112518.099426 ,112518.099426 
C:\ct2_P2P3\Non-HCC\fbffdeab\CZ0TRFDL\TBH5UN1J/I4500000,112342,112457,112518.099426 ,112518.099426 
C:\ct2_P2P3\Non-HCC\fbffdeab\CZ0TRFDL\TBH5UN1J/I4500001,112342,112457,112518.099426 ,112518.099426 
C:\ct2_P2P3\Non-HCC\fbffdeab\CZ0TRFDL\TBH5UN1J/I4600000,112342,112457,112518.099426 ,112518.099426 
C:\ct2_P2P3\Non-HCC\fbffdeab\CZ0TRFDL\TBH5UN1J/I4600001,112342,112457,112518.099426 ,112518.099426 
C:\ct2_P2P3\Non-HCC\fbffdeab\CZ0TRFDL\TBH5UN1J/I4700000,112342,112457,112518.099426 ,112518.099426 
C:\ct2_P2P3\Non-HCC\fbffdeab\CZ0TRFDL\TBH5UN1J/I4700001,112342,112457,112518.099426 ,112518.099426 
C:\ct2_P2P3\Non-HCC\fbffdeab\CZ0TRFDL\TBH5UN1J/I4800000,112342,112457,112518.099426 ,112518.099426 
C:\ct2_P2P3\Non-HCC\fbffdeab\CZ0TRFDL\TBH5UN1J/I4800001,112342,112457,112518.099426 ,112518.099426 
C:\ct2_P2P3\Non-HCC\fbffdeab\CZ0TRFDL\TBH5UN1J/I4900000,112342,112457,112518.099426 ,112518.099426 
C:\ct2_P2P3\Non-HCC\fbffdeab\CZ0TRFDL\TBH5UN1J/I4900001,112342,112457,112518.099426 ,112518.099426 
C:\ct2_P2P3\Non-HCC\fbffdeab\CZ0TRFDL\TBH5UN1J/I5000000,112342,112457,112518.099426 ,112518.099426 
C:\ct2_P2P3\Non-HCC\fbffdeab\CZ0TRFDL\TBH5UN1J/I5000001,112342,112457,112518.099426 ,112518.099426 
C:\ct2_P2P3\Non-HCC\fbffdeab\CZ0TRFDL\TBH5UN1J/I5000002,112342,112457,112518.099426 ,112518.099426 
C:\ct2_P2P3\Non-HCC\fbffdeab\CZ0TRFDL\TBH5UN1J/I5000003,112342,112457,112518.099426 ,112518.099426 
C:\ct2_P2P3\Non-HCC\fbffdeab\CZ0TRFDL\TBH5UN1J/I5100000,112342,112457,112518.099426 ,112518.099426 
C:\ct2_P2P3\Non-HCC\fbffdeab\CZ0TRFDL\TBH5UN1J/I5100001,112342,112457,112518.099426 ,112518.099426 
C:\ct2_P2P3\Non-HCC\fbffdeab\CZ0TRFDL\TBH5UN1J/I5200000,112342,112457,112518.099426 ,112518.099426 
C:\ct2_P2P3\Non-HCC\fbffdeab\CZ0TRFDL\TBH5UN1J/I5200001,112342,112457,112518.099426 ,112518.099426 
C:\ct2_P2P3\Non-HCC\fbffdeab\CZ0TRFDL\TBH5UN1J/I5300000,112342,112457,112518.099426 ,112518.099426 
C:\ct2_P2P3\Non-HCC\fbffdeab\CZ0TRFDL\TBH5UN1J/I5300001,112342,112457,112518.099426 ,112518.099426 
C:\ct2_P2P3\Non-HCC\fbffdeab\CZ0TRFDL\TBH5UN1J/I5400000,112342,112457,112518.099426 ,112518.099426 
C:\ct2_P2P3\Non-HCC\fbffdeab\CZ0TRFDL\TBH5UN1J/I5400001,112342,112457,112518.099426 ,112518.099426 
C:\ct2_P2P3\Non-HCC\fbffdeab\CZ0TRFDL\TBH5UN1J/I5500000,112342,112457,112518.099426 ,112518.099426 
C:\ct2_P2P3\Non-HCC\fbffdeab\CZ0TRFDL\TBH5UN1J/I5500001,112342,112457,112518.099426 ,112518.099426 
C:\ct2_P2P3\Non-HCC\fbffdeab\CZ0TRFDL\TBH5UN1J/I5600000,112342,112457,112518.099426 ,112518.099426 
C:\ct2_P2P3\Non-HCC\fbffdeab\CZ0TRFDL\TBH5UN1J/I5600001,112342,112457,112518.099426 ,112518.099426 
C:\ct2_P2P3\Non-HCC\fbffdeab\CZ0TRFDL\TBH5UN1J/I5700000,112342,112457,112518.099426 ,112518.099426 
C:\ct2_P2P3\Non-HCC\fbffdeab\CZ0TRFDL\TBH5UN1J/I5700001,112342,112457,112518.099426 ,112518.099426 
C:\ct2_P2P3\Non-HCC\fbffdeab\CZ0TRFDL\TBH5UN1J/I5800000,112342,112457,112518.099426 ,112518.099426 
C:\ct2_P2P3\Non-HCC\fbffdeab\CZ0TRFDL\TBH5UN1J/I5800001,112342,112457,112518.099426 ,112518.099426 
C:\ct2_P2P3\Non-HCC\fbffdeab\CZ0TRFDL\TBH5UN1J/I5900000,112342,112457,112518.099426 ,112518.099426 
C:\ct2_P2P3\Non-HCC\fbffdeab\CZ0TRFDL\TBH5UN1J/I5900001,112342,112457,112518.099426 ,112518.099426 
C:\ct2_P2P3\Non-HCC\fbffdeab\CZ0TRFDL\TBH5UN1J/I6000000,112342,112457,112518.099426 ,112518.099426 
C:\ct2_P2P3\Non-HCC\fbffdeab\CZ0TRFDL\TBH5UN1J/I6000001,112342,112457,112518.099426 ,112518.099426 
C:\ct2_P2P3\Non-HCC\fbffdeab\CZ0TRFDL\TBH5UN1J/I6000002,112342,112457,112518.099426 ,112518.099426 
C:\ct2_P2P3\Non-HCC\fbffdeab\CZ0TRFDL\TBH5UN1J/I6000003,112342,112457,112518.099426 ,112518.099426 
C:\ct2_P2P3\Non-HCC\fbffdeab\CZ0TRFDL\TBH5UN1J/I6100000,112342,112457,112518.099426 ,112518.099426 
C:\ct2_P2P3\Non-HCC\fbffdeab\CZ0TRFDL\TBH5UN1J/I6100001,112342,112457,112518.099426 ,112518.099426 
C:\ct2_P2P3\Non-HCC\fbffdeab\CZ0TRFDL\TBH5UN1J/I6200000,112342,112457,112518.099426 ,112518.099426 
C:\ct2_P2P3\Non-HCC\fbffdeab\CZ0TRFDL\TBH5UN1J/I6200001,112342,112457,112518.099426 ,112518.099426 
C:\ct2_P2P3\Non-HCC\fbffdeab\CZ0TRFDL\TBH5UN1J/I6300000,112342,112457,112518.099426 ,112518.099426 
C:\ct2_P2P3\Non-HCC\fbffdeab\CZ0TRFDL\TBH5UN1J/I6300001,112342,112457,112518.099426 ,112518.099426 
C:\ct2_P2P3\Non-HCC\fbffdeab\CZ0TRFDL\TBH5UN1J/I6400000,112342,112457,112518.099426 ,112518.099426 
C:\ct2_P2P3\Non-HCC\fbffdeab\CZ0TRFDL\TBH5UN1J/I6400001,112342,112457,112518.099426 ,112518.099426 
C:\ct2_P2P3\Non-HCC\fbffdeab\CZ0TRFDL\TBH5UN1J/I6500000,112342,112457,112518.099426 ,112518.099426 
C:\ct2_P2P3\Non-HCC\fbffdeab\CZ0TRFDL\TBH5UN1J/I6500001,112342,112457,112518.099426 ,112518.099426 
C:\ct2_P2P3\Non-HCC\fbffdeab\CZ0TRFDL\TBH5UN1J/I6600000,112342,112457,112518.099426 ,112518.099426 
C:\ct2_P2P3\Non-HCC\fbffdeab\CZ0TRFDL\TBH5UN1J/I6600001,112342,112457,112518.099426 ,112518.099426 
C:\ct2_P2P3\Non-HCC\fbffdeab\CZ0TRFDL\TBH5UN1J/I6700000,112342,112457,112518.099426 ,112518.099426 
C:\ct2_P2P3\Non-HCC\fbffdeab\CZ0TRFDL\TBH5UN1J/I6700001,112342,112457,112518.099426 ,112518.099426 
C:\ct2_P2P3\Non-HCC\fbffdeab\CZ0TRFDL\TBH5UN1J/I6800000,112342,112457,112518.099426 ,112518.099426 
C:\ct2_P2P3\Non-HCC\fbffdeab\CZ0TRFDL\TBH5UN1J/I6800001,112342,112457,112518.099426 ,112518.099426 
C:\ct2_P2P3\Non-HCC\fbffdeab\CZ0TRFDL\TBH5UN1J/I6900000,112342,112457,112518.099426 ,112518.099426 
C:\ct2_P2P3\Non-HCC\fbffdeab\CZ0TRFDL\TBH5UN1J/I6900001,112342,112457,112518.099426 ,112518.099426 
C:\ct2_P2P3\Non-HCC\fbffdeab\CZ0TRFDL\TBH5UN1J/I7000000,112342,112457,112518.099426 ,112518.099426 
C:\ct2_P2P3\Non-HCC\fbffdeab\CZ0TRFDL\TBH5UN1J/I7000001,112342,112457,112518.099426 ,112518.099426 
C:\ct2_P2P3\Non-HCC\fbffdeab\CZ0TRFDL\TBH5UN1J/I7000002,112342,112457,112518.099426 ,112518.099426 
C:\ct2_P2P3\Non-HCC\fbffdeab\CZ0TRFDL\TBH5UN1J/I7000003,112342,112457,112518.099426 ,112518.099426 
C:\ct2_P2P3\Non-HCC\fbffdeab\CZ0TRFDL\TBH5UN1J/I7100000,112342,112457,112518.099426 ,112518.099426 
C:\ct2_P2P3\Non-HCC\fbffdeab\CZ0TRFDL\TBH5UN1J/I7100001,112342,112457,112518.099426 ,112518.099426 
C:\ct2_P2P3\Non-HCC\fbffdeab\CZ0TRFDL\TBH5UN1J/I7200000,112342,112457,112518.099426 ,112518.099426 
C:\ct2_P2P3\Non-HCC\fbffdeab\CZ0TRFDL\TBH5UN1J/I7200001,112342,112457,112518.099426 ,112518.099426 
C:\ct2_P2P3\Non-HCC\fbffdeab\CZ0TRFDL\TBH5UN1J/I7300000,112342,112457,112518.099426 ,112518.099426 
C:\ct2_P2P3\Non-HCC\fbffdeab\CZ0TRFDL\TBH5UN1J/I7300001,112342,112457,112518.099426 ,112518.099426 
C:\ct2_P2P3\Non-HCC\fbffdeab\CZ0TRFDL\TBH5UN1J/I7400000,112342,112457,112518.099426 ,112518.099426 
C:\ct2_P2P3\Non-HCC\fbffdeab\CZ0TRFDL\TBH5UN1J/I7400001,112342,112457,112518.099426 ,112518.099426 
C:\ct2_P2P3\Non-HCC\fbffdeab\CZ0TRFDL\TBH5UN1J/I7500000,112342,112457,112518.099426 ,112518.099426 
C:\ct2_P2P3\Non-HCC\fbffdeab\CZ0TRFDL\TBH5UN1J/I7500001,112342,112457,112518.099426 ,112518.099426 
C:\ct2_P2P3\Non-HCC\fbffdeab\CZ0TRFDL\TBH5UN1J/I7600000,112342,112457,112518.099426 ,112518.099426 
C:\ct2_P2P3\Non-HCC\fbffdeab\CZ0TRFDL\TBH5UN1J/I7600001,112342,112457,112518.099426 ,112518.099426 
C:\ct2_P2P3\Non-HCC\fbffdeab\CZ0TRFDL\TBH5UN1J/I7700000,112342,112457,112518.099426 ,112518.099426 
C:\ct2_P2P3\Non-HCC\fbffdeab\CZ0TRFDL\TBH5UN1J/I7700001,112342,112457,112518.099426 ,112518.099426 
C:\ct2_P2P3\Non-HCC\fbffdeab\CZ0TRFDL\TBH5UN1J/I7800000,112342,112457,112518.099426 ,112518.099426 
C:\ct2_P2P3\Non-HCC\fbffdeab\CZ0TRFDL\TBH5UN1J/I7800001,112342,112457,112518.099426 ,112518.099426 
C:\ct2_P2P3\Non-HCC\fbffdeab\CZ0TRFDL\TBH5UN1J/I7900000,112342,112457,112518.099426 ,112518.099426 
C:\ct2_P2P3\Non-HCC\fbffdeab\CZ0TRFDL\TBH5UN1J/I7900001,112342,112457,112518.099426 ,112518.099426 
C:\ct2_P2P3\Non-HCC\fbffdeab\CZ0TRFDL\TBH5UN1J/I8000000,112342,112457,112518.099426 ,112518.099426 
C:\ct2_P2P3\Non-HCC\fbffdeab\CZ0TRFDL\TBH5UN1J/I8000001,112342,112457,112518.099426 ,112518.099426 
C:\ct2_P2P3\Non-HCC\fbffdeab\CZ0TRFDL\TBH5UN1J/I8000002,112342,112457,112518.099426 ,112518.099426 
C:\ct2_P2P3\Non-HCC\fbffdeab\CZ0TRFDL\TBH5UN1J/I8000003,112342,112457,112518.099426 ,112518.099426 
C:\ct2_P2P3\Non-HCC\fbffdeab\CZ0TRFDL\TBH5UN1J/I8100000,112342,112457,112518.099426 ,112518.099426 
C:\ct2_P2P3\Non-HCC\fbffdeab\CZ0TRFDL\TBH5UN1J/I8100001,112342,112457,112518.099426 ,112518.099426 
C:\ct2_P2P3\Non-HCC\fbffdeab\CZ0TRFDL\TBH5UN1J/I8200000,112342,112457,112518.099426 ,112518.099426 
C:\ct2_P2P3\Non-HCC\fbffdeab\CZ0TRFDL\TBH5UN1J/I8200001,112342,112457,112518.099426 ,112518.099426 
C:\ct2_P2P3\Non-HCC\fbffdeab\CZ0TRFDL\TBH5UN1J/I8300000,112342,112457,112518.099426 ,112518.099426 
C:\ct2_P2P3\Non-HCC\fbffdeab\CZ0TRFDL\TBH5UN1J/I8300001,112342,112457,112518.099426 ,112518.099426 
C:\ct2_P2P3\Non-HCC\fbffdeab\CZ0TRFDL\TBH5UN1J/I8400000,112342,112457,112518.099426 ,112518.099426 
C:\ct2_P2P3\Non-HCC\fbffdeab\CZ0TRFDL\TBH5UN1J/I8400001,112342,112457,112518.099426 ,112518.099426 
C:\ct2_P2P3\Non-HCC\fbffdeab\CZ0TRFDL\TBH5UN1J/I8500000,112342,112457,112518.099426 ,112518.099426 
C:\ct2_P2P3\Non-HCC\fbffdeab\CZ0TRFDL\TBH5UN1J/I8500001,112342,112457,112518.099426 ,112518.099426 
C:\ct2_P2P3\Non-HCC\fbffdeab\CZ0TRFDL\TBH5UN1J/I8600000,112342,112457,112518.099426 ,112518.099426 
C:\ct2_P2P3\Non-HCC\fbffdeab\CZ0TRFDL\TBH5UN1J/I8600001,112342,112457,112518.099426 ,112518.099426 
C:\ct2_P2P3\Non-HCC\fbffdeab\CZ0TRFDL\TBH5UN1J/I8700000,112342,112457,112518.099426 ,112518.099426 
C:\ct2_P2P3\Non-HCC\fbffdeab\CZ0TRFDL\TBH5UN1J/I8700001,112342,112457,112518.099426 ,112518.099426 
C:\ct2_P2P3\Non-HCC\fbffdeab\CZ0TRFDL\TBH5UN1J/I8800000,112342,112457,112518.099426 ,112518.099426 
C:\ct2_P2P3\Non-HCC\fbffdeab\CZ0TRFDL\TBH5UN1J/I8800001,112342,112457,112518.099426 ,112518.099426 
C:\ct2_P2P3\Non-HCC\fbffdeab\CZ0TRFDL\TBH5UN1J/I8900000,112342,112457,112518.099426 ,112518.099426 
C:\ct2_P2P3\Non-HCC\fbffdeab\CZ0TRFDL\TBH5UN1J/I8900001,112342,112457,112518.099426 ,112518.099426 
C:\ct2_P2P3\Non-HCC\fbffdeab\CZ0TRFDL\TBH5UN1J/I9000000,112342,112457,112518.099426 ,112518.099426 
C:\ct2_P2P3\Non-HCC\fbffdeab\CZ0TRFDL\TBH5UN1J/I9000001,112342,112457,112518.099426 ,112518.099426 
C:\ct2_P2P3\Non-HCC\fbffdeab\CZ0TRFDL\TBH5UN1J/I9000002,112342,112457,112518.099426 ,112518.099426 
C:\ct2_P2P3\Non-HCC\fbffdeab\CZ0TRFDL\TBH5UN1J/I9000003,112342,112457,112518.099426 ,112518.099426 
C:\ct2_P2P3\Non-HCC\fbffdeab\CZ0TRFDL\TBH5UN1J/I9100000,112342,112457,112518.099426 ,112518.099426 
C:\ct2_P2P3\Non-HCC\fbffdeab\CZ0TRFDL\TBH5UN1J/I9100001,112342,112457,112518.099426 ,112518.099426 
C:\ct2_P2P3\Non-HCC\fbffdeab\CZ0TRFDL\TBH5UN1J/I9200000,112342,112457,112518.099426 ,112518.099426 
C:\ct2_P2P3\Non-HCC\fbffdeab\CZ0TRFDL\TBH5UN1J/I9200001,112342,112457,112518.099426 ,112518.099426 
C:\ct2_P2P3\Non-HCC\fbffdeab\CZ0TRFDL\TBH5UN1J/I9300000,112342,112457,112518.099426 ,112518.099426 
C:\ct2_P2P3\Non-HCC\fbffdeab\CZ0TRFDL\TBH5UN1J/I9300001,112342,112457,112518.099426 ,112518.099426 
C:\ct2_P2P3\Non-HCC\fbffdeab\CZ0TRFDL\TBH5UN1J/I9400000,112342,112457,112518.099426 ,112518.099426 
C:\ct2_P2P3\Non-HCC\fbffdeab\CZ0TRFDL\TBH5UN1J/I9400001,112342,112457,112518.099426 ,112518.099426 
C:\ct2_P2P3\Non-HCC\fbffdeab\CZ0TRFDL\TBH5UN1J/I9500000,112342,112457,112518.099426 ,112518.099426 
C:\ct2_P2P3\Non-HCC\fbffdeab\CZ0TRFDL\TBH5UN1J/I9500001,112342,112457,112518.099426 ,112518.099426 
C:\ct2_P2P3\Non-HCC\fbffdeab\CZ0TRFDL\TBH5UN1J/I9600000,112342,112457,112518.099426 ,112518.099426 
C:\ct2_P2P3\Non-HCC\fbffdeab\CZ0TRFDL\TBH5UN1J/I9600001,112342,112457,112518.099426 ,112518.099426 
C:\ct2_P2P3\Non-HCC\fbffdeab\CZ0TRFDL\TBH5UN1J/I9700000,112342,112457,112518.099426 ,112518.099426 
C:\ct2_P2P3\Non-HCC\fbffdeab\CZ0TRFDL\TBH5UN1J/I9700001,112342,112457,112518.099426 ,112518.099426 
C:\ct2_P2P3\Non-HCC\fbffdeab\CZ0TRFDL\TBH5UN1J/I9800000,112342,112457,112518.099426 ,112518.099426 
C:\ct2_P2P3\Non-HCC\fbffdeab\CZ0TRFDL\TBH5UN1J/I9800001,112342,112457,112518.099426 ,112518.099426 
C:\ct2_P2P3\Non-HCC\fbffdeab\CZ0TRFDL\TBH5UN1J/I9900000,112342,112457,112518.099426 ,112518.099426 
C:\ct2_P2P3\Non-HCC\fbffdeab\CZ0TRFDL\TBH5UN1J/I9900001,112342,112457,112518.099426 ,112518.099426 
