PatientID,ScanID,Imagecount,Path
00837a77, 17, 198,C:\\i2r-storage\\FullData\\HCC\\00837a77\\17
00837a77, 17_04_2015_4_46_46_PM, 198,C:\\i2r-storage\\FullData\\HCC\\00837a77\\17_04_2015_4_46_46_PM
01ae318e, 24_10_2014_3_38_00_PM, 176,C:\\i2r-storage\\FullData\\HCC\\01ae318e\\24_10_2014_3_38_00_PM
02829fd3, B2KLZOCA, 103, C:\\i2r-storage\\FullData\\HCC\\02829fd3\\FEDMRGDE\\B2KLZOCA
02829fd3, HKL1K5YU, 139, C:\\i2r-storage\\FullData\\HCC\\02829fd3\\FEDMRGDE\\HKL1K5YU
02829fd3, HLFXKPYU, 103, C:\\i2r-storage\\FullData\\HCC\\02829fd3\\FEDMRGDE\\HLFXKPYU
02829fd3, HVCXK5YU, 114, C:\\i2r-storage\\FullData\\HCC\\02829fd3\\FEDMRGDE\\HVCXK5YU
02829fd3, NZ4GESRV, 103, C:\\i2r-storage\\FullData\\HCC\\02829fd3\\FEDMRGDE\\NZ4GESRV
03bf580b, 5N3REF2I, 97, C:\\i2r-storage\\FullData\\HCC\\03bf580b\\NMPERFLM\\5N3REF2I
03bf580b, MH0PQRGE, 97, C:\\i2r-storage\\FullData\\HCC\\03bf580b\\NMPERFLM\\MH0PQRGE
03bf580b, YMFYZUPV, 117, C:\\i2r-storage\\FullData\\HCC\\03bf580b\\NMPERFLM\\YMFYZUPV
03bf580b, YSCYZEPV, 97, C:\\i2r-storage\\FullData\\HCC\\03bf580b\\NMPERFLM\\YSCYZEPV
03bf580b, YTMUZUPV, 137, C:\\i2r-storage\\FullData\\HCC\\03bf580b\\NMPERFLM\\YTMUZUPV
0a0fc5e9, 21_09_2015_3_36_10_PM, 273, C:\\i2r-storage\\FullData\\HCC\\0a0fc5e9\\21_09_2015_3_36_10_PM
0c0b29a8, 2ACKOXYZ, 89, C:\\i2r-storage\\FullData\\HCC\\0c0b29a8\\CAHMRGDH\\2ACKOXYZ
0c0b29a8, DBSMQAE2, 89, C:\\i2r-storage\\FullData\\HCC\\0c0b29a8\\CAHMRGDH\\DBSMQAE2
0c0b29a8, F1QAMUBN, 118, C:\\i2r-storage\\FullData\\HCC\\0c0b29a8\\CAHMRGDH\\F1QAMUBN
0c0b29a8, FEZMMUBN, 137, C:\\i2r-storage\\FullData\\HCC\\0c0b29a8\\CAHMRGDH\\FEZMMUBN
0c0b29a8, FFXAMEBN, 89, C:\\i2r-storage\\FullData\\HCC\\0c0b29a8\\CAHMRGDH\\FFXAMEBN
0dea16b1, DUSXNP4E, 281, C:\\i2r-storage\\FullData\\HCC\\0dea16b1\\KU1MRGTN\\DUSXNP4E
0dea16b1, DY21N54E, 101, C:\\i2r-storage\\FullData\\HCC\\0dea16b1\\KU1MRGTN\\DY21N54E
0dea16b1, HVXC5IPL, 101, C:\\i2r-storage\\FullData\\HCC\\0dea16b1\\KU1MRGTN\\HVXC5IPL
0dea16b1, J5EHENRG, 101, C:\\i2r-storage\\FullData\\HCC\\0dea16b1\\KU1MRGTN\\J5EHENRG
100945ce, 26_08_2016_12_22_42_PM, 238, C:\\i2r-storage\\FullData\\HCC\\100945ce\\26_08_2016_12_22_42_PM
1145dba1, 25_05_2015_1_34_28_PM, 269, C:\\i2r-storage\\FullData\\HCC\\1145dba1\\25_05_2015_1_34_28_PM
13f4df64, JJOB52RC, 89, C:\\i2r-storage\\FullData\\HCC\\13f4df64\\C3OSQKDG\\JJOB52RC
13f4df64, MILVAAST, 89, C:\\i2r-storage\\FullData\\HCC\\13f4df64\\C3OSQKDG\\MILVAAST
13f4df64, MJFZAQST, 157, C:\\i2r-storage\\FullData\\HCC\\13f4df64\\C3OSQKDG\\MJFZAQST
13f4df64, MWMVAQST, 132, C:\\i2r-storage\\FullData\\HCC\\13f4df64\\C3OSQKDG\\MWMVAQST
13f4df64, OJTRZSP3, 89, C:\\i2r-storage\\FullData\\HCC\\13f4df64\\C3OSQKDG\\OJTRZSP3
156fa790, 1505QMAZ, 207, C:\\i2r-storage\\FullData\\HCC\\156fa790\\CR4SQKDM\\1505QMAZ
156fa790, 1TUTQ2AZ, 97, C:\\i2r-storage\\FullData\\HCC\\156fa790\\CR4SQKDM\\1TUTQ2AZ
156fa790, EPO3243S, 97, C:\\i2r-storage\\FullData\\HCC\\156fa790\\CR4SQKDM\\EPO3243S
156fa790, IETRIN2J, 93, C:\\i2r-storage\\FullData\\HCC\\156fa790\\CR4SQKDM\\IETRIN2J
1a3e1768, 29_09_2014_5_31_11_PM, 199, C:\\i2r-storage\\FullData\\HCC\\1a3e1768\\29_09_2014_5_31_11_PM
1e34bbcd, 21_06_2016_3_06_09_PM, 358, C:\\i2r-storage\\FullData\\HCC\\1e34bbcd\\21_06_2016_3_06_09_PM
1ec41aa7, E3YCRGZL, 117, C:\\i2r-storage\\FullData\\HCC\\1ec41aa7\\AIKURGDH\\E3YCRGZL
1ec41aa7, ECRORGZL, 159, C:\\i2r-storage\\FullData\\HCC\\1ec41aa7\\AIKURGDH\\ECRORGZL
1ec41aa7, ED5CRWZL, 117, C:\\i2r-storage\\FullData\\HCC\\1ec41aa7\\AIKURGDH\\ED5CRWZL
1ec41aa7, NMFTCTBX, 117, C:\\i2r-storage\\FullData\\HCC\\1ec41aa7\\AIKURGDH\\NMFTCTBX
1ec41aa7, VBZNVIGK, 117, C:\\i2r-storage\\FullData\\HCC\\1ec41aa7\\AIKURGDH\\VBZNVIGK
1f64466e, 26_12_2013_12_43_52_PM, 252, C:\\i2r-storage\\FullData\\HCC\\1f64466e\\26_12_2013_12_43_52_PM
23858963, 20_01_2015_9_37_35_AM, 265, C:\\i2r-storage\\FullData\\HCC\\23858963\\20_01_2015_9_37_35_AM
275c3e3d, 25_05_2016_3_37_37_PM, 280, C:\\i2r-storage\\FullData\\HCC\\275c3e3d\\25_05_2016_3_37_37_PM
328fc1f3, 24LTUPAM, 153, C:\\i2r-storage\\FullData\\HCC\\328fc1f3\\W5ORQJ1N\\24LTUPAM
328fc1f3, 25F5U5AM, 95, C:\\i2r-storage\\FullData\\HCC\\328fc1f3\\W5ORQJ1N\\25F5U5AM
328fc1f3, 2BC5UPAM, 113, C:\\i2r-storage\\FullData\\HCC\\328fc1f3\\W5ORQJ1N\\2BC5UPAM
328fc1f3, GBGQJFUR, 90, C:\\i2r-storage\\FullData\\HCC\\328fc1f3\\W5ORQJ1N\\GBGQJFUR
328fc1f3, NICEBB0S, 95, C:\\i2r-storage\\FullData\\HCC\\328fc1f3\\W5ORQJ1N\\NICEBB0S
353bbc7e, 27_03_2015_9_54_24_AM, 191, C:\\i2r-storage\\FullData\\HCC\\353bbc7e\\27_03_2015_9_54_24_AM
37134cbd, 0YLNEKB3, 93, C:\\i2r-storage\\FullData\\HCC\\37134cbd\\UQOBZU3Z\\0YLNEKB3
37134cbd, OV342YOL, 44, C:\\i2r-storage\\FullData\\HCC\\37134cbd\\UQOBZU3Z\\OV342YOL
37134cbd, YNLNEKB3, 44, C:\\i2r-storage\\FullData\\HCC\\37134cbd\\UQOBZU3Z\\YNLNEKB3
37bea622, 54RY3AMR, 133, C:\\i2r-storage\\FullData\\HCC\\37bea622\\ELORQJTN\\54RY3AMR
37bea622, 555U3QMR, 113, C:\\i2r-storage\\FullData\\HCC\\37bea622\\ELORQJTN\\555U3QMR
37bea622, 5BYU3AMR, 113, C:\\i2r-storage\\FullData\\HCC\\37bea622\\ELORQJTN\\5BYU3AMR
37bea622, AMOKJYQ2, 113, C:\\i2r-storage\\FullData\\HCC\\37bea622\\ELORQJTN\\AMOKJYQ2
37bea622, WGQZ12RT, 105, C:\\i2r-storage\\FullData\\HCC\\37bea622\\ELORQJTN\\WGQZ12RT
38fded9b, P2BTNR5Z, 101, C:\\i2r-storage\\FullData\\HCC\\38fded9b\\ORW5QKTI\\P2BTNR5Z
38fded9b, PUSTTZMI, 85, C:\\i2r-storage\\FullData\\HCC\\38fded9b\\ORW5QKTI\\PUSTTZMI
38fded9b, PYP5NB5Z, 89, C:\\i2r-storage\\FullData\\HCC\\38fded9b\\ORW5QKTI\\PYP5NB5Z
38fded9b, W5K502PK, 89, C:\\i2r-storage\\FullData\\HCC\\38fded9b\\ORW5QKTI\\W5K502PK
38fded9b, YM2SEHVD, 89, C:\\i2r-storage\\FullData\\HCC\\38fded9b\\ORW5QKTI\\YM2SEHVD
3d5a8bde, N4IUYPTJ, 98, C:\\i2r-storage\\FullData\\HCC\\3d5a8bde\\KJ45QI1K\\N4IUYPTJ
3d5a8bde, NAPUY5TJ, 79, C:\\i2r-storage\\FullData\\HCC\\3d5a8bde\\KJ45QI1K\\NAPUY5TJ
3d5a8bde, NBBYYPTJ, 153, C:\\i2r-storage\\FullData\\HCC\\3d5a8bde\\KJ45QI1K\\NBBYYPTJ
3d5a8bde, QN1HRUEX, 79, C:\\i2r-storage\\FullData\\HCC\\3d5a8bde\\KJ45QI1K\\QN1HRUEX
3d5a8bde, W2KHNLWH, 79, C:\\i2r-storage\\FullData\\HCC\\3d5a8bde\\KJ45QI1K\\W2KHNLWH
3f5455a9, BY4ID2QU, 109, C:\\i2r-storage\\FullData\\HCC\\3f5455a9\\TEHBRG1J\\BY4ID2QU
3f5455a9, YG34B3SJ, 109, C:\\i2r-storage\\FullData\\HCC\\3f5455a9\\TEHBRG1J\\YG34B3SJ
3f5455a9, YHTSBNSJ, 133, C:\\i2r-storage\\FullData\\HCC\\3f5455a9\\TEHBRG1J\\YHTSBNSJ
3f5455a9, YY04BNSJ, 125, C:\\i2r-storage\\FullData\\HCC\\3f5455a9\\TEHBRG1J\\YY04BNSJ
3f5455a9, YZGGPDVU, 109, C:\\i2r-storage\\FullData\\HCC\\3f5455a9\\TEHBRG1J\\YZGGPDVU
3fe0573a, DCNMEWDI, 105, C:\\i2r-storage\\FullData\\HCC\\3fe0573a\\JIOTQILN\\DCNMEWDI
3fe0573a, RMGHJQJR, 121, C:\\i2r-storage\\FullData\\HCC\\3fe0573a\\JIOTQILN\\RMGHJQJR
3fe0573a, RSBHJAJR, 105, C:\\i2r-storage\\FullData\\HCC\\3fe0573a\\JIOTQILN\\RSBHJAJR
3fe0573a, RTPLJQJR, 149, C:\\i2r-storage\\FullData\\HCC\\3fe0573a\\JIOTQILN\\RTPLJQJR
3fe0573a, WEX3QFGT, 105, C:\\i2r-storage\\FullData\\HCC\\3fe0573a\\JIOTQILN\\WEX3QFGT
406b676f, 28_05_2014_4_45_00_PM, 183, C:\\i2r-storage\\FullData\\HCC\\406b676f\\28_05_2014_4_45_00_PM
422a8c3e, 30_06_2014_12_04_35_PM, 179, C:\\i2r-storage\\FullData\\HCC\\422a8c3e\\30_06_2014_12_04_35_PM
44ad98bc, BNSVJ2K0, 41, C:\\i2r-storage\\FullData\\HCC\\44ad98bc\\KVQHA5UR\\BNSVJ2K0
44ad98bc, HBSRJ2K0, 94, C:\\i2r-storage\\FullData\\HCC\\44ad98bc\\KVQHA5UR\\HBSRJ2K0
44ad98bc, YH1GK4CJ, 41, C:\\i2r-storage\\FullData\\HCC\\44ad98bc\\KVQHA5UR\\YH1GK4CJ
457a0d57, 2K5RK3YT, 157, C:\\i2r-storage\\FullData\\HCC\\457a0d57\\CAHDRE1N\\2K5RK3YT
457a0d57, 2LR3KNYT, 101, C:\\i2r-storage\\FullData\\HCC\\457a0d57\\CAHDRE1N\\2LR3KNYT
457a0d57, 2VW3K3YT, 101, C:\\i2r-storage\\FullData\\HCC\\457a0d57\\CAHDRE1N\\2VW3K3YT
457a0d57, I20KBSAR, 101, C:\\i2r-storage\\FullData\\HCC\\457a0d57\\CAHDRE1N\\I20KBSAR
457a0d57, KMQBYGZ3, 101, C:\\i2r-storage\\FullData\\HCC\\457a0d57\\CAHDRE1N\\KMQBYGZ3
4855bac4, 11_01_2016_11_57_25_AM, 208, C:\\i2r-storage\\FullData\\HCC\\4855bac4\\11_01_2016_11_57_25_AM
49ab226e, G3U1A2WT, 109, C:\\i2r-storage\\FullData\\HCC\\49ab226e\\CAG4QI1H\\G3U1A2WT
49ab226e, JCZSIC0J, 109, C:\\i2r-storage\\FullData\\HCC\\49ab226e\\CAG4QI1H\\JCZSIC0J
49ab226e, X4F4OB1H, 109, C:\\i2r-storage\\FullData\\HCC\\49ab226e\\CAG4QI1H\\X4F4OB1H
49ab226e, X5LSOR1H, 129, C:\\i2r-storage\\FullData\\HCC\\49ab226e\\CAG4QI1H\\X5LSOR1H
49ab226e, XAC4OR1H, 119, C:\\i2r-storage\\FullData\\HCC\\49ab226e\\CAG4QI1H\\XAC4OR1H
4bac9f39, 18_11_2015_6_22_07_PM, 339, C:\\i2r-storage\\FullData\\HCC\\4bac9f39\\18_11_2015_6_22_07_PM
4e5e016a, 18_08_2016_3_31_13_PM, 373, C:\\i2r-storage\\FullData\\HCC\\4e5e016a\\18_08_2016_3_31_13_PM
4f045486, 3PB4SQCO, 113, C:\\i2r-storage\\FullData\\HCC\\4f045486\\O5ORQJDN\\3PB4SQCO
4f045486, 3QISSQCO, 169, C:\\i2r-storage\\FullData\\HCC\\4f045486\\O5ORQJDN\\3QISSQCO
4f045486, 3RG4SACO, 107, C:\\i2r-storage\\FullData\\HCC\\4f045486\\O5ORQJDN\\3RG4SACO
4f045486, GB3QOFKR, 107, C:\\i2r-storage\\FullData\\HCC\\4f045486\\O5ORQJDN\\GB3QOFKR
4f045486, PNCMCR0S, 107, C:\\i2r-storage\\FullData\\HCC\\4f045486\\O5ORQJDN\\PNCMCR0S
51d6aec4, 3PBXYPO3, 87, C:\\i2r-storage\\FullData\\HCC\\51d6aec4\\TJKURF1I\\3PBXYPO3
51d6aec4, 5K5WWCQK, 87, C:\\i2r-storage\\FullData\\HCC\\51d6aec4\\TJKURF1I\\5K5WWCQK
51d6aec4, X4CURW5M, 105, C:\\i2r-storage\\FullData\\HCC\\51d6aec4\\TJKURF1I\\X4CURW5M
51d6aec4, XAFURG5M, 87, C:\\i2r-storage\\FullData\\HCC\\51d6aec4\\TJKURF1I\\XAFURG5M
540dfb93, 21_07_2016_9_53_47_AM, 377, C:\\i2r-storage\\FullData\\HCC\\540dfb93\\21_07_2016_9_53_47_AM
573dd0d0, 10_12_2015_10_36_53_AM, 346, C:\\i2r-storage\\FullData\\HCC\\573dd0d0\\10_12_2015_10_36_53_AM
5990ebf2, 2AZY4BQ4, 89, C:\\i2r-storage\\FullData\\HCC\\5990ebf2\\DE44QIDH\\2AZY4BQ4
5990ebf2, 2EXU4RQ4, 101, C:\\i2r-storage\\FullData\\HCC\\5990ebf2\\DE44QIDH\\2EXU4RQ4
5990ebf2, 3XMNNMBV, 89, C:\\i2r-storage\\FullData\\HCC\\5990ebf2\\DE44QIDH\\3XMNNMBV
5990ebf2, CNZFW42Y, 89, C:\\i2r-storage\\FullData\\HCC\\5990ebf2\\DE44QIDH\\CNZFW42Y
5af20747, 2PV1MQAK, 113, C:\\i2r-storage\\FullData\\HCC\\5af20747\\BEWTQI1G\\2PV1MQAK
5af20747, 2Q2XMQAK, 133, C:\\i2r-storage\\FullData\\HCC\\5af20747\\BEWTQI1G\\2Q2XMQAK
5af20747, 2RS1MAAK, 89, C:\\i2r-storage\\FullData\\HCC\\5af20747\\BEWTQI1G\\2RS1MAAK
5af20747, FSIBHF5M, 89, C:\\i2r-storage\\FullData\\HCC\\5af20747\\BEWTQI1G\\FSIBHF5M
5af20747, WA2JBBI4, 89, C:\\i2r-storage\\FullData\\HCC\\5af20747\\BEWTQI1G\\WA2JBBI4
5db74461, 23_09_2015_2_09_18_PM, 317, C:\\i2r-storage\\FullData\\HCC\\5db74461\\23_09_2015_2_09_18_PM
5e7c0981, 22_01_2016_2_56_39_PM, 295, C:\\i2r-storage\\FullData\\HCC\\5e7c0981\\22_01_2016_2_56_39_PM
5f1c1925, 02_11_2015_10_58_55_AM, 264, C:\\i2r-storage\\FullData\\HCC\\5f1c1925\\02_11_2015_10_58_55_AM
5f9c5675, 0ZMDZD5H, 93, C:\\i2r-storage\\FullData\\HCC\\5f9c5675\\FEHHRE1E\\0ZMDZD5H
5f9c5675, 20MGRJT2, 113, C:\\i2r-storage\\FullData\\HCC\\5f9c5675\\FEHHRE1E\\20MGRJT2
5f9c5675, 2ELGRZT2, 93, C:\\i2r-storage\\FullData\\HCC\\5f9c5675\\FEHHRE1E\\2ELGRZT2
5f9c5675, 2FFKRJT2, 149, C:\\i2r-storage\\FullData\\HCC\\5f9c5675\\FEHHRE1E\\2FFKRJT2
5f9c5675, W04BT2CX, 93, C:\\i2r-storage\\FullData\\HCC\\5f9c5675\\FEHHRE1E\\W04BT2CX
61e377ca, 44ZJ25BH, 121, C:\\i2r-storage\\FullData\\HCC\\61e377ca\\TJWSQJDM\\44ZJ25BH
61e377ca, 45XF2PBH, 151, C:\\i2r-storage\\FullData\\HCC\\61e377ca\\TJWSQJDM\\45XF2PBH
61e377ca, 4A4J2PBH, 135, C:\\i2r-storage\\FullData\\HCC\\61e377ca\\TJWSQJDM\\4A4J2PBH
61e377ca, EOP2YS0R, 121, C:\\i2r-storage\\FullData\\HCC\\61e377ca\\TJWSQJDM\\EOP2YS0R
61e377ca, R4JYM5LG, 121, C:\\i2r-storage\\FullData\\HCC\\61e377ca\\TJWSQJDM\\R4JYM5LG
6683af22, GLHG5GZI, 117, C:\\i2r-storage\\FullData\\HCC\\6683af22\\DHCURGDK\\GLHG5GZI
6683af22, O12OPCZH, 117, C:\\i2r-storage\\FullData\\HCC\\6683af22\\DHCURGDK\\O12OPCZH
6683af22, OXSCPSZH, 117, C:\\i2r-storage\\FullData\\HCC\\6683af22\\DHCURGDK\\OXSCPSZH
6683af22, UQ45JCMD, 105, C:\\i2r-storage\\FullData\\HCC\\6683af22\\DHCURGDK\\UQ45JCMD
6873ba51, 15_08_2014_5_31_26_PM, 221, C:\\i2r-storage\\FullData\\HCC\\6873ba51\\15_08_2014_5_31_26_PM
68fd75b0, 3M04RLVF, 99, C:\\i2r-storage\\FullData\\HCC\\68fd75b0\\IEWQQKTJ\\3M04RLVF
68fd75b0, BMRXKQOK, 161, C:\\i2r-storage\\FullData\\HCC\\68fd75b0\\IEWQQKTJ\\BMRXKQOK
68fd75b0, BN51KAOK, 99, C:\\i2r-storage\\FullData\\HCC\\68fd75b0\\IEWQQKTJ\\BN51KAOK
68fd75b0, BTY1KQOK, 103, C:\\i2r-storage\\FullData\\HCC\\68fd75b0\\IEWQQKTJ\\BTY1KQOK
68fd75b0, WH23CWZJ, 99, C:\\i2r-storage\\FullData\\HCC\\68fd75b0\\IEWQQKTJ\\WH23CWZJ
6e41e8f6, 1NTV21SL, 46, C:\\i2r-storage\\FullData\\HCC\\6e41e8f6\\AHPBRELL\\1NTV21SL
6e41e8f6, EF2V3JTN, 91, C:\\i2r-storage\\FullData\\HCC\\6e41e8f6\\AHPBRELL\\EF2V3JTN
6e41e8f6, EJSZ3ZTN, 253, C:\\i2r-storage\\FullData\\HCC\\6e41e8f6\\AHPBRELL\\EJSZ3ZTN
6e41e8f6, EK2V3JTN, 46, C:\\i2r-storage\\FullData\\HCC\\6e41e8f6\\AHPBRELL\\EK2V3JTN
6e41e8f6, EOSZ3ZTN, 127, C:\\i2r-storage\\FullData\\HCC\\6e41e8f6\\AHPBRELL\\EOSZ3ZTN
6e41e8f6, K3SSLTFP, 91, C:\\i2r-storage\\FullData\\HCC\\6e41e8f6\\AHPBRELL\\K3SSLTFP
6e41e8f6, U4ZLVCFR, 91, C:\\i2r-storage\\FullData\\HCC\\6e41e8f6\\AHPBRELL\\U4ZLVCFR
6e41e8f6, Y0TZ21SL, 46, C:\\i2r-storage\\FullData\\HCC\\6e41e8f6\\AHPBRELL\\Y0TZ21SL
6f013717, I5SMUAIL, 301, C:\\i2r-storage\\FullData\\HCC\\6f013717\\OYGTQJDL\\I5SMUAIL
6f013717, IT2AUQIL, 109, C:\\i2r-storage\\FullData\\HCC\\6f013717\\OYGTQJDL\\IT2AUQIL
6f013717, WCY2ROJW, 109, C:\\i2r-storage\\FullData\\HCC\\6f013717\\OYGTQJDL\\WCY2ROJW
6f013717, WEYJUA3Z, 109, C:\\i2r-storage\\FullData\\HCC\\6f013717\\OYGTQJDL\\WEYJUA3Z
72693343, R43RCMOL, 74, C:\\i2r-storage\\FullData\\HCC\\72693343\\OZOHQIDE\\R43RCMOL
7aae4346, 3CJ2EI5L, 109, C:\\i2r-storage\\FullData\\HCC\\7aae4346\\SEOQQJDH\\3CJ2EI5L
7aae4346, NMI1KQOC, 109, C:\\i2r-storage\\FullData\\HCC\\7aae4346\\SEOQQJDH\\NMI1KQOC
7aae4346, NSP1KAOC, 109, C:\\i2r-storage\\FullData\\HCC\\7aae4346\\SEOQQJDH\\NSP1KAOC
7aae4346, NTBXKQOC, 153, C:\\i2r-storage\\FullData\\HCC\\7aae4346\\SEOQQJDH\\NTBXKQOC
7aae4346, WHKBBFHJ, 109, C:\\i2r-storage\\FullData\\HCC\\7aae4346\\SEOQQJDH\\WHKBBFHJ
7f855dbe, JJSKDZCO, 54, C:\\i2r-storage\\FullData\\HCC\\7f855dbe\\VPRXQKDP\\JJSKDZCO
7f855dbe, PISGDZCO, 68, C:\\i2r-storage\\FullData\\HCC\\7f855dbe\\VPRXQKDP\\PISGDZCO
7f855dbe, PLSCDZCO, 100, C:\\i2r-storage\\FullData\\HCC\\7f855dbe\\VPRXQKDP\\PLSCDZCO
7f855dbe, PLSODZCO, 54, C:\\i2r-storage\\FullData\\HCC\\7f855dbe\\VPRXQKDP\\PLSODZCO
844e0204, 28_07_2016_2_00_07_PM, 260, C:\\i2r-storage\\FullData\\HCC\\844e0204\\28_07_2016_2_00_07_PM
84f43787, 20_10_2016_3_20_19_PM, 399, C:\\i2r-storage\\FullData\\HCC\\84f43787\\20_10_2016_3_20_19_PM
857c9917, FI1QAGYX, 133, C:\\i2r-storage\\FullData\\HCC\\857c9917\\LN0XRFDL\\FI1QAGYX
857c9917, FJV2AWYX, 93, C:\\i2r-storage\\FullData\\HCC\\857c9917\\LN0XRFDL\\FJV2AWYX
857c9917, FMKLIGIU, 93, C:\\i2r-storage\\FullData\\HCC\\857c9917\\LN0XRFDL\\FMKLIGIU
857c9917, FXS2AGYX, 93, C:\\i2r-storage\\FullData\\HCC\\857c9917\\LN0XRFDL\\FXS2AGYX
857c9917, XC1U5SY1, 93, C:\\i2r-storage\\FullData\\HCC\\857c9917\\LN0XRFDL\\XC1U5SY1
85a7fc12, R4ZKBQ2P, 113, C:\\i2r-storage\\FullData\\HCC\\85a7fc12\\ATSXRFLI\\R4ZKBQ2P
85a7fc12, RNWPH3QW, 113, C:\\i2r-storage\\FullData\\HCC\\85a7fc12\\ATSXRFLI\\RNWPH3QW
85a7fc12, XTZUUO1A, 226, C:\\i2r-storage\\FullData\\HCC\\85a7fc12\\ATSXRFLI\\XTZUUO1A
85a7fc12, XXXYU41A, 113, C:\\i2r-storage\\FullData\\HCC\\85a7fc12\\ATSXRFLI\\XXXYU41A
88d698fd, 07_09_2016_2_56_12_PM, 341, C:\\i2r-storage\\FullData\\HCC\\88d698fd\\07_09_2016_2_56_12_PM
8cb344e2, JBKTRDBO, 277, C:\\i2r-storage\\FullData\\HCC\\8cb344e2\\BMCVRGDJ\\JBKTRDBO
8db0586b, 13_04_2015_4_56_27_PM, 226, C:\\i2r-storage\\FullData\\HCC\\8db0586b\\13_04_2015_4_56_27_PM
8dba5b9d, 01_03_2014_9_51_06_AM, 227, C:\\i2r-storage\\FullData\\HCC\\8dba5b9d\\01_03_2014_9_51_06_AM
91d50bb2, 24_03_2016_9_37_13_AM, 300, C:\\i2r-storage\\FullData\\HCC\\91d50bb2\\24_03_2016_9_37_13_AM
921ee97d, 3MWHJQJ3, 132, C:\\i2r-storage\\FullData\\HCC\\921ee97d\\TIOTQILE\\3MWHJQJ3
921ee97d, 3SRHJAJ3, 119, C:\\i2r-storage\\FullData\\HCC\\921ee97d\\TIOTQILE\\3SRHJAJ3
921ee97d, 3T5LJQJ3, 155, C:\\i2r-storage\\FullData\\HCC\\921ee97d\\TIOTQILE\\3T5LJQJ3
921ee97d, WEQBQVET, 119, C:\\i2r-storage\\FullData\\HCC\\921ee97d\\TIOTQILE\\WEQBQVET
999f409d, 20_07_2015_9_01_07_AM, 263, C:\\i2r-storage\\FullData\\HCC\\999f409d\\20_07_2015_9_01_07_AM
99cabffd, 4NNDK1GP, 111, C:\\i2r-storage\\FullData\\HCC\\99cabffd\\XSS3JDB5\\4NNDK1GP
99cabffd, IAMGQUUU, 73, C:\\i2r-storage\\FullData\\HCC\\99cabffd\\XSS3JDB5\\IAMGQUUU
99cabffd, IOF0QUUU, 111, C:\\i2r-storage\\FullData\\HCC\\99cabffd\\XSS3JDB5\\IOF0QUUU
99cabffd, IPMGQUUU, 145, C:\\i2r-storage\\FullData\\HCC\\99cabffd\\XSS3JDB5\\IPMGQUUU
99cabffd, J2UHJEUU, 111, C:\\i2r-storage\\FullData\\HCC\\99cabffd\\XSS3JDB5\\J2UHJEUU
99cabffd, UE0ZVI52, 43, C:\\i2r-storage\\FullData\\HCC\\99cabffd\\XSS3JDB5\\UE0ZVI52
99cabffd, UHTRVY52, 97, C:\\i2r-storage\\FullData\\HCC\\99cabffd\\XSS3JDB5\\UHTRVY52
9b4693e5, 27_08_2014_5_18_55_PM, 227, C:\\i2r-storage\\FullData\\HCC\\9b4693e5\\27_08_2014_5_18_55_PM
9e02bdee, GKQWPQ1K, 43, C:\\i2r-storage\\FullData\\HCC\\9e02bdee\\JHWUQJDM\\GKQWPQ1K
9e02bdee, GNJZAKGS, 43, C:\\i2r-storage\\FullData\\HCC\\9e02bdee\\JHWUQJDM\\GNJZAKGS
9e02bdee, HDJBAKGS, 43, C:\\i2r-storage\\FullData\\HCC\\9e02bdee\\JHWUQJDM\\HDJBAKGS
9e02bdee, HSMSWA1K, 55, C:\\i2r-storage\\FullData\\HCC\\9e02bdee\\JHWUQJDM\\HSMSWA1K
9e02bdee, HWEWWA1K, 79, C:\\i2r-storage\\FullData\\HCC\\9e02bdee\\JHWUQJDM\\HWEWWA1K
a052a5a1, 14_04_2015_9_05_20_AM, 390, C:\\i2r-storage\\FullData\\HCC\\a052a5a1\\14_04_2015_9_05_20_AM
a3e94761, 24_03_2015_2_24_47_PM, 254, C:\\i2r-storage\\FullData\\HCC\\a3e94761\\24_03_2015_2_24_47_PM
a90934c9, 08_06_2015_5_14_47_PM, 224, C:\\i2r-storage\\FullData\\HCC\\a90934c9\\08_06_2015_5_14_47_PM
b273f3fc, 01_09_2016_10_58_43_AM, 250, C:\\i2r-storage\\FullData\\HCC\\b273f3fc\\01_09_2016_10_58_43_AM
b79f9094, 14_01_2016_2_42_01_PM, 311, C:\\i2r-storage\\FullData\\HCC\\b79f9094\\14_01_2016_2_42_01_PM
c1047b3d, 01_12_2015_10_12_26_AM, 342, C:\\i2r-storage\\FullData\\HCC\\c1047b3d\\01_12_2015_10_12_26_AM
ccff1efe, 20_09_2016_1_24_39_PM, 237, C:\\i2r-storage\\FullData\\HCC\\ccff1efe\\20_09_2016_1_24_39_PM
cd1ad4f6, IRKOYNIS, 45, C:\\i2r-storage\\FullData\\HCC\\cd1ad4f6\\DJWEQK1G\\IRKOYNIS
cd1ad4f6, YGZVZFNC, 46, C:\\i2r-storage\\FullData\\HCC\\cd1ad4f6\\DJWEQK1G\\YGZVZFNC
cd1ad4f6, YYQXMCVS, 46, C:\\i2r-storage\\FullData\\HCC\\cd1ad4f6\\DJWEQK1G\\YYQXMCVS
cd1ad4f6, Z4FRAVNC, 55, C:\\i2r-storage\\FullData\\HCC\\cd1ad4f6\\DJWEQK1G\\Z4FRAVNC
cf4aa825, J0IG2G32, 95, C:\\i2r-storage\\FullData\\HCC\\cf4aa825\\KTPHZ2DY\\J0IG2G32
cf4aa825, KYIK2G32, 39, C:\\i2r-storage\\FullData\\HCC\\cf4aa825\\KTPHZ2DY\\KYIK2G32
cf4aa825, L1IC2G32, 39, C:\\i2r-storage\\FullData\\HCC\\cf4aa825\\KTPHZ2DY\\L1IC2G32
d9c40886, 07_01_2015_4_44_38_PM, 264, C:\\i2r-storage\\FullData\\HCC\\d9c40886\\07_01_2015_4_44_38_PM
dcf0f543, 18_08_2015_9_46_13_AM, 335, C:\\i2r-storage\\FullData\\HCC\\dcf0f543\\18_08_2015_9_46_13_AM
e5c09d8b, 25_08_2016_4_30_56_PM, 260, C:\\i2r-storage\\FullData\\HCC\\e5c09d8b\\25_08_2016_4_30_56_PM
fa051ab5, 17_04_2015_3_04_09_PM, 309, C:\\i2r-storage\\FullData\\HCC\\fa051ab5\\17_04_2015_3_04_09_PM
fd023f8b, 30_08_2014_9_20_23_AM, 279, C:\\i2r-storage\\FullData\\HCC\\fd023f8b\\30_08_2014_9_20_23_AM
