PatientID,ScanID,Imagecount,Path
02125669, P2YKNFHJ, 257, C:\\i2r-storage\\FullData\\Non-HCC\\02125669\\SRTHRFDK\\P2YKNFHJ
023d17d3, 3C4F1NC0, 101, C:\\i2r-storage\\FullData\\Non-HCC\\023d17d3\\WY1ARGDP\\3C4F1NC0
023d17d3, KIMTZC3H, 105, C:\\i2r-storage\\FullData\\Non-HCC\\023d17d3\\WY1ARGDP\\KIMTZC3H
023d17d3, MM0GYYQX, 93, C:\\i2r-storage\\FullData\\Non-HCC\\023d17d3\\WY1ARGDP\\MM0GYYQX
023d17d3, MNUKYIQX, 137, C:\\i2r-storage\\FullData\\Non-HCC\\023d17d3\\WY1ARGDP\\MNUKYIQX
023d17d3, MS3GYIQX, 121, C:\\i2r-storage\\FullData\\Non-HCC\\023d17d3\\WY1ARGDP\\MS3GYIQX
0285d0d3, NSPC2LY5, 50, C:\\i2r-storage\\FullData\\Non-HCC\\0285d0d3\\MXOXQILH\\NSPC2LY5
0285d0d3, QUSSNGS4, 50, C:\\i2r-storage\\FullData\\Non-HCC\\0285d0d3\\MXOXQILH\\QUSSNGS4
0285d0d3, YKFI0ISR, 55, C:\\i2r-storage\\FullData\\Non-HCC\\0285d0d3\\MXOXQILH\\YKFI0ISR
0285d0d3, ZWRIDYSR, 50, C:\\i2r-storage\\FullData\\Non-HCC\\0285d0d3\\MXOXQILH\\ZWRIDYSR
0460dc48, BP3R5QO1, 218, C:\\i2r-storage\\FullData\\Non-HCC\\0460dc48\\W5TQRF1G\\BP3R5QO1
060604e8, N2KNAJQG, 291, C:\\i2r-storage\\FullData\\Non-HCC\\060604e8\\NIDTRGDG\\N2KNAJQG
0b044c5a, STCLKSRG, 271, C:\\i2r-storage\\FullData\\Non-HCC\\0b044c5a\\JES2RG1M\\STCLKSRG
0b86fdd2, EY2B25GQ, 203, C:\\i2r-storage\\FullData\\Non-HCC\\0b86fdd2\\UQLSRELP\\EY2B25GQ
0eb9ba8a, JKIWYG1R, 36, C:\\i2r-storage\\FullData\\Non-HCC\\0eb9ba8a\\MNPIDQ5I\\JKIWYG1R
0eb9ba8a, N5I0YG1R, 36, C:\\i2r-storage\\FullData\\Non-HCC\\0eb9ba8a\\MNPIDQ5I\\N5I0YG1R
0eb9ba8a, P2I0YG1R, 84, C:\\i2r-storage\\FullData\\Non-HCC\\0eb9ba8a\\MNPIDQ5I\\P2I0YG1R
11916042, CPRISJJM, 108, C:\\i2r-storage\\FullData\\Non-HCC\\11916042\\AJLPRFLJ\\CPRISJJM
11916042, ENS3I44X, 108, C:\\i2r-storage\\FullData\\Non-HCC\\11916042\\AJLPRFLJ\\ENS3I44X
11916042, KMQC0AGV, 108, C:\\i2r-storage\\FullData\\Non-HCC\\11916042\\AJLPRFLJ\\KMQC0AGV
11916042, KNZ40AGV, 135, C:\\i2r-storage\\FullData\\Non-HCC\\11916042\\AJLPRFLJ\\KNZ40AGV
11916042, L4B5DQGV, 118, C:\\i2r-storage\\FullData\\Non-HCC\\11916042\\AJLPRFLJ\\L4B5DQGV
128eb24b, GZ44WQYR, 262, C:\\i2r-storage\\FullData\\Non-HCC\\128eb24b\\KYDURG1N\\GZ44WQYR
13cc9ead, 00KJSAST, 101, C:\\i2r-storage\\FullData\\Non-HCC\\13cc9ead\\EQWUQK1P\\00KJSAST
13cc9ead, 0NL3SAST, 87, C:\\i2r-storage\\FullData\\Non-HCC\\13cc9ead\\EQWUQK1P\\0NL3SAST
13cc9ead, 45LFSAST, 51, C:\\i2r-storage\\FullData\\Non-HCC\\13cc9ead\\EQWUQK1P\\45LFSAST
13cc9ead, CY0COQ2H, 51, C:\\i2r-storage\\FullData\\Non-HCC\\13cc9ead\\EQWUQK1P\\CY0COQ2H
13cc9ead, DAGGXA2H, 49, C:\\i2r-storage\\FullData\\Non-HCC\\13cc9ead\\EQWUQK1P\\DAGGXA2H
13cc9ead, DEOCXA2H, 64, C:\\i2r-storage\\FullData\\Non-HCC\\13cc9ead\\EQWUQK1P\\DEOCXA2H
14e5aed0, 32O0DT0G, 48, C:\\i2r-storage\\FullData\\Non-HCC\\14e5aed0\\OBWUQKDP\\32O0DT0G
14e5aed0, 3SOODT0G, 48, C:\\i2r-storage\\FullData\\Non-HCC\\14e5aed0\\OBWUQKDP\\3SOODT0G
14e5aed0, EV3KCA2U, 149, C:\\i2r-storage\\FullData\\Non-HCC\\14e5aed0\\OBWUQKDP\\EV3KCA2U
14e5aed0, FJJK1Q2U, 48, C:\\i2r-storage\\FullData\\Non-HCC\\14e5aed0\\OBWUQKDP\\FJJK1Q2U
16455383, D02LUOYC, 259, C:\\i2r-storage\\FullData\\Non-HCC\\16455383\\ILS5REDN\\D02LUOYC
19058941, SCMDVVLI, 283, C:\\i2r-storage\\FullData\\Non-HCC\\19058941\\OBPERFLE\\SCMDVVLI
1d765097, M0KEJTYR, 189, C:\\i2r-storage\\FullData\\Non-HCC\\1d765097\\LILQRF1L\\M0KEJTYR
1d765097, MZKAJDYR, 91, C:\\i2r-storage\\FullData\\Non-HCC\\1d765097\\LILQRF1L\\MZKAJDYR
1fe06e4e, O2ETUGDA, 117, C:\\i2r-storage\\FullData\\Non-HCC\\1fe06e4e\\AHO4QILN\\O2ETUGDA
1fe06e4e, U23I3N4W, 117, C:\\i2r-storage\\FullData\\Non-HCC\\1fe06e4e\\AHO4QILN\\U23I3N4W
1fe06e4e, ZKEWRBYD, 143, C:\\i2r-storage\\FullData\\Non-HCC\\1fe06e4e\\AHO4QILN\\ZKEWRBYD
1fe06e4e, ZLK0RRYD, 117, C:\\i2r-storage\\FullData\\Non-HCC\\1fe06e4e\\AHO4QILN\\ZLK0RRYD
1fe06e4e, ZVN0RBYD, 132, C:\\i2r-storage\\FullData\\Non-HCC\\1fe06e4e\\AHO4QILN\\ZVN0RBYD
208f6a62, KFWCIP2J, 87, C:\\i2r-storage\\FullData\\Non-HCC\\208f6a62\\MA12RFTJ\\KFWCIP2J
208f6a62, PMGLFYPR, 87, C:\\i2r-storage\\FullData\\Non-HCC\\208f6a62\\MA12RFTJ\\PMGLFYPR
208f6a62, T0VWAILM, 87, C:\\i2r-storage\\FullData\\Non-HCC\\208f6a62\\MA12RFTJ\\T0VWAILM
208f6a62, TESWAYLM, 87, C:\\i2r-storage\\FullData\\Non-HCC\\208f6a62\\MA12RFTJ\\TESWAYLM
208f6a62, TF20AILM, 139, C:\\i2r-storage\\FullData\\Non-HCC\\208f6a62\\MA12RFTJ\\TF20AILM
28a45109, 2DVZAQTQ, 141, C:\\i2r-storage\\FullData\\Non-HCC\\28a45109\\CAGSQKDH\\2DVZAQTQ
28a45109, 2H1VAATQ, 141, C:\\i2r-storage\\FullData\\Non-HCC\\28a45109\\CAGSQKDH\\2H1VAATQ
28a45109, IZPJR2RC, 141, C:\\i2r-storage\\FullData\\Non-HCC\\28a45109\\CAGSQKDH\\IZPJR2RC
28a45109, OJQB5TR3, 141, C:\\i2r-storage\\FullData\\Non-HCC\\28a45109\\CAGSQKDH\\OJQB5TR3
30e09272, NCMOQPON, 101, C:\\i2r-storage\\FullData\\Non-HCC\\30e09272\\C1XORGTJ\\NCMOQPON
30e09272, NGCCQ5ON, 101, C:\\i2r-storage\\FullData\\Non-HCC\\30e09272\\C1XORGTJ\\NGCCQ5ON
30e09272, QUAGBG21, 101, C:\\i2r-storage\\FullData\\Non-HCC\\30e09272\\C1XORGTJ\\QUAGBG21
3579e196, C05ZX1EY, 89, C:\\i2r-storage\\FullData\\Non-HCC\\3579e196\\WASTRGTL\\C05ZX1EY
3579e196, FG2DZDJT, 89, C:\\i2r-storage\\FullData\\Non-HCC\\3579e196\\WASTRGTL\\FG2DZDJT
3579e196, MB2ABWNU, 89, C:\\i2r-storage\\FullData\\Non-HCC\\3579e196\\WASTRGTL\\MB2ABWNU
3579e196, MFSMBGNU, 98, C:\\i2r-storage\\FullData\\Non-HCC\\3579e196\\WASTRGTL\\MFSMBGNU
415a7359, 4E433DEN, 207, C:\\i2r-storage\\FullData\\Non-HCC\\415a7359\\NNWTQIDM\\4E433DEN
41abc3c3, 0CZTGEYK, 275, C:\\i2r-storage\\FullData\\Non-HCC\\41abc3c3\\CF44QJLG\\0CZTGEYK
44083adc, 2YKLRRIW, 89, C:\\i2r-storage\\FullData\\Non-HCC\\44083adc\\KZ5CREDL\\2YKLRRIW
44083adc, PJTUCVQ2, 89, C:\\i2r-storage\\FullData\\Non-HCC\\44083adc\\KZ5CREDL\\PJTUCVQ2
44083adc, YRV4FVQS, 89, C:\\i2r-storage\\FullData\\Non-HCC\\44083adc\\KZ5CREDL\\YRV4FVQS
44083adc, YV1SFFQS, 89, C:\\i2r-storage\\FullData\\Non-HCC\\44083adc\\KZ5CREDL\\YV1SFFQS
474af3f3, HBHLAPYS, 285, C:\\i2r-storage\\FullData\\Non-HCC\\474af3f3\\WXS5RG1L\\HBHLAPYS
474af3f3, HNJHA5YS, 93, C:\\i2r-storage\\FullData\\Non-HCC\\474af3f3\\WXS5RG1L\\HNJHA5YS
474af3f3, J2K5RPHX, 93, C:\\i2r-storage\\FullData\\Non-HCC\\474af3f3\\WXS5RG1L\\J2K5RPHX
48d0d80a, JOI0MHG1, 275, C:\\i2r-storage\\FullData\\Non-HCC\\48d0d80a\\SR0URFTH\\JOI0MHG1
48d0d80a, MFNZJJ0S, 111, C:\\i2r-storage\\FullData\\Non-HCC\\48d0d80a\\SR0URFTH\\MFNZJJ0S
492d59b7, 3JKV0NJY, 109, C:\\i2r-storage\\FullData\\Non-HCC\\492d59b7\\EFTXRELE\\3JKV0NJY
492d59b7, GEMPWQQJ, 109, C:\\i2r-storage\\FullData\\Non-HCC\\492d59b7\\EFTXRELE\\GEMPWQQJ
492d59b7, I452ZAJT, 113, C:\\i2r-storage\\FullData\\Non-HCC\\492d59b7\\EFTXRELE\\I452ZAJT
492d59b7, I5RQZQJT, 109, C:\\i2r-storage\\FullData\\Non-HCC\\492d59b7\\EFTXRELE\\I5RQZQJT
492d59b7, IBWQZAJT, 117, C:\\i2r-storage\\FullData\\Non-HCC\\492d59b7\\EFTXRELE\\IBWQZAJT
4a8c41b2, NYE11BIT, 311, C:\\i2r-storage\\FullData\\Non-HCC\\4a8c41b2\\AA1HRFTL\\NYE11BIT
4ce309ff, HUTFASPT, 277, C:\\i2r-storage\\FullData\\Non-HCC\\4ce309ff\\AETTRE1J\\HUTFASPT
5fbac5d3, 3Q10JHAY, 113, C:\\i2r-storage\\FullData\\Non-HCC\\5fbac5d3\\KJWRQK1L\\3Q10JHAY
5fbac5d3, 3UVWJXAY, 105, C:\\i2r-storage\\FullData\\Non-HCC\\5fbac5d3\\KJWRQK1L\\3UVWJXAY
5fbac5d3, OGWQJBDK, 105, C:\\i2r-storage\\FullData\\Non-HCC\\5fbac5d3\\KJWRQK1L\\OGWQJBDK
5fbac5d3, W3CB23QH, 105, C:\\i2r-storage\\FullData\\Non-HCC\\5fbac5d3\\KJWRQK1L\\W3CB23QH
63b6339b, ALGNGTLK, 91, C:\\i2r-storage\\FullData\\Non-HCC\\63b6339b\\4WISVZ5W\\ALGNGTLK
662c1473, MO4YVZ4H, 83, C:\\i2r-storage\\FullData\\Non-HCC\\662c1473\\SHLARFLJ\\MO4YVZ4H
662c1473, NK4MVZ4H, 281, C:\\i2r-storage\\FullData\\Non-HCC\\662c1473\\SHLARFLJ\\NK4MVZ4H
67fba5a1, 4P1ABFJ4, 43, C:\\i2r-storage\\FullData\\Non-HCC\\67fba5a1\\IVOFQIDI\\4P1ABFJ4
67fba5a1, 5N5I3FJ4, 52, C:\\i2r-storage\\FullData\\Non-HCC\\67fba5a1\\IVOFQIDI\\5N5I3FJ4
67fba5a1, 5TPAYVJ4, 71, C:\\i2r-storage\\FullData\\Non-HCC\\67fba5a1\\IVOFQIDI\\5TPAYVJ4
67fba5a1, 5XHEYVJ4, 50, C:\\i2r-storage\\FullData\\Non-HCC\\67fba5a1\\IVOFQIDI\\5XHEYVJ4
67fba5a1, IOSRFAAK, 43, C:\\i2r-storage\\FullData\\Non-HCC\\67fba5a1\\IVOFQIDI\\IOSRFAAK
67fba5a1, LFSNFAAK, 43, C:\\i2r-storage\\FullData\\Non-HCC\\67fba5a1\\IVOFQIDI\\LFSNFAAK
687cab02, BWW1FFU4, 271, C:\\i2r-storage\\FullData\\Non-HCC\\687cab02\\DJLFRG1M\\BWW1FFU4
6b7beca4, KMKPS2HN, 95, C:\\i2r-storage\\FullData\\Non-HCC\\6b7beca4\\WLDORELJ\\KMKPS2HN
6b7beca4, X0O3KIZZ, 95, C:\\i2r-storage\\FullData\\Non-HCC\\6b7beca4\\WLDORELJ\\X0O3KIZZ
6b7beca4, X1ARKYZZ, 131, C:\\i2r-storage\\FullData\\Non-HCC\\6b7beca4\\WLDORELJ\\X1ARKYZZ
6b7beca4, XEJ3KYZZ, 105, C:\\i2r-storage\\FullData\\Non-HCC\\6b7beca4\\WLDORELJ\\XEJ3KYZZ
6b7beca4, YVRWMKH1, 95, C:\\i2r-storage\\FullData\\Non-HCC\\6b7beca4\\WLDORELJ\\YVRWMKH1
6d21cd20, JS2INAOJ, 118, C:\\i2r-storage\\FullData\\Non-HCC\\6d21cd20\\O5KSRGDI\\JS2INAOJ
6d21cd20, VB0CH4YY, 305, C:\\i2r-storage\\FullData\\Non-HCC\\6d21cd20\\O5KSRGDI\\VB0CH4YY
754bea2b, JXSFMZ1H, 279, C:\\i2r-storage\\FullData\\Non-HCC\\754bea2b\\CRTARFTJ\\JXSFMZ1H
76bee596, 4RM5DH25, 201, C:\\i2r-storage\\FullData\\Non-HCC\\76bee596\\UXXBRELP\\4RM5DH25
77d13aef, IUV14SRV, 140, C:\\i2r-storage\\FullData\\Non-HCC\\77d13aef\\CUJOQJTE\\IUV14SRV
77d13aef, KUVX4SRV, 45, C:\\i2r-storage\\FullData\\Non-HCC\\77d13aef\\CUJOQJTE\\KUVX4SRV
77d13aef, LZUD4SRV, 45, C:\\i2r-storage\\FullData\\Non-HCC\\77d13aef\\CUJOQJTE\\LZUD4SRV
77d13aef, PFVX4SRV, 45, C:\\i2r-storage\\FullData\\Non-HCC\\77d13aef\\CUJOQJTE\\PFVX4SRV
7b3fc3b5, GF2T0TUW, 305, C:\\i2r-storage\\FullData\\Non-HCC\\7b3fc3b5\\UXT2RGTH\\GF2T0TUW
7b3fc3b5, GJDT0DUW, 87, C:\\i2r-storage\\FullData\\Non-HCC\\7b3fc3b5\\UXT2RGTH\\GJDT0DUW
7d69248c, 02QSFCT0, 101, C:\\i2r-storage\\FullData\\Non-HCC\\7d69248c\\LPW5QJ1M\\02QSFCT0
7d69248c, ZXQKXIDO, 121, C:\\i2r-storage\\FullData\\Non-HCC\\7d69248c\\LPW5QJ1M\\ZXQKXIDO
7ed0fcb5, 0BDVFOFN, 91, C:\\i2r-storage\\FullData\\Non-HCC\\7ed0fcb5\\PIWQQILM\\0BDVFOFN
7ed0fcb5, HKVP03H2, 91, C:\\i2r-storage\\FullData\\Non-HCC\\7ed0fcb5\\PIWQQILM\\HKVP03H2
7ed0fcb5, HL1D0NH2, 149, C:\\i2r-storage\\FullData\\Non-HCC\\7ed0fcb5\\PIWQQILM\\HL1D0NH2
7ed0fcb5, HUSP0NH2, 111, C:\\i2r-storage\\FullData\\Non-HCC\\7ed0fcb5\\PIWQQILM\\HUSP0NH2
7ed0fcb5, SYJG2I5C, 91, C:\\i2r-storage\\FullData\\Non-HCC\\7ed0fcb5\\PIWQQILM\\SYJG2I5C
87c4dc29, 1SPMTAGH, 44, C:\\i2r-storage\\FullData\\Non-HCC\\87c4dc29\\OV4CQJLE\\1SPMTAGH
87c4dc29, 40PUQQGH, 44, C:\\i2r-storage\\FullData\\Non-HCC\\87c4dc29\\OV4CQJLE\\40PUQQGH
87c4dc29, OG4WZOPW, 58, C:\\i2r-storage\\FullData\\Non-HCC\\87c4dc29\\OV4CQJLE\\OG4WZOPW
87c4dc29, P0KWA4PW, 44, C:\\i2r-storage\\FullData\\Non-HCC\\87c4dc29\\OV4CQJLE\\P0KWA4PW
8ac202b1, UNSSE5Z4, 299, C:\\i2r-storage\\FullData\\Non-HCC\\8ac202b1\\AITARG1H\\UNSSE5Z4
8caa746f, A04PROIM, 277, C:\\i2r-storage\\FullData\\Non-HCC\\8caa746f\\PLW4QKTP\\A04PROIM
8caa746f, AWJ5Q4IM, 205, C:\\i2r-storage\\FullData\\Non-HCC\\8caa746f\\PLW4QKTP\\AWJ5Q4IM
8da40c38, 2BYKNHKZ, 285, C:\\i2r-storage\\FullData\\Non-HCC\\8da40c38\\LDJ1BZPX\\2BYKNHKZ
8da40c38, 2NOCMHKZ, 117, C:\\i2r-storage\\FullData\\Non-HCC\\8da40c38\\LDJ1BZPX\\2NOCMHKZ
90c29683, EPI4HN3S, 101, C:\\i2r-storage\\FullData\\Non-HCC\\90c29683\\MRWSQK1P\\EPI4HN3S
90c29683, H4K5QMAE, 193, C:\\i2r-storage\\FullData\\Non-HCC\\90c29683\\MRWSQK1P\\H4K5QMAE
90c29683, HSETQ2AE, 101, C:\\i2r-storage\\FullData\\Non-HCC\\90c29683\\MRWSQK1P\\HSETQ2AE
90c29683, IE0RKN0J, 101, C:\\i2r-storage\\FullData\\Non-HCC\\90c29683\\MRWSQK1P\\IE0RKN0J
93abc395, 0NZETUTL, 105, C:\\i2r-storage\\FullData\\Non-HCC\\93abc395\\IAG4QJLG\\0NZETUTL
93abc395, K3NXFH01, 105, C:\\i2r-storage\\FullData\\Non-HCC\\93abc395\\IAG4QJLG\\K3NXFH01
93abc395, UA2LKJ5P, 133, C:\\i2r-storage\\FullData\\Non-HCC\\93abc395\\IAG4QJLG\\UA2LKJ5P
93abc395, UBEHKJ5P, 105, C:\\i2r-storage\\FullData\\Non-HCC\\93abc395\\IAG4QJLG\\UBEHKJ5P
93abc395, UXIPDZ5P, 119, C:\\i2r-storage\\FullData\\Non-HCC\\93abc395\\IAG4QJLG\\UXIPDZ5P
96893268, GNKL5C34, 85, C:\\i2r-storage\\FullData\\Non-HCC\\96893268\\SBTBRFTL\\GNKL5C34
96893268, LF5TDDFR, 85, C:\\i2r-storage\\FullData\\Non-HCC\\96893268\\SBTBRFTL\\LF5TDDFR
96893268, QM5GCA1Z, 85, C:\\i2r-storage\\FullData\\Non-HCC\\96893268\\SBTBRFTL\\QM5GCA1Z
96893268, QNRKCQ1Z, 143, C:\\i2r-storage\\FullData\\Non-HCC\\96893268\\SBTBRFTL\\QNRKCQ1Z
96893268, QSYGCQ1Z, 109, C:\\i2r-storage\\FullData\\Non-HCC\\96893268\\SBTBRFTL\\QSYGCQ1Z
981fc69a, M5ZTGE4Z, 105, C:\\i2r-storage\\FullData\\Non-HCC\\981fc69a\\CIKPOKIX\\M5ZTGE4Z
981fc69a, Z2E2SF44, 105, C:\\i2r-storage\\FullData\\Non-HCC\\981fc69a\\CIKPOKIX\\Z2E2SF44
981fc69a, ZCD2SV44, 129, C:\\i2r-storage\\FullData\\Non-HCC\\981fc69a\\CIKPOKIX\\ZCD2SV44
981fc69a, ZSE2SF44, 104, C:\\i2r-storage\\FullData\\Non-HCC\\981fc69a\\CIKPOKIX\\ZSE2SF44
988383ea, 1BJXXO1U, 281, C:\\i2r-storage\\FullData\\Non-HCC\\988383ea\\MTKTRFDN\\1BJXXO1U
9d191a88, SDMHV33C, 283, C:\\i2r-storage\\FullData\\Non-HCC\\9d191a88\\BHHFRELN\\SDMHV33C
9d1c36d4, 4EUQNNCY, 117, C:\\i2r-storage\\FullData\\Non-HCC\\9d1c36d4\\CRWTQKDE\\4EUQNNCY
9d1c36d4, DNF5BAJ3, 130, C:\\i2r-storage\\FullData\\Non-HCC\\9d1c36d4\\CRWTQKDE\\DNF5BAJ3
9d1c36d4, DSMTBAJ3, 143, C:\\i2r-storage\\FullData\\Non-HCC\\9d1c36d4\\CRWTQKDE\\DSMTBAJ3
9d1c36d4, DTC5BQJ3, 117, C:\\i2r-storage\\FullData\\Non-HCC\\9d1c36d4\\CRWTQKDE\\DTC5BQJ3
9d1c36d4, Q4CSFF1A, 117, C:\\i2r-storage\\FullData\\Non-HCC\\9d1c36d4\\CRWTQKDE\\Q4CSFF1A
9d307c54, AXSH0AYJ, 578, C:\\i2r-storage\\FullData\\Non-HCC\\9d307c54\\WIHPRFTE\\AXSH0AYJ
9e992844, FRRSU40A, 510, C:\\i2r-storage\\FullData\\Non-HCC\\9e992844\\AESURFDK\\FRRSU40A
a072b461, 1VA4SLDE, 93, C:\\i2r-storage\\FullData\\Non-HCC\\a072b461\\UEDDRFLH\\1VA4SLDE
a072b461, NBASLNHK, 93, C:\\i2r-storage\\FullData\\Non-HCC\\a072b461\\UEDDRFLH\\NBASLNHK
a072b461, SMTWBENG, 161, C:\\i2r-storage\\FullData\\Non-HCC\\a072b461\\UEDDRFLH\\SMTWBENG
a072b461, SN30BUNG, 93, C:\\i2r-storage\\FullData\\Non-HCC\\a072b461\\UEDDRFLH\\SN30BUNG
a072b461, ST00BENG, 109, C:\\i2r-storage\\FullData\\Non-HCC\\a072b461\\UEDDRFLH\\ST00BENG
a38b5f69, DIYUUO1Y, 109, C:\\i2r-storage\\FullData\\Non-HCC\\a38b5f69\\MDKXREDP\\DIYUUO1Y
a38b5f69, DJAYUO1Y, 101, C:\\i2r-storage\\FullData\\Non-HCC\\a38b5f69\\MDKXREDP\\DJAYUO1Y
a38b5f69, DWJUUO1Y, 149, C:\\i2r-storage\\FullData\\Non-HCC\\a38b5f69\\MDKXREDP\\DWJUUO1Y
a38b5f69, DXHYU41Y, 101, C:\\i2r-storage\\FullData\\Non-HCC\\a38b5f69\\MDKXREDP\\DXHYU41Y
a38b5f69, RNKHENSW, 101, C:\\i2r-storage\\FullData\\Non-HCC\\a38b5f69\\MDKXREDP\\RNKHENSW
a38b5f69, TTZKBA2P, 101, C:\\i2r-storage\\FullData\\Non-HCC\\a38b5f69\\MDKXREDP\\TTZKBA2P
a3d1a524, QXG0XREL, 289, C:\\i2r-storage\\FullData\\Non-HCC\\a3d1a524\\M5DORGDE\\QXG0XREL
a485efe7, ALOKLMA3, 291, C:\\i2r-storage\\FullData\\Non-HCC\\a485efe7\\JLDORFTL\\ALOKLMA3
a4b42452, RHGBRQCG, 119, C:\\i2r-storage\\FullData\\Non-HCC\\a4b42452\\KDKSRFLG\\RHGBRQCG
a4b42452, RIYSGFTR, 285, C:\\i2r-storage\\FullData\\Non-HCC\\a4b42452\\KDKSRFLG\\RIYSGFTR
a7b78316, ERC552LT, 89, C:\\i2r-storage\\FullData\\Non-HCC\\a7b78316\\DNPPRGDN\\ERC552LT
a7b78316, HHKQNFDA, 101, C:\\i2r-storage\\FullData\\Non-HCC\\a7b78316\\DNPPRGDN\\HHKQNFDA
a7b78316, HZNQNVDA, 89, C:\\i2r-storage\\FullData\\Non-HCC\\a7b78316\\DNPPRGDN\\HZNQNVDA
a874a061, V5YO1XUC, 145, C:\\i2r-storage\\FullData\\Non-HCC\\a874a061\\EAS5RGDN\\V5YO1XUC
a87d23f9, FOMGMMAS, 534, C:\\i2r-storage\\FullData\\Non-HCC\\a87d23f9\\EA0VRFLK\\FOMGMMAS
a951af9b, SMMD543J, 91, C:\\i2r-storage\\FullData\\Non-HCC\\a951af9b\\OHDORFDI\\SMMD543J
a951af9b, SPK12O3J, 215, C:\\i2r-storage\\FullData\\Non-HCC\\a951af9b\\OHDORFDI\\SPK12O3J
aac3731e, 55NGSVCO, 125, C:\\i2r-storage\\FullData\\Non-HCC\\aac3731e\\SRK2RFLG\\55NGSVCO
aac3731e, 5BKGSFCO, 125, C:\\i2r-storage\\FullData\\Non-HCC\\aac3731e\\SRK2RFLG\\5BKGSFCO
aac3731e, ERBTR5LC, 125, C:\\i2r-storage\\FullData\\Non-HCC\\aac3731e\\SRK2RFLG\\ERBTR5LC
ac9df4c5, WR55ICJ3, 223, C:\\i2r-storage\\FullData\\Non-HCC\\ac9df4c5\\MY5ORGTN\\WR55ICJ3
ad19e07f, RIGKJOJJ, 83, C:\\i2r-storage\\FullData\\Non-HCC\\ad19e07f\\MACXRFTP\\RIGKJOJJ
ad19e07f, V2RR253J, 86, C:\\i2r-storage\\FullData\\Non-HCC\\ad19e07f\\MACXRFTP\\V2RR253J
ad19e07f, VCWR2P3J, 83, C:\\i2r-storage\\FullData\\Non-HCC\\ad19e07f\\MACXRFTP\\VCWR2P3J
ad19e07f, VDY3253J, 151, C:\\i2r-storage\\FullData\\Non-HCC\\ad19e07f\\MACXRFTP\\VDY3253J
b93713e4, 1OJKS1EW, 159, C:\\i2r-storage\\FullData\\Non-HCC\\b93713e4\\AYHCRF1J\\1OJKS1EW
b93713e4, MS25P2XZ, 317, C:\\i2r-storage\\FullData\\Non-HCC\\b93713e4\\AYHCRF1J\\MS25P2XZ
bafca603, 1IT2Z2NB, 218, C:\\i2r-storage\\FullData\\Non-HCC\\bafca603\\MAXFRELJ\\1IT2Z2NB
bafca603, 1M5CBDYI, 206, C:\\i2r-storage\\FullData\\Non-HCC\\bafca603\\MAXFRELJ\\1M5CBDYI
bafca603, 1WU2ZMNB, 206, C:\\i2r-storage\\FullData\\Non-HCC\\bafca603\\MAXFRELJ\\1WU2ZMNB
bafca603, 1X0QZ2NB, 322, C:\\i2r-storage\\FullData\\Non-HCC\\bafca603\\MAXFRELJ\\1X0QZ2NB
bafca603, YGX50NU2, 206, C:\\i2r-storage\\FullData\\Non-HCC\\bafca603\\MAXFRELJ\\YGX50NU2
be2b5fcf, LK5AA55Z, 109, C:\\i2r-storage\\FullData\\Non-HCC\\be2b5fcf\\KLTMRF1H\\LK5AA55Z
be2b5fcf, LLRMAP5Z, 155, C:\\i2r-storage\\FullData\\Non-HCC\\be2b5fcf\\KLTMRF1H\\LLRMAP5Z
be2b5fcf, LUYAAP5Z, 109, C:\\i2r-storage\\FullData\\Non-HCC\\be2b5fcf\\KLTMRF1H\\LUYAAP5Z
be2b5fcf, R50GM4F5, 109, C:\\i2r-storage\\FullData\\Non-HCC\\be2b5fcf\\KLTMRF1H\\R50GM4F5
c4b7c0f5, JXML3Q1R, 291, C:\\i2r-storage\\FullData\\Non-HCC\\c4b7c0f5\\OA1DRELL\\JXML3Q1R
cd2a7283, CZR5AGZ5, 269, C:\\i2r-storage\\FullData\\Non-HCC\\cd2a7283\\WEHDRGDG\\CZR5AGZ5
ce970ca1, 1UX4EFI3, 97, C:\\i2r-storage\\FullData\\Non-HCC\\ce970ca1\\NM5BRGTE\\1UX4EFI3
ce970ca1, 2QKTCMVK, 97, C:\\i2r-storage\\FullData\\Non-HCC\\ce970ca1\\NM5BRGTE\\2QKTCMVK
ce970ca1, X4Z43VAW, 97, C:\\i2r-storage\\FullData\\Non-HCC\\ce970ca1\\NM5BRGTE\\X4Z43VAW
ce970ca1, XA443FAW, 105, C:\\i2r-storage\\FullData\\Non-HCC\\ce970ca1\\NM5BRGTE\\XA443FAW
ce970ca1, XQZ43VAW, 97, C:\\i2r-storage\\FullData\\Non-HCC\\ce970ca1\\NM5BRGTE\\XQZ43VAW
cf07e59f, JMWDTI3P, 39, C:\\i2r-storage\\FullData\\Non-HCC\\cf07e59f\\2PDJDRWY\\JMWDTI3P
cf07e59f, MPW5TI3P, 99, C:\\i2r-storage\\FullData\\Non-HCC\\cf07e59f\\2PDJDRWY\\MPW5TI3P
cf07e59f, OAW1TI3P, 39, C:\\i2r-storage\\FullData\\Non-HCC\\cf07e59f\\2PDJDRWY\\OAW1TI3P
d5efbc9a, FIYT21G4, 121, C:\\i2r-storage\\FullData\\Non-HCC\\d5efbc9a\\I1TMRFTJ\\FIYT21G4
d5efbc9a, L25GNU5U, 149, C:\\i2r-storage\\FullData\\Non-HCC\\d5efbc9a\\I1TMRFTJ\\L25GNU5U
d5efbc9a, L3RKNE5U, 121, C:\\i2r-storage\\FullData\\Non-HCC\\d5efbc9a\\I1TMRFTJ\\L3RKNE5U
d5efbc9a, LDWKNU5U, 121, C:\\i2r-storage\\FullData\\Non-HCC\\d5efbc9a\\I1TMRFTJ\\LDWKNU5U
dcbddc1b, I20PAWEZ, 273, C:\\i2r-storage\\FullData\\Non-HCC\\dcbddc1b\\JMXCREDH\\I20PAWEZ
dd62ffa2, GFAD3D0W, 289, C:\\i2r-storage\\FullData\\Non-HCC\\dd62ffa2\\JN12RGDL\\GFAD3D0W
e505388b, GVRSEBPQ, 265, C:\\i2r-storage\\FullData\\Non-HCC\\e505388b\\EXPBRFTI\\GVRSEBPQ
e505388b, GZIKHRPQ, 234, C:\\i2r-storage\\FullData\\Non-HCC\\e505388b\\EXPBRFTI\\GZIKHRPQ
e8dce027, 32UKLB33, 283, C:\\i2r-storage\\FullData\\Non-HCC\\e8dce027\\SIS5RFDJ\\32UKLB33
f6f59d6e, TD1TVC5Y, 582, C:\\i2r-storage\\FullData\\Non-HCC\\f6f59d6e\\W1KRRE1H\\TD1TVC5Y
fbffdeab, TBH5UN1J, 562, C:\\i2r-storage\\FullData\\Non-HCC\\fbffdeab\\CZ0TRFDL\\TBH5UN1J
