PatientID,ScanID,Imagecount,Path
0105df60, AGCUO5M1, 81, C:\\i2r-storage\\FullData\\Normal\\0105df60\\LEDMRE1L\\AGCUO5M1
0105df60, AHMYOPM1, 141, C:\\i2r-storage\\FullData\\Normal\\0105df60\\LEDMRE1L\\AHMYOPM1
0105df60, AYFUOPM1, 101, C:\\i2r-storage\\FullData\\Normal\\0105df60\\LEDMRE1L\\AYFUOPM1
0105df60, BW1XSDWO, 81, C:\\i2r-storage\\FullData\\Normal\\0105df60\\LEDMRE1L\\BW1XSDWO
0105df60, LJ3BRVQT, 81, C:\\i2r-storage\\FullData\\Normal\\0105df60\\LEDMRE1L\\LJ3BRVQT
02051fd5, FHWTVJER, 83, C:\\i2r-storage\\FullData\\Normal\\02051fd5\\UTKQRELJ\\FHWTVJER
02051fd5, KMTAFGPM, 97, C:\\i2r-storage\\FullData\\Normal\\02051fd5\\UTKQRELJ\\KMTAFGPM
02051fd5, KSUAFWPM, 83, C:\\i2r-storage\\FullData\\Normal\\02051fd5\\UTKQRELJ\\KSUAFWPM
02051fd5, KT0MFGPM, 151, C:\\i2r-storage\\FullData\\Normal\\02051fd5\\UTKQRELJ\\KT0MFGPM
02051fd5, OP25ETE2, 83, C:\\i2r-storage\\FullData\\Normal\\02051fd5\\UTKQRELJ\\OP25ETE2
07480dc8, 0DOKZI0U, 93, C:\\i2r-storage\\FullData\\Normal\\07480dc8\\3WKAJDZX\\0DOKZI0U
07480dc8, IAC314T4, 89, C:\\i2r-storage\\FullData\\Normal\\07480dc8\\3WKAJDZX\\IAC314T4
07480dc8, POBSEMAR, 145, C:\\i2r-storage\\FullData\\Normal\\07480dc8\\3WKAJDZX\\POBSEMAR
07480dc8, PPP4E2AR, 89, C:\\i2r-storage\\FullData\\Normal\\07480dc8\\3WKAJDZX\\PPP4E2AR
07480dc8, PRI4EMAR, 117, C:\\i2r-storage\\FullData\\Normal\\07480dc8\\3WKAJDZX\\PRI4EMAR
07b139ca, UOZNT2CB, 47, C:\\i2r-storage\\FullData\\Normal\\07b139ca\\IEB5QJDM\\UOZNT2CB
07b139ca, DF1HRUWO, 44, C:\\i2r-storage\\FullData\\Normal\\07b139ca\\M3WEQKDJ\\DF1HRUWO
07b139ca, I1PWG3UP, 44, C:\\i2r-storage\\FullData\\Normal\\07b139ca\\M3WEQKDJ\\I1PWG3UP
07b139ca, JDTS5NUP, 58, C:\\i2r-storage\\FullData\\Normal\\07b139ca\\M3WEQKDJ\\JDTS5NUP
07b139ca, JH1W5NUP, 79, C:\\i2r-storage\\FullData\\Normal\\07b139ca\\M3WEQKDJ\\JH1W5NUP
08143506, BBJPQD5V, 281, C:\\i2r-storage\\FullData\\Normal\\08143506\\XEDMRELM\\BBJPQD5V
08143506, BNHDQT5V, 85, C:\\i2r-storage\\FullData\\Normal\\08143506\\XEDMRELM\\BNHDQT5V
08143506, LUJDBLPC, 85, C:\\i2r-storage\\FullData\\Normal\\08143506\\XEDMRELM\\LUJDBLPC
08143506, P1KLYWGH, 97, C:\\i2r-storage\\FullData\\Normal\\08143506\\XEDMRELM\\P1KLYWGH
0872e5d3, EO1MUMPJ, 121, C:\\i2r-storage\\FullData\\Normal\\0872e5d3\\SQTQRGDK\\EO1MUMPJ
0872e5d3, EPVAU2PJ, 77, C:\\i2r-storage\\FullData\\Normal\\0872e5d3\\SQTQRGDK\\EPVAU2PJ
0872e5d3, ERSAUMPJ, 102, C:\\i2r-storage\\FullData\\Normal\\0872e5d3\\SQTQRGDK\\ERSAUMPJ
0872e5d3, QHPYNCQ3, 77, C:\\i2r-storage\\FullData\\Normal\\0872e5d3\\SQTQRGDK\\QHPYNCQ3
08d80067, EIQQZLG1, 81, C:\\i2r-storage\\FullData\\Normal\\08d80067\\ME1FRG1L\\EIQQZLG1
08d80067, VXMKEWTQ, 89, C:\\i2r-storage\\FullData\\Normal\\08d80067\\ME1FRG1L\\VXMKEWTQ
08d80067, WPUHRHS1, 109, C:\\i2r-storage\\FullData\\Normal\\08d80067\\ME1FRG1L\\WPUHRHS1
08d80067, X2MGIXS1, 133, C:\\i2r-storage\\FullData\\Normal\\08d80067\\ME1FRG1L\\X2MGIXS1
08d80067, X3F0IXS1, 81, C:\\i2r-storage\\FullData\\Normal\\08d80067\\ME1FRG1L\\X3F0IXS1
0bbfa4a3, DP33F3CV, 81, C:\\i2r-storage\\FullData\\Normal\\0bbfa4a3\\EZLBRELI\\DP33F3CV
0bbfa4a3, NW0G2DEH, 81, C:\\i2r-storage\\FullData\\Normal\\0bbfa4a3\\EZLBRELI\\NW0G2DEH
0bbfa4a3, UN3GWQZH, 125, C:\\i2r-storage\\FullData\\Normal\\0bbfa4a3\\EZLBRELI\\UN3GWQZH
0bbfa4a3, USUKWQZH, 157, C:\\i2r-storage\\FullData\\Normal\\0bbfa4a3\\EZLBRELI\\USUKWQZH
0bbfa4a3, UT0GWAZH, 81, C:\\i2r-storage\\FullData\\Normal\\0bbfa4a3\\EZLBRELI\\UT0GWAZH
0e1ed902, 2OFGSYDY, 83, C:\\i2r-storage\\FullData\\Normal\\0e1ed902\\EXTVRFTJ\\2OFGSYDY
0e1ed902, 2PLKSIDY, 115, C:\\i2r-storage\\FullData\\Normal\\0e1ed902\\EXTVRFTJ\\2PLKSIDY
0e1ed902, 2QCGSIDY, 113, C:\\i2r-storage\\FullData\\Normal\\0e1ed902\\EXTVRFTJ\\2QCGSIDY
0e1ed902, KB54JCW4, 83, C:\\i2r-storage\\FullData\\Normal\\0e1ed902\\EXTVRFTJ\\KB54JCW4
0e1ed902, T5SF3SCS, 83, C:\\i2r-storage\\FullData\\Normal\\0e1ed902\\EXTVRFTJ\\T5SF3SCS
0e4d9b76, PMZBYQ2T, 101, C:\\i2r-storage\\FullData\\Normal\\0e4d9b76\\DIDXRELP\\PMZBYQ2T
0e4d9b76, SG35FFSV, 93, C:\\i2r-storage\\FullData\\Normal\\0e4d9b76\\DIDXRELP\\SG35FFSV
0e4d9b76, VTJUSIM0, 125, C:\\i2r-storage\\FullData\\Normal\\0e4d9b76\\DIDXRELP\\VTJUSIM0
0e4d9b76, VXHYSYM0, 101, C:\\i2r-storage\\FullData\\Normal\\0e4d9b76\\DIDXRELP\\VXHYSYM0
0f47322b, JQU0MQDD, 89, C:\\i2r-storage\\FullData\\Normal\\0f47322b\\MI0VRGTK\\JQU0MQDD
0f47322b, JT4Z22UD, 89, C:\\i2r-storage\\FullData\\Normal\\0f47322b\\MI0VRGTK\\JT4Z22UD
0f47322b, UK1QY42A, 89, C:\\i2r-storage\\FullData\\Normal\\0f47322b\\MI0VRGTK\\UK1QY42A
0f47322b, ULV2YO2A, 157, C:\\i2r-storage\\FullData\\Normal\\0f47322b\\MI0VRGTK\\ULV2YO2A
0f47322b, UU2QYO2A, 100, C:\\i2r-storage\\FullData\\Normal\\0f47322b\\MI0VRGTK\\UU2QYO2A
0fd514fc, 0CYCTZIY, 97, C:\\i2r-storage\\FullData\\Normal\\0fd514fc\\J00AJDB2\\0CYCTZIY
0fd514fc, 0DR4TZIY, 133, C:\\i2r-storage\\FullData\\Normal\\0fd514fc\\J00AJDB2\\0DR4TZIY
0fd514fc, 1QJ5KJIY, 97, C:\\i2r-storage\\FullData\\Normal\\0fd514fc\\J00AJDB2\\1QJ5KJIY
0fd514fc, C00UNBMK, 33, C:\\i2r-storage\\FullData\\Normal\\0fd514fc\\J00AJDB2\\C00UNBMK
0fd514fc, CZWUNRMK, 71, C:\\i2r-storage\\FullData\\Normal\\0fd514fc\\J00AJDB2\\CZWUNRMK
0fd514fc, HLDFGG41, 97, C:\\i2r-storage\\FullData\\Normal\\0fd514fc\\J00AJDB2\\HLDFGG41
0fddbf22, KZ23YW44, 91, C:\\i2r-storage\\FullData\\Normal\\0fddbf22\\PPSQRFLH\\KZ23YW44
0fddbf22, OPCDVCUK, 91, C:\\i2r-storage\\FullData\\Normal\\0fddbf22\\PPSQRFLH\\OPCDVCUK
0fddbf22, YOR03Q5D, 91, C:\\i2r-storage\\FullData\\Normal\\0fddbf22\\PPSQRFLH\\YOR03Q5D
0fddbf22, YP5W3A5D, 161, C:\\i2r-storage\\FullData\\Normal\\0fddbf22\\PPSQRFLH\\YP5W3A5D
0fddbf22, YQW03A5D, 101, C:\\i2r-storage\\FullData\\Normal\\0fddbf22\\PPSQRFLH\\YQW03A5D
0ffe271c, 3XQ1ENA3, 77, C:\\i2r-storage\\FullData\\Normal\\0ffe271c\\IETMRFTP\\3XQ1ENA3
0ffe271c, O5YSFQGZ, 81, C:\\i2r-storage\\FullData\\Normal\\0ffe271c\\IETMRFTP\\O5YSFQGZ
0ffe271c, XTXCEXOP, 81, C:\\i2r-storage\\FullData\\Normal\\0ffe271c\\IETMRFTP\\XTXCEXOP
0ffe271c, XXZOEHOP, 177, C:\\i2r-storage\\FullData\\Normal\\0ffe271c\\IETMRFTP\\XXZOEHOP
110eebbb, 1Y43JBCA, 81, C:\\i2r-storage\\FullData\\Normal\\110eebbb\\CF5ERG1E\\1Y43JBCA
110eebbb, FI2WQMPI, 141, C:\\i2r-storage\\FullData\\Normal\\110eebbb\\CF5ERG1E\\FI2WQMPI
110eebbb, FJS0Q2PI, 81, C:\\i2r-storage\\FullData\\Normal\\110eebbb\\CF5ERG1E\\FJS0Q2PI
110eebbb, FXV0QMPI, 113, C:\\i2r-storage\\FullData\\Normal\\110eebbb\\CF5ERG1E\\FXV0QMPI
110eebbb, YHUHHWIA, 81, C:\\i2r-storage\\FullData\\Normal\\110eebbb\\CF5ERG1E\\YHUHHWIA
11c00f1d, AHIZWHDD, 83, C:\\i2r-storage\\FullData\\Normal\\11c00f1d\\JS03JDZ5\\AHIZWHDD
11c00f1d, CQMMV2YP, 83, C:\\i2r-storage\\FullData\\Normal\\11c00f1d\\JS03JDZ5\\CQMMV2YP
11c00f1d, J3M24MOR, 83, C:\\i2r-storage\\FullData\\Normal\\11c00f1d\\JS03JDZ5\\J3M24MOR
11c00f1d, JCFQ4MOR, 123, C:\\i2r-storage\\FullData\\Normal\\11c00f1d\\JS03JDZ5\\JCFQ4MOR
11c00f1d, JDL242OR, 83, C:\\i2r-storage\\FullData\\Normal\\11c00f1d\\JS03JDZ5\\JDL242OR
124772d6, KCLPF1Y4, 101, C:\\i2r-storage\\FullData\\Normal\\124772d6\\KYDHRG1K\\KCLPF1Y4
124772d6, LGONO53D, 125, C:\\i2r-storage\\FullData\\Normal\\124772d6\\KYDHRG1K\\LGONO53D
124772d6, LHABOP3D, 101, C:\\i2r-storage\\FullData\\Normal\\124772d6\\KYDHRG1K\\LHABOP3D
124772d6, LZHBO53D, 101, C:\\i2r-storage\\FullData\\Normal\\124772d6\\KYDHRG1K\\LZHBO53D
124772d6, Z4IHDPSU, 85, C:\\i2r-storage\\FullData\\Normal\\124772d6\\KYDHRG1K\\Z4IHDPSU
12c1b0f9, BS2V5003, 93, C:\\i2r-storage\\FullData\\Normal\\12c1b0f9\\WVTMRELM\\BS2V5003
12c1b0f9, JAZQNPFW, 101, C:\\i2r-storage\\FullData\\Normal\\12c1b0f9\\WVTMRELM\\JAZQNPFW
12c1b0f9, JOQMNPFW, 101, C:\\i2r-storage\\FullData\\Normal\\12c1b0f9\\WVTMRELM\\JOQMNPFW
12c1b0f9, RZTG5SR4, 101, C:\\i2r-storage\\FullData\\Normal\\12c1b0f9\\WVTMRELM\\RZTG5SR4
19acfde4, KBY4NELA, 89, C:\\i2r-storage\\FullData\\Normal\\19acfde4\\WATORFDM\\KBY4NELA
19acfde4, VDS2PP0A, 89, C:\\i2r-storage\\FullData\\Normal\\19acfde4\\WATORFDM\\VDS2PP0A
19acfde4, ZHP4AICI, 129, C:\\i2r-storage\\FullData\\Normal\\19acfde4\\WATORFDM\\ZHP4AICI
19acfde4, ZYGSAICI, 129, C:\\i2r-storage\\FullData\\Normal\\19acfde4\\WATORFDM\\ZYGSAICI
19acfde4, ZZI4AYCI, 89, C:\\i2r-storage\\FullData\\Normal\\19acfde4\\WATORFDM\\ZZI4AYCI
1b0e2e67, ER2EMEC2, 115, C:\\i2r-storage\\FullData\\Normal\\1b0e2e67\\WQPBRF1H\\ER2EMEC2
1b0e2e67, FYB5RFAO, 115, C:\\i2r-storage\\FullData\\Normal\\1b0e2e67\\WQPBRF1H\\FYB5RFAO
1b0e2e67, UJTEG2OK, 125, C:\\i2r-storage\\FullData\\Normal\\1b0e2e67\\WQPBRF1H\\UJTEG2OK
1b0e2e67, UN3IGMOK, 115, C:\\i2r-storage\\FullData\\Normal\\1b0e2e67\\WQPBRF1H\\UN3IGMOK
1b71cbc1, GMVTEEO2, 89, C:\\i2r-storage\\FullData\\Normal\\1b71cbc1\\CUDBRGTP\\GMVTEEO2
1b71cbc1, GMYUOD40, 93, C:\\i2r-storage\\FullData\\Normal\\1b71cbc1\\CUDBRGTP\\GMYUOD40
1b71cbc1, ZGD0ZQZI, 105, C:\\i2r-storage\\FullData\\Normal\\1b71cbc1\\CUDBRGTP\\ZGD0ZQZI
1b71cbc1, ZYE0ZAZI, 89, C:\\i2r-storage\\FullData\\Normal\\1b71cbc1\\CUDBRGTP\\ZYE0ZAZI
1b71cbc1, ZZKWZQZI, 133, C:\\i2r-storage\\FullData\\Normal\\1b71cbc1\\CUDBRGTP\\ZZKWZQZI
1edd2c57, KBWSOFO4, 93, C:\\i2r-storage\\FullData\\Normal\\1edd2c57\\VLLBRGDG\\KBWSOFO4
1edd2c57, TSSAGSCS, 93, C:\\i2r-storage\\FullData\\Normal\\1edd2c57\\VLLBRGDG\\TSSAGSCS
1edd2c57, ZOCGSIDN, 149, C:\\i2r-storage\\FullData\\Normal\\1edd2c57\\VLLBRGDG\\ZOCGSIDN
1edd2c57, ZQFGSYDN, 93, C:\\i2r-storage\\FullData\\Normal\\1edd2c57\\VLLBRGDG\\ZQFGSYDN
1edd2c57, ZRLKSIDN, 141, C:\\i2r-storage\\FullData\\Normal\\1edd2c57\\VLLBRGDG\\ZRLKSIDN
2034adfa, DJ1GQTYC, 85, C:\\i2r-storage\\FullData\\Normal\\2034adfa\\E5CRREDP\\DJ1GQTYC
2034adfa, HGE20OCB, 85, C:\\i2r-storage\\FullData\\Normal\\2034adfa\\E5CRREDP\\HGE20OCB
2034adfa, HHKQ04CB, 145, C:\\i2r-storage\\FullData\\Normal\\2034adfa\\E5CRREDP\\HHKQ04CB
2034adfa, HYD204CB, 101, C:\\i2r-storage\\FullData\\Normal\\2034adfa\\E5CRREDP\\HYD204CB
2034adfa, JBYPN5W3, 85, C:\\i2r-storage\\FullData\\Normal\\2034adfa\\E5CRREDP\\JBYPN5W3
2062a0fd, 4N41RW3D, 81, C:\\i2r-storage\\FullData\\Normal\\2062a0fd\\I1DCRELM\\4N41RW3D
2062a0fd, JD2DAQ1V, 81, C:\\i2r-storage\\FullData\\Normal\\2062a0fd\\I1DCRELM\\JD2DAQ1V
2062a0fd, JPSPAA1V, 301, C:\\i2r-storage\\FullData\\Normal\\2062a0fd\\I1DCRELM\\JPSPAA1V
2062a0fd, O2F5FBMS, 81, C:\\i2r-storage\\FullData\\Normal\\2062a0fd\\I1DCRELM\\O2F5FBMS
21556cad, SM5R3B0M, 87, C:\\i2r-storage\\FullData\\Normal\\21556cad\\MDKTRGDM\\SM5R3B0M
21556cad, VG15YCCS, 85, C:\\i2r-storage\\FullData\\Normal\\21556cad\\MDKTRGDM\\VG15YCCS
21556cad, YLG4VGMH, 87, C:\\i2r-storage\\FullData\\Normal\\21556cad\\MDKTRGDM\\YLG4VGMH
21556cad, YPISVWMH, 112, C:\\i2r-storage\\FullData\\Normal\\21556cad\\MDKTRGDM\\YPISVWMH
218dfc1f, JHJTSQ3A, 91, C:\\i2r-storage\\FullData\\Normal\\218dfc1f\\OHCQRFDE\\JHJTSQ3A
218dfc1f, M2YUCOPZ, 83, C:\\i2r-storage\\FullData\\Normal\\218dfc1f\\OHCQRFDE\\M2YUCOPZ
218dfc1f, M3WYC4PZ, 155, C:\\i2r-storage\\FullData\\Normal\\218dfc1f\\OHCQRFDE\\M3WYC4PZ
218dfc1f, MC5UC4PZ, 98, C:\\i2r-storage\\FullData\\Normal\\218dfc1f\\OHCQRFDE\\MC5UC4PZ
218dfc1f, XO3NLPQ1, 83, C:\\i2r-storage\\FullData\\Normal\\218dfc1f\\OHCQRFDE\\XO3NLPQ1
23d4c37f, C40F4SAZ, 93, C:\\i2r-storage\\FullData\\Normal\\23d4c37f\\VMDQRGTI\\C40F4SAZ
23d4c37f, EK33JJ3J, 121, C:\\i2r-storage\\FullData\\Normal\\23d4c37f\\VMDQRGTI\\EK33JJ3J
23d4c37f, ELTRJZ3J, 93, C:\\i2r-storage\\FullData\\Normal\\23d4c37f\\VMDQRGTI\\ELTRJZ3J
23d4c37f, EVURJJ3J, 121, C:\\i2r-storage\\FullData\\Normal\\23d4c37f\\VMDQRGTI\\EVURJJ3J
23d4c37f, PDON3EVO, 93, C:\\i2r-storage\\FullData\\Normal\\23d4c37f\\VMDQRGTI\\PDON3EVO
25cfd6e7, 2LDDMFPY, 109, C:\\i2r-storage\\FullData\\Normal\\25cfd6e7\\OEPDRFTI\\2LDDMFPY
25cfd6e7, 2UKPMFPY, 137, C:\\i2r-storage\\FullData\\Normal\\25cfd6e7\\OEPDRFTI\\2UKPMFPY
25cfd6e7, 2VEDMVPY, 89, C:\\i2r-storage\\FullData\\Normal\\25cfd6e7\\OEPDRFTI\\2VEDMVPY
25cfd6e7, 2XMPIB0F, 89, C:\\i2r-storage\\FullData\\Normal\\25cfd6e7\\OEPDRFTI\\2XMPIB0F
25cfd6e7, J31RDDHZ, 89, C:\\i2r-storage\\FullData\\Normal\\25cfd6e7\\OEPDRFTI\\J31RDDHZ
26737d04, 2MD1KPYC, 89, C:\\i2r-storage\\FullData\\Normal\\26737d04\\TEHORGDH\\2MD1KPYC
26737d04, 2SE1K5YC, 81, C:\\i2r-storage\\FullData\\Normal\\26737d04\\TEHORGDH\\2SE1K5YC
26737d04, 2TKXKPYC, 131, C:\\i2r-storage\\FullData\\Normal\\26737d04\\TEHORGDH\\2TKXKPYC
26737d04, 305JED5V, 81, C:\\i2r-storage\\FullData\\Normal\\26737d04\\TEHORGDH\\305JED5V
26737d04, Z2Y15RGF, 81, C:\\i2r-storage\\FullData\\Normal\\26737d04\\TEHORGDH\\Z2Y15RGF
295b28f8, 1DSFYQEW, 93, C:\\i2r-storage\\FullData\\Normal\\295b28f8\\IBKUREDH\\1DSFYQEW
295b28f8, EKJMOOAQ, 121, C:\\i2r-storage\\FullData\\Normal\\295b28f8\\IBKUREDH\\EKJMOOAQ
295b28f8, ELHAO4AQ, 93, C:\\i2r-storage\\FullData\\Normal\\295b28f8\\IBKUREDH\\ELHAO4AQ
295b28f8, EVAAOOAQ, 93, C:\\i2r-storage\\FullData\\Normal\\295b28f8\\IBKUREDH\\EVAAOOAQ
295b28f8, RA24JCCY, 93, C:\\i2r-storage\\FullData\\Normal\\295b28f8\\IBKUREDH\\RA24JCCY
2a6ad103, MJMSFVOO, 53, C:\\i2r-storage\\FullData\\Normal\\2a6ad103\\E5GEQK1K\\MJMSFVOO
2a6ad103, NVYS2FOO, 33, C:\\i2r-storage\\FullData\\Normal\\2a6ad103\\E5GEQK1K\\NVYS2FOO
2a6ad103, RF2G5DSX, 33, C:\\i2r-storage\\FullData\\Normal\\2a6ad103\\E5GEQK1K\\RF2G5DSX
2a6ad103, X1345DSX, 33, C:\\i2r-storage\\FullData\\Normal\\2a6ad103\\E5GEQK1K\\X1345DSX
2b01d4ef, 3FJ51AG5, 115, C:\\i2r-storage\\FullData\\Normal\\2b01d4ef\\UTCVRGTE\\3FJ51AG5
2b01d4ef, A0HQEGLZ, 115, C:\\i2r-storage\\FullData\\Normal\\2b01d4ef\\UTCVRGTE\\A0HQEGLZ
2b01d4ef, A1J2EWLZ, 133, C:\\i2r-storage\\FullData\\Normal\\2b01d4ef\\UTCVRGTE\\A1J2EWLZ
2b01d4ef, AEAQEWLZ, 115, C:\\i2r-storage\\FullData\\Normal\\2b01d4ef\\UTCVRGTE\\AEAQEWLZ
2b01d4ef, VKFT11VQ, 115, C:\\i2r-storage\\FullData\\Normal\\2b01d4ef\\UTCVRGTE\\VKFT11VQ
2b13ac28, 55NGSVCO, 125, C:\\i2r-storage\\FullData\\Normal\\2b13ac28\\SRK2RFLG\\55NGSVCO
2b13ac28, 5AEKSVCO, 157, C:\\i2r-storage\\FullData\\Normal\\2b13ac28\\SRK2RFLG\\5AEKSVCO
2b13ac28, 5BKGSFCO, 125, C:\\i2r-storage\\FullData\\Normal\\2b13ac28\\SRK2RFLG\\5BKGSFCO
2b13ac28, ERBTR5LC, 125, C:\\i2r-storage\\FullData\\Normal\\2b13ac28\\SRK2RFLG\\ERBTR5LC
2b13ac28, KS2CX3CG, 125, C:\\i2r-storage\\FullData\\Normal\\2b13ac28\\SRK2RFLG\\KS2CX3CG
2b786308, RFUGCMIA, 51, C:\\i2r-storage\\FullData\\Normal\\2b786308\\MAB2QKDJ\\RFUGCMIA
2b786308, SXUSCMIA, 51, C:\\i2r-storage\\FullData\\Normal\\2b786308\\MAB2QKDJ\\SXUSCMIA
2b786308, XXUKCMIA, 137, C:\\i2r-storage\\FullData\\Normal\\2b786308\\MAB2QKDJ\\XXUKCMIA
2b786308, XYUGCMIA, 51, C:\\i2r-storage\\FullData\\Normal\\2b786308\\MAB2QKDJ\\XYUGCMIA
2d08555a, B22LFNUY, 97, C:\\i2r-storage\\FullData\\Normal\\2d08555a\\NLKVRE1E\\B22LFNUY
2d08555a, P3Y0ARS3, 97, C:\\i2r-storage\\FullData\\Normal\\2d08555a\\NLKVRE1E\\P3Y0ARS3
2d08555a, PSY0C5YW, 129, C:\\i2r-storage\\FullData\\Normal\\2d08555a\\NLKVRE1E\\PSY0C5YW
2d08555a, PWWWCPYW, 97, C:\\i2r-storage\\FullData\\Normal\\2d08555a\\NLKVRE1E\\PWWWCPYW
31aeff0f, FZHTUC3R, 85, C:\\i2r-storage\\FullData\\Normal\\31aeff0f\\C1SRRE1P\\FZHTUC3R
31aeff0f, IITONXSD, 93, C:\\i2r-storage\\FullData\\Normal\\31aeff0f\\C1SRRE1P\\IITONXSD
31aeff0f, IM3CNHSD, 85, C:\\i2r-storage\\FullData\\Normal\\31aeff0f\\C1SRRE1P\\IM3CNHSD
31aeff0f, M52R00GT, 85, C:\\i2r-storage\\FullData\\Normal\\31aeff0f\\C1SRRE1P\\M52R00GT
33c55881, HILZB55Y, 121, C:\\i2r-storage\\FullData\\Normal\\33c55881\\LLPARFDM\\HILZB55Y
33c55881, HJFVBP5Y, 93, C:\\i2r-storage\\FullData\\Normal\\33c55881\\LLPARFDM\\HJFVBP5Y
33c55881, HXCVB55Y, 93, C:\\i2r-storage\\FullData\\Normal\\33c55881\\LLPARFDM\\HXCVB55Y
33c55881, TDT45CR4, 93, C:\\i2r-storage\\FullData\\Normal\\33c55881\\LLPARFDM\\TDT45CR4
33c55881, Z53WJOKF, 81, C:\\i2r-storage\\FullData\\Normal\\33c55881\\LLPARFDM\\Z53WJOKF
36c22d03, 3WL50CDN, 89, C:\\i2r-storage\\FullData\\Normal\\36c22d03\\BHLERE1K\\3WL50CDN
36c22d03, QKFMEXN0, 137, C:\\i2r-storage\\FullData\\Normal\\36c22d03\\BHLERE1K\\QKFMEXN0
36c22d03, QLLAEHN0, 89, C:\\i2r-storage\\FullData\\Normal\\36c22d03\\BHLERE1K\\QLLAEHN0
36c22d03, QVMAEXN0, 117, C:\\i2r-storage\\FullData\\Normal\\36c22d03\\BHLERE1K\\QVMAEXN0
36c22d03, ST5B22EZ, 89, C:\\i2r-storage\\FullData\\Normal\\36c22d03\\BHLERE1K\\ST5B22EZ
38d6ea7f, 5WRZYYLF, 89, C:\\i2r-storage\\FullData\\Normal\\38d6ea7f\\JHGVQKDJ\\5WRZYYLF
38d6ea7f, MO1VAASR, 89, C:\\i2r-storage\\FullData\\Normal\\38d6ea7f\\JHGVQKDJ\\MO1VAASR
38d6ea7f, MPVZAQSR, 119, C:\\i2r-storage\\FullData\\Normal\\38d6ea7f\\JHGVQKDJ\\MPVZAQSR
38d6ea7f, MQ2VAQSR, 100, C:\\i2r-storage\\FullData\\Normal\\38d6ea7f\\JHGVQKDJ\\MQ2VAQSR
38d6ea7f, OJSN4SV3, 89, C:\\i2r-storage\\FullData\\Normal\\38d6ea7f\\JHGVQKDJ\\OJSN4SV3
3995d98d, 2MLCQMNV, 117, C:\\i2r-storage\\FullData\\Normal\\3995d98d\\NHLURELP\\2MLCQMNV
3995d98d, 2SMCQ2NV, 89, C:\\i2r-storage\\FullData\\Normal\\3995d98d\\NHLURELP\\2SMCQ2NV
3995d98d, 2TCOQMNV, 123, C:\\i2r-storage\\FullData\\Normal\\3995d98d\\NHLURELP\\2TCOQMNV
3995d98d, O2PFE1GB, 89, C:\\i2r-storage\\FullData\\Normal\\3995d98d\\NHLURELP\\O2PFE1GB
3995d98d, YGYN3RH1, 89, C:\\i2r-storage\\FullData\\Normal\\3995d98d\\NHLURELP\\YGYN3RH1
39f9ae62, ABYJZEH0, 105, C:\\i2r-storage\\FullData\\Normal\\39f9ae62\\SQSVRFTI\\ABYJZEH0
39f9ae62, NOK1ACS5, 105, C:\\i2r-storage\\FullData\\Normal\\39f9ae62\\SQSVRFTI\\NOK1ACS5
39f9ae62, YONPBG31, 135, C:\\i2r-storage\\FullData\\Normal\\39f9ae62\\SQSVRFTI\\YONPBG31
39f9ae62, YPDDBW31, 105, C:\\i2r-storage\\FullData\\Normal\\39f9ae62\\SQSVRFTI\\YPDDBW31
39f9ae62, YREDBG31, 105, C:\\i2r-storage\\FullData\\Normal\\39f9ae62\\SQSVRFTI\\YREDBG31
3d5a8bde, 2HW2TTSK, 81, C:\\i2r-storage\\FullData\\Normal\\3d5a8bde\\KTS5REDL\\2HW2TTSK
3d5a8bde, 2LYQTDSK, 183, C:\\i2r-storage\\FullData\\Normal\\3d5a8bde\\KTS5REDL\\2LYQTDSK
3d5a8bde, H3CTBDMR, 81, C:\\i2r-storage\\FullData\\Normal\\3d5a8bde\\KTS5REDL\\H3CTBDMR
3d5a8bde, UQHCAP5H, 81, C:\\i2r-storage\\FullData\\Normal\\3d5a8bde\\KTS5REDL\\UQHCAP5H
3e5dc782, AYYNSEZ1, 107, C:\\i2r-storage\\FullData\\Normal\\3e5dc782\\UI5ERGDJ\\AYYNSEZ1
3e5dc782, NNUDDD42, 107, C:\\i2r-storage\\FullData\\Normal\\3e5dc782\\UI5ERGDJ\\NNUDDD42
3e5dc782, Z02BGW5G, 117, C:\\i2r-storage\\FullData\\Normal\\3e5dc782\\UI5ERGDJ\\Z02BGW5G
3e5dc782, ZAENGW5G, 107, C:\\i2r-storage\\FullData\\Normal\\3e5dc782\\UI5ERGDJ\\ZAENGW5G
4257836d, 4BUTU4HJ, 81, C:\\i2r-storage\\FullData\\Normal\\4257836d\\VPDXRFLN\\4BUTU4HJ
4257836d, XKLGNQCD, 85, C:\\i2r-storage\\FullData\\Normal\\4257836d\\VPDXRFLN\\XKLGNQCD
4257836d, XLFKNACD, 121, C:\\i2r-storage\\FullData\\Normal\\4257836d\\VPDXRFLN\\XLFKNACD
4257836d, XUMGNACD, 121, C:\\i2r-storage\\FullData\\Normal\\4257836d\\VPDXRFLN\\XUMGNACD
4257836d, Z22S2MCN, 85, C:\\i2r-storage\\FullData\\Normal\\4257836d\\VPDXRFLN\\Z22S2MCN
4452d959, 5E04EDII, 41, C:\\i2r-storage\\FullData\\Normal\\4452d959\\UVWHQILI\\5E04EDII
4452d959, T3YNICS1, 50, C:\\i2r-storage\\FullData\\Normal\\4452d959\\UVWHQILI\\T3YNICS1
4452d959, UHJO5TBR, 41, C:\\i2r-storage\\FullData\\Normal\\4452d959\\UVWHQILI\\UHJO5TBR
4452d959, ULYNICS1, 82, C:\\i2r-storage\\FullData\\Normal\\4452d959\\UVWHQILI\\ULYNICS1
4452d959, V13OGDBR, 74, C:\\i2r-storage\\FullData\\Normal\\4452d959\\UVWHQILI\\V13OGDBR
4452d959, V5VKGDBR, 56, C:\\i2r-storage\\FullData\\Normal\\4452d959\\UVWHQILI\\V5VKGDBR
4472424e, 2QDNIJ4Y, 107, C:\\i2r-storage\\FullData\\Normal\\4472424e\\AXD2RGDH\\2QDNIJ4Y
4472424e, 2UNBIZ4Y, 67, C:\\i2r-storage\\FullData\\Normal\\4472424e\\AXD2RGDH\\2UNBIZ4Y
4472424e, ATD3CKFP, 67, C:\\i2r-storage\\FullData\\Normal\\4472424e\\AXD2RGDH\\ATD3CKFP
4472424e, S5KMIR5D, 67, C:\\i2r-storage\\FullData\\Normal\\4472424e\\AXD2RGDH\\S5KMIR5D
4493ffd5, 3Q10JHAY, 113, C:\\i2r-storage\\FullData\\Normal\\4493ffd5\\KJWRQK1L\\3Q10JHAY
4493ffd5, 3UVWJXAY, 105, C:\\i2r-storage\\FullData\\Normal\\4493ffd5\\KJWRQK1L\\3UVWJXAY
4493ffd5, OGWQJBDK, 105, C:\\i2r-storage\\FullData\\Normal\\4493ffd5\\KJWRQK1L\\OGWQJBDK
4493ffd5, W3CB23QH, 105, C:\\i2r-storage\\FullData\\Normal\\4493ffd5\\KJWRQK1L\\W3CB23QH
4596f0db, B3Z0FYRP, 125, C:\\i2r-storage\\FullData\\Normal\\4596f0db\\VLDFRF1M\\B3Z0FYRP
4596f0db, BCQWFYRP, 113, C:\\i2r-storage\\FullData\\Normal\\4596f0db\\VLDFRF1M\\BCQWFYRP
4596f0db, BD40FIRP, 101, C:\\i2r-storage\\FullData\\Normal\\4596f0db\\VLDFRF1M\\BD40FIRP
4596f0db, CIA5ZXB0, 101, C:\\i2r-storage\\FullData\\Normal\\4596f0db\\VLDFRF1M\\CIA5ZXB0
4596f0db, KN4ASJ4H, 101, C:\\i2r-storage\\FullData\\Normal\\4596f0db\\VLDFRF1M\\KN4ASJ4H
4675e8d7, 2JCC3YSX, 101, C:\\i2r-storage\\FullData\\Normal\\4675e8d7\\UV1ORGTK\\2JCC3YSX
4675e8d7, 2WLO3YSX, 129, C:\\i2r-storage\\FullData\\Normal\\4675e8d7\\UV1ORGTK\\2WLO3YSX
4675e8d7, 2XFC3ISX, 81, C:\\i2r-storage\\FullData\\Normal\\4675e8d7\\UV1ORGTK\\2XFC3ISX
4675e8d7, CJ1SHRSZ, 81, C:\\i2r-storage\\FullData\\Normal\\4675e8d7\\UV1ORGTK\\CJ1SHRSZ
4675e8d7, EORJBCG5, 81, C:\\i2r-storage\\FullData\\Normal\\4675e8d7\\UV1ORGTK\\EORJBCG5
46b6b0df, 3GM0E5XG, 85, C:\\i2r-storage\\FullData\\Normal\\46b6b0df\\IACSRF1M\\3GM0E5XG
46b6b0df, CCLLKGI0, 85, C:\\i2r-storage\\FullData\\Normal\\46b6b0df\\IACSRF1M\\CCLLKGI0
46b6b0df, CYTHKGI0, 121, C:\\i2r-storage\\FullData\\Normal\\46b6b0df\\IACSRF1M\\CYTHKGI0
46b6b0df, MDQSQL5V, 85, C:\\i2r-storage\\FullData\\Normal\\46b6b0df\\IACSRF1M\\MDQSQL5V
47e2b3f1, FR2L4TFF, 73, C:\\i2r-storage\\FullData\\Normal\\47e2b3f1\\CE1MRG1H\\FR2L4TFF
47e2b3f1, Q23QZHDS, 97, C:\\i2r-storage\\FullData\\Normal\\47e2b3f1\\CE1MRG1H\\Q23QZHDS
47e2b3f1, QC0QZXDS, 81, C:\\i2r-storage\\FullData\\Normal\\47e2b3f1\\CE1MRG1H\\QC0QZXDS
47e2b3f1, QDU2ZHDS, 157, C:\\i2r-storage\\FullData\\Normal\\47e2b3f1\\CE1MRG1H\\QDU2ZHDS
47e2b3f1, ZS5NU3UF, 81, C:\\i2r-storage\\FullData\\Normal\\47e2b3f1\\CE1MRG1H\\ZS5NU3UF
48cf53e7, 2OWDEOCN, 37, C:\\i2r-storage\\FullData\\Normal\\48cf53e7\\QACYYP1V\\2OWDEOCN
48cf53e7, 34W1EOCN, 37, C:\\i2r-storage\\FullData\\Normal\\48cf53e7\\QACYYP1V\\34W1EOCN
48cf53e7, 4PWDEOCN, 101, C:\\i2r-storage\\FullData\\Normal\\48cf53e7\\QACYYP1V\\4PWDEOCN
49af368e, 0ID2Q2GR, 38, C:\\i2r-storage\\FullData\\Normal\\49af368e\\IBW2QILG\\0ID2Q2GR
49af368e, 5MCIQ2GR, 38, C:\\i2r-storage\\FullData\\Normal\\49af368e\\IBW2QILG\\5MCIQ2GR
49af368e, WC0SVA22, 47, C:\\i2r-storage\\FullData\\Normal\\49af368e\\IBW2QILG\\WC0SVA22
49af368e, WGSWVA22, 63, C:\\i2r-storage\\FullData\\Normal\\49af368e\\IBW2QILG\\WGSWVA22
49af368e, X0GWMQ22, 38, C:\\i2r-storage\\FullData\\Normal\\49af368e\\IBW2QILG\\X0GWMQ22
4b119c73, 30224MOI, 192, C:\\i2r-storage\\FullData\\Normal\\4b119c73\\PO03JDB0\\30224MOI
4b119c73, 3E1242OI, 166, C:\\i2r-storage\\FullData\\Normal\\4b119c73\\PO03JDB0\\3E1242OI
4b119c73, 3FVQ4MOI, 202, C:\\i2r-storage\\FullData\\Normal\\4b119c73\\PO03JDB0\\3FVQ4MOI
4b119c73, AHK3UX3D, 166, C:\\i2r-storage\\FullData\\Normal\\4b119c73\\PO03JDB0\\AHK3UX3D
4b119c73, BZMQS2YP, 166, C:\\i2r-storage\\FullData\\Normal\\4b119c73\\PO03JDB0\\BZMQS2YP
4b2ae7df, V3I52X2H, 117, C:\\i2r-storage\\FullData\\Normal\\4b2ae7df\\DECTRG1J\\V3I52X2H
4b2ae7df, VADTNNAV, 91, C:\\i2r-storage\\FullData\\Normal\\4b2ae7df\\DECTRG1J\\VADTNNAV
4b2ae7df, VCBT2X2H, 121, C:\\i2r-storage\\FullData\\Normal\\4b2ae7df\\DECTRG1J\\VCBT2X2H
4b2ae7df, VDP52H2H, 85, C:\\i2r-storage\\FullData\\Normal\\4b2ae7df\\DECTRG1J\\VDP52H2H
4b2ae7df, XN1GABEE, 89, C:\\i2r-storage\\FullData\\Normal\\4b2ae7df\\DECTRG1J\\XN1GABEE
4c3b087c, 4CJBPDU4, 46, C:\\i2r-storage\\FullData\\Normal\\4c3b087c\\JMOBQIDP\\4CJBPDU4
4c3b087c, 4OUCBQO3, 46, C:\\i2r-storage\\FullData\\Normal\\4c3b087c\\JMOBQIDP\\4OUCBQO3
4c3b087c, B1S1Z5L1, 46, C:\\i2r-storage\\FullData\\Normal\\4c3b087c\\JMOBQIDP\\B1S1Z5L1
4c3b087c, BXKXZ5L1, 70, C:\\i2r-storage\\FullData\\Normal\\4c3b087c\\JMOBQIDP\\BXKXZ5L1
4c3b087c, BZ4TZPL1, 61, C:\\i2r-storage\\FullData\\Normal\\4c3b087c\\JMOBQIDP\\BZ4TZPL1
4eef2a1e, 12ETQ2AL, 44, C:\\i2r-storage\\FullData\\Normal\\4eef2a1e\\E3OVQJ1N\\12ETQ2AL
4eef2a1e, 15K5QMAL, 199, C:\\i2r-storage\\FullData\\Normal\\4eef2a1e\\E3OVQJ1N\\15K5QMAL
4eef2a1e, 1TETQ2AL, 87, C:\\i2r-storage\\FullData\\Normal\\4eef2a1e\\E3OVQJ1N\\1TETQ2AL
4eef2a1e, 1YK5QMAL, 100, C:\\i2r-storage\\FullData\\Normal\\4eef2a1e\\E3OVQJ1N\\1YK5QMAL
4eef2a1e, DZLCNTUQ, 44, C:\\i2r-storage\\FullData\\Normal\\4eef2a1e\\E3OVQJ1N\\DZLCNTUQ
4eef2a1e, EPA23Q3S, 87, C:\\i2r-storage\\FullData\\Normal\\4eef2a1e\\E3OVQJ1N\\EPA23Q3S
4eef2a1e, HCLSKDUQ, 44, C:\\i2r-storage\\FullData\\Normal\\4eef2a1e\\E3OVQJ1N\\HCLSKDUQ
4eef2a1e, IENRK34J, 87, C:\\i2r-storage\\FullData\\Normal\\4eef2a1e\\E3OVQJ1N\\IENRK34J
4fbec240, JOGT2EB4, 78, C:\\i2r-storage\\FullData\\Normal\\4fbec240\\GA1JXMTI\\JOGT2EB4
4fbec240, P0HL2EB4, 34, C:\\i2r-storage\\FullData\\Normal\\4fbec240\\GA1JXMTI\\P0HL2EB4
4fbec240, PTGT2EB4, 34, C:\\i2r-storage\\FullData\\Normal\\4fbec240\\GA1JXMTI\\PTGT2EB4
513b4145, 04NRF5VC, 93, C:\\i2r-storage\\FullData\\Normal\\513b4145\\KBTXRF1E\\04NRF5VC
513b4145, TGYQGJ2E, 93, C:\\i2r-storage\\FullData\\Normal\\513b4145\\KBTXRF1E\\TGYQGJ2E
513b4145, THW2GZ2E, 173, C:\\i2r-storage\\FullData\\Normal\\513b4145\\KBTXRF1E\\THW2GZ2E
513b4145, TY5QGZ2E, 93, C:\\i2r-storage\\FullData\\Normal\\513b4145\\KBTXRF1E\\TY5QGZ2E
513b4145, YAJCQPUB, 93, C:\\i2r-storage\\FullData\\Normal\\513b4145\\KBTXRF1E\\YAJCQPUB
51f582d4, 35RVAUKD, 121, C:\\i2r-storage\\FullData\\Normal\\51f582d4\\TRSPJCR2\\35RVAUKD
51f582d4, 3AYZAUKD, 129, C:\\i2r-storage\\FullData\\Normal\\51f582d4\\TRSPJCR2\\3AYZAUKD
51f582d4, 3BWVAEKD, 89, C:\\i2r-storage\\FullData\\Normal\\51f582d4\\TRSPJCR2\\3BWVAEKD
51f582d4, I1NMXRRR, 83, C:\\i2r-storage\\FullData\\Normal\\51f582d4\\TRSPJCR2\\I1NMXRRR
51f582d4, MF0FXHIJ, 89, C:\\i2r-storage\\FullData\\Normal\\51f582d4\\TRSPJCR2\\MF0FXHIJ
52a2ab48, 0TJU12QA, 99, C:\\i2r-storage\\FullData\\Normal\\52a2ab48\\NNOSQKTM\\0TJU12QA
52a2ab48, CAHRDWZN, 99, C:\\i2r-storage\\FullData\\Normal\\52a2ab48\\NNOSQKTM\\CAHRDWZN
52a2ab48, VJVYAIAS, 116, C:\\i2r-storage\\FullData\\Normal\\52a2ab48\\NNOSQKTM\\VJVYAIAS
52a2ab48, VN1UAYAS, 99, C:\\i2r-storage\\FullData\\Normal\\52a2ab48\\NNOSQKTM\\VN1UAYAS
52c800c8, TOKUQYNN, 101, C:\\i2r-storage\\FullData\\Normal\\52c800c8\\U5LDRF1J\\TOKUQYNN
52c800c8, VJU0QPMO, 121, C:\\i2r-storage\\FullData\\Normal\\52c800c8\\U5LDRF1J\\VJU0QPMO
52c800c8, VW3WQPMO, 109, C:\\i2r-storage\\FullData\\Normal\\52c800c8\\U5LDRF1J\\VW3WQPMO
52c800c8, VXT0Q5MO, 101, C:\\i2r-storage\\FullData\\Normal\\52c800c8\\U5LDRF1J\\VXT0Q5MO
52c800c8, ZWCDWVQE, 101, C:\\i2r-storage\\FullData\\Normal\\52c800c8\\U5LDRF1J\\ZWCDWVQE
56201f37, 2H12TBRJ, 95, C:\\i2r-storage\\FullData\\Normal\\56201f37\\MUO5QK1E\\2H12TBRJ
56201f37, 2LVQTRRJ, 289, C:\\i2r-storage\\FullData\\Normal\\56201f37\\MUO5QK1E\\2LVQTRRJ
56201f37, ALNL34OD, 95, C:\\i2r-storage\\FullData\\Normal\\56201f37\\MUO5QK1E\\ALNL34OD
56201f37, O24LADNF, 95, C:\\i2r-storage\\FullData\\Normal\\56201f37\\MUO5QK1E\\O24LADNF
598b1b66, MERE5FK3, 62, C:\\i2r-storage\\FullData\\Normal\\598b1b66\\EAWCQJLI\\MERE5FK3
598b1b66, NYFEGVK3, 53, C:\\i2r-storage\\FullData\\Normal\\598b1b66\\EAWCQJLI\\NYFEGVK3
598b1b66, QISCS4EN, 53, C:\\i2r-storage\\FullData\\Normal\\598b1b66\\EAWCQJLI\\QISCS4EN
598b1b66, UVT0S4EN, 53, C:\\i2r-storage\\FullData\\Normal\\598b1b66\\EAWCQJLI\\UVT0S4EN
5adda794, 3S3C1HG3, 105, C:\\i2r-storage\\FullData\\Normal\\5adda794\\KIC2RG1M\\3S3C1HG3
5adda794, LOQCGO2X, 105, C:\\i2r-storage\\FullData\\Normal\\5adda794\\KIC2RG1M\\LOQCGO2X
5adda794, LP4OG42X, 161, C:\\i2r-storage\\FullData\\Normal\\5adda794\\KIC2RG1M\\LP4OG42X
5adda794, LQXCG42X, 105, C:\\i2r-storage\\FullData\\Normal\\5adda794\\KIC2RG1M\\LQXCG42X
5adda794, ROKLV4UA, 105, C:\\i2r-storage\\FullData\\Normal\\5adda794\\KIC2RG1M\\ROKLV4UA
5c420c1e, GNZQDT22, 83, C:\\i2r-storage\\FullData\\Normal\\5c420c1e\\AF0SREDG\\GNZQDT22
5c420c1e, ULLEE5VW, 187, C:\\i2r-storage\\FullData\\Normal\\5c420c1e\\AF0SREDG\\ULLEE5VW
5c420c1e, URTIE5VW, 83, C:\\i2r-storage\\FullData\\Normal\\5c420c1e\\AF0SREDG\\URTIE5VW
5c420c1e, ZY35AFYR, 83, C:\\i2r-storage\\FullData\\Normal\\5c420c1e\\AF0SREDG\\ZY35AFYR
5c7708a0, 2LRQDH34, 115, C:\\i2r-storage\\FullData\\Normal\\5c7708a0\\SJPORFDK\\2LRQDH34
5c7708a0, 2P52DX34, 144, C:\\i2r-storage\\FullData\\Normal\\5c7708a0\\SJPORFDK\\2P52DX34
5c7708a0, FPK4JM0S, 115, C:\\i2r-storage\\FullData\\Normal\\5c7708a0\\SJPORFDK\\FPK4JM0S
5c7708a0, ZISGOW5W, 115, C:\\i2r-storage\\FullData\\Normal\\5c7708a0\\SJPORFDK\\ZISGOW5W
5ee6b4a9, J4JQ2OD4, 115, C:\\i2r-storage\\FullData\\Normal\\5ee6b4a9\\S3LORGTK\\J4JQ2OD4
5ee6b4a9, J5H224D4, 83, C:\\i2r-storage\\FullData\\Normal\\5ee6b4a9\\S3LORGTK\\J5H224D4
5ee6b4a9, JBA22OD4, 97, C:\\i2r-storage\\FullData\\Normal\\5ee6b4a9\\S3LORGTK\\JBA22OD4
5ee6b4a9, SYAEGYSX, 83, C:\\i2r-storage\\FullData\\Normal\\5ee6b4a9\\S3LORGTK\\SYAEGYSX
5ee6b4a9, T4AQGYSX, 83, C:\\i2r-storage\\FullData\\Normal\\5ee6b4a9\\S3LORGTK\\T4AQGYSX
5ff0d401, 3QMB142A, 87, C:\\i2r-storage\\FullData\\Normal\\5ff0d401\\XIXORGTN\\3QMB142A
5ff0d401, 5RTQ4O3V, 93, C:\\i2r-storage\\FullData\\Normal\\5ff0d401\\XIXORGTN\\5RTQ4O3V
5ff0d401, 5V32443V, 87, C:\\i2r-storage\\FullData\\Normal\\5ff0d401\\XIXORGTN\\5V32443V
5ff0d401, JZTGD0YF, 87, C:\\i2r-storage\\FullData\\Normal\\5ff0d401\\XIXORGTN\\JZTGD0YF
614d830e, 1OJV41YX, 101, C:\\i2r-storage\\FullData\\Normal\\614d830e\\SFKPJCZ3\\1OJV41YX
614d830e, AEYBACNT, 101, C:\\i2r-storage\\FullData\\Normal\\614d830e\\SFKPJCZ3\\AEYBACNT
614d830e, AI22G2JN, 101, C:\\i2r-storage\\FullData\\Normal\\614d830e\\SFKPJCZ3\\AI22G2JN
614d830e, AMSQGMJN, 114, C:\\i2r-storage\\FullData\\Normal\\614d830e\\SFKPJCZ3\\AMSQGMJN
61a0a777, 2LIBENMO, 60, C:\\i2r-storage\\FullData\\Normal\\61a0a777\\VJWMQIDP\\2LIBENMO
61a0a777, 2PAFENMO, 79, C:\\i2r-storage\\FullData\\Normal\\61a0a777\\VJWMQIDP\\2PAFENMO
61a0a777, 3TUF33MO, 43, C:\\i2r-storage\\FullData\\Normal\\61a0a777\\VJWMQIDP\\3TUF33MO
61a0a777, AXR0ZPFW, 43, C:\\i2r-storage\\FullData\\Normal\\61a0a777\\VJWMQIDP\\AXR0ZPFW
61a0a777, D0QOZPFW, 43, C:\\i2r-storage\\FullData\\Normal\\61a0a777\\VJWMQIDP\\D0QOZPFW
6329d936, 32MWQNNN, 109, C:\\i2r-storage\\FullData\\Normal\\6329d936\\BHKURF1E\\32MWQNNN
6329d936, 3YC0Q3NN, 129, C:\\i2r-storage\\FullData\\Normal\\6329d936\\BHKURF1E\\3YC0Q3NN
6329d936, A3PVD0PR, 109, C:\\i2r-storage\\FullData\\Normal\\6329d936\\BHKURF1E\\A3PVD0PR
6329d936, BREPWDBH, 109, C:\\i2r-storage\\FullData\\Normal\\6329d936\\BHKURF1E\\BREPWDBH
64d27997, 40TQLAFT, 89, C:\\i2r-storage\\FullData\\Normal\\64d27997\\I5S4RGDK\\40TQLAFT
64d27997, F2JNNHTM, 137, C:\\i2r-storage\\FullData\\Normal\\64d27997\\I5S4RGDK\\F2JNNHTM
64d27997, F3HBNXTM, 97, C:\\i2r-storage\\FullData\\Normal\\64d27997\\I5S4RGDK\\F3HBNXTM
64d27997, FDABNHTM, 97, C:\\i2r-storage\\FullData\\Normal\\64d27997\\I5S4RGDK\\FDABNHTM
64d27997, FZWSIU0J, 97, C:\\i2r-storage\\FullData\\Normal\\64d27997\\I5S4RGDK\\FZWSIU0J
65f7cdf9, VV4X23MU, 35, C:\\i2r-storage\\FullData\\Normal\\65f7cdf9\\AYJUQKDL\\VV4X23MU
65f7cdf9, WU4123MU, 98, C:\\i2r-storage\\FullData\\Normal\\65f7cdf9\\AYJUQKDL\\WU4123MU
65f7cdf9, WW4523MU, 35, C:\\i2r-storage\\FullData\\Normal\\65f7cdf9\\AYJUQKDL\\WW4523MU
65f7cdf9, XU4X23MU, 35, C:\\i2r-storage\\FullData\\Normal\\65f7cdf9\\AYJUQKDL\\XU4X23MU
6a7cab6a, LKRA2GBE, 97, C:\\i2r-storage\\FullData\\Normal\\6a7cab6a\\FF0TRGTI\\LKRA2GBE
6a7cab6a, LUWA2WBE, 97, C:\\i2r-storage\\FullData\\Normal\\6a7cab6a\\FF0TRGTI\\LUWA2WBE
6a7cab6a, LVYM2GBE, 157, C:\\i2r-storage\\FullData\\Normal\\6a7cab6a\\FF0TRGTI\\LVYM2GBE
6a7cab6a, S21WCREE, 97, C:\\i2r-storage\\FullData\\Normal\\6a7cab6a\\FF0TRGTI\\S21WCREE
6a7cab6a, VAC1IN2V, 97, C:\\i2r-storage\\FullData\\Normal\\6a7cab6a\\FF0TRGTI\\VAC1IN2V
6b185269, QZKTZCF0, 79, C:\\i2r-storage\\FullData\\Normal\\6b185269\\LIPCRELM\\QZKTZCF0
6b185269, UK22V3S2, 79, C:\\i2r-storage\\FullData\\Normal\\6b185269\\LIPCRELM\\UK22V3S2
6b185269, ULSQVNS2, 149, C:\\i2r-storage\\FullData\\Normal\\6b185269\\LIPCRELM\\ULSQVNS2
6b185269, UU12VNS2, 101, C:\\i2r-storage\\FullData\\Normal\\6b185269\\LIPCRELM\\UU12VNS2
6b185269, W35321YD, 79, C:\\i2r-storage\\FullData\\Normal\\6b185269\\LIPCRELM\\W35321YD
6bd7551b, 502NFH4P, 95, C:\\i2r-storage\\FullData\\Normal\\6bd7551b\\VFXEREDJ\\502NFH4P
6bd7551b, ANH0ZNRD, 109, C:\\i2r-storage\\FullData\\Normal\\6bd7551b\\VFXEREDJ\\ANH0ZNRD
6bd7551b, ASOWZNRD, 141, C:\\i2r-storage\\FullData\\Normal\\6bd7551b\\VFXEREDJ\\ASOWZNRD
6bd7551b, ATA0Z3RD, 95, C:\\i2r-storage\\FullData\\Normal\\6bd7551b\\VFXEREDJ\\ATA0Z3RD
6bd7551b, IYD5TBCM, 95, C:\\i2r-storage\\FullData\\Normal\\6bd7551b\\VFXEREDJ\\IYD5TBCM
6cc6e97d, 3H3ZC2L3, 45, C:\\i2r-storage\\FullData\\Normal\\6cc6e97d\\WHR4QKTE\\3H3ZC2L3
6cc6e97d, FZXLTDLP, 45, C:\\i2r-storage\\FullData\\Normal\\6cc6e97d\\WHR4QKTE\\FZXLTDLP
6cc6e97d, KDHL0WJG, 45, C:\\i2r-storage\\FullData\\Normal\\6cc6e97d\\WHR4QKTE\\KDHL0WJG
6cc6e97d, LVTLDGJG, 58, C:\\i2r-storage\\FullData\\Normal\\6cc6e97d\\WHR4QKTE\\LVTLDGJG
6e1784d7, 4KXOYY3O, 50, C:\\i2r-storage\\FullData\\Normal\\6e1784d7\\DLGUQK1K\\4KXOYY3O
6e1784d7, 5SLKBI3O, 63, C:\\i2r-storage\\FullData\\Normal\\6e1784d7\\DLGUQK1K\\5SLKBI3O
6e1784d7, 5WDOBI3O, 69, C:\\i2r-storage\\FullData\\Normal\\6e1784d7\\DLGUQK1K\\5WDOBI3O
6e1784d7, WBIJAN4F, 50, C:\\i2r-storage\\FullData\\Normal\\6e1784d7\\DLGUQK1K\\WBIJAN4F
6e1784d7, WRJ3AN4F, 50, C:\\i2r-storage\\FullData\\Normal\\6e1784d7\\DLGUQK1K\\WRJ3AN4F
6fd6a309, FPD54M5C, 101, C:\\i2r-storage\\FullData\\Normal\\6fd6a309\\UUCUREDI\\FPD54M5C
6fd6a309, LB4CK22G, 101, C:\\i2r-storage\\FullData\\Normal\\6fd6a309\\UUCUREDI\\LB4CK22G
6fd6a309, T2LY3W5A, 101, C:\\i2r-storage\\FullData\\Normal\\6fd6a309\\UUCUREDI\\T2LY3W5A
6fd6a309, T3FU3G5A, 141, C:\\i2r-storage\\FullData\\Normal\\6fd6a309\\UUCUREDI\\T3FU3G5A
6fd6a309, TCMY3G5A, 101, C:\\i2r-storage\\FullData\\Normal\\6fd6a309\\UUCUREDI\\TCMY3G5A
6ff9d904, 0NYG1ZDV, 97, C:\\i2r-storage\\FullData\\Normal\\6ff9d904\\WBXBRGDE\\0NYG1ZDV
6ff9d904, PJQLIPIL, 125, C:\\i2r-storage\\FullData\\Normal\\6ff9d904\\WBXBRGDE\\PJQLIPIL
6ff9d904, PN4HI5IL, 97, C:\\i2r-storage\\FullData\\Normal\\6ff9d904\\WBXBRGDE\\PN4HI5IL
6ff9d904, RRCZ3L1J, 95, C:\\i2r-storage\\FullData\\Normal\\6ff9d904\\WBXBRGDE\\RRCZ3L1J
70186969, 02DVVEWE, 93, C:\\i2r-storage\\FullData\\Normal\\70186969\\FFLTRELJ\\02DVVEWE
70186969, 2MMYIC5H, 93, C:\\i2r-storage\\FullData\\Normal\\70186969\\FFLTRELJ\\2MMYIC5H
70186969, B0LXAJZ4, 93, C:\\i2r-storage\\FullData\\Normal\\70186969\\FFLTRELJ\\B0LXAJZ4
70186969, B4F1AZZ4, 93, C:\\i2r-storage\\FullData\\Normal\\70186969\\FFLTRELJ\\B4F1AZZ4
7052922a, 0EUTX50F, 89, C:\\i2r-storage\\FullData\\Normal\\7052922a\\OBTXRELM\\0EUTX50F
7052922a, 51EURYIP, 89, C:\\i2r-storage\\FullData\\Normal\\7052922a\\OBTXRELM\\51EURYIP
7052922a, 5ENYRYIP, 137, C:\\i2r-storage\\FullData\\Normal\\7052922a\\OBTXRELM\\5ENYRYIP
7052922a, 5FDURIIP, 89, C:\\i2r-storage\\FullData\\Normal\\7052922a\\OBTXRELM\\5FDURIIP
7052922a, I03OTEQQ, 89, C:\\i2r-storage\\FullData\\Normal\\7052922a\\OBTXRELM\\I03OTEQQ
77e10e32, 3N2J2H4P, 81, C:\\i2r-storage\\FullData\\Normal\\77e10e32\\UZXCRGDN\\3N2J2H4P
77e10e32, IYCDTCGM, 109, C:\\i2r-storage\\FullData\\Normal\\77e10e32\\UZXCRGDN\\IYCDTCGM
77e10e32, QKA0Z3QO, 81, C:\\i2r-storage\\FullData\\Normal\\77e10e32\\UZXCRGDN\\QKA0Z3QO
77e10e32, QOOWZNQO, 121, C:\\i2r-storage\\FullData\\Normal\\77e10e32\\UZXCRGDN\\QOOWZNQO
77e42555, A4XBCPIK, 81, C:\\i2r-storage\\FullData\\Normal\\77e42555\\PN1FRGDN\\A4XBCPIK
77e42555, A5ZNC5IK, 133, C:\\i2r-storage\\FullData\\Normal\\77e42555\\PN1FRGDN\\A5ZNC5IK
77e42555, AAQBC5IK, 97, C:\\i2r-storage\\FullData\\Normal\\77e42555\\PN1FRGDN\\AAQBC5IK
77e42555, UES30CF0, 93, C:\\i2r-storage\\FullData\\Normal\\77e42555\\PN1FRGDN\\UES30CF0
77e42555, ZUSTCQUO, 81, C:\\i2r-storage\\FullData\\Normal\\77e42555\\PN1FRGDN\\ZUSTCQUO
781c605c, LA5JGIWO, 45, C:\\i2r-storage\\FullData\\Normal\\781c605c\\NLRRQIDK\\LA5JGIWO
781c605c, MB0SROJH, 63, C:\\i2r-storage\\FullData\\Normal\\781c605c\\NLRRQIDK\\MB0SROJH
781c605c, NXOSI4JH, 45, C:\\i2r-storage\\FullData\\Normal\\781c605c\\NLRRQIDK\\NXOSI4JH
781c605c, U1QCWVSP, 46, C:\\i2r-storage\\FullData\\Normal\\781c605c\\NLRRQIDK\\U1QCWVSP
79408454, 3QMMLYHU, 65, C:\\i2r-storage\\FullData\\Normal\\79408454\\MDKXRFTM\\3QMMLYHU
79408454, 5132FX2W, 105, C:\\i2r-storage\\FullData\\Normal\\79408454\\MDKXRFTM\\5132FX2W
79408454, 5EUQFX2W, 147, C:\\i2r-storage\\FullData\\Normal\\79408454\\MDKXRFTM\\5EUQFX2W
79408454, 5F02FH2W, 65, C:\\i2r-storage\\FullData\\Normal\\79408454\\MDKXRFTM\\5F02FH2W
79408454, DNTZIQUU, 65, C:\\i2r-storage\\FullData\\Normal\\79408454\\MDKXRFTM\\DNTZIQUU
79efb594, CMD5WT15, 79, C:\\i2r-storage\\FullData\\Normal\\79efb594\\JVCOJDZW\\CMD5WT15
79efb594, IHCYJLMH, 79, C:\\i2r-storage\\FullData\\Normal\\79efb594\\JVCOJDZW\\IHCYJLMH
79efb594, K4T5OMP1, 99, C:\\i2r-storage\\FullData\\Normal\\79efb594\\JVCOJDZW\\K4T5OMP1
79efb594, KAU5O2P1, 79, C:\\i2r-storage\\FullData\\Normal\\79efb594\\JVCOJDZW\\KAU5O2P1
79efb594, KB0TOMP1, 129, C:\\i2r-storage\\FullData\\Normal\\79efb594\\JVCOJDZW\\KB0TOMP1
7ac5f505, ASHZOO2Z, 95, C:\\i2r-storage\\FullData\\Normal\\7ac5f505\\O1KVRGDN\\ASHZOO2Z
7ac5f505, AWJVO42Z, 95, C:\\i2r-storage\\FullData\\Normal\\7ac5f505\\O1KVRGDN\\AWJVO42Z
7ac5f505, BO1TIBXS, 95, C:\\i2r-storage\\FullData\\Normal\\7ac5f505\\O1KVRGDN\\BO1TIBXS
7ac5f505, MP1VAORV, 95, C:\\i2r-storage\\FullData\\Normal\\7ac5f505\\O1KVRGDN\\MP1VAORV
7d0e0b63, O20FS5WL, 101, C:\\i2r-storage\\FullData\\Normal\\7d0e0b63\\DMTPRF1M\\O20FS5WL
7d0e0b63, TCMKABYH, 115, C:\\i2r-storage\\FullData\\Normal\\7d0e0b63\\DMTPRF1M\\TCMKABYH
7d0e0b63, TGCGARYH, 101, C:\\i2r-storage\\FullData\\Normal\\7d0e0b63\\DMTPRF1M\\TGCGARYH
7d0e0b63, W1MOQFCH, 101, C:\\i2r-storage\\FullData\\Normal\\7d0e0b63\\DMTPRF1M\\W1MOQFCH
83aa52c3, C2K35FF1, 123, C:\\i2r-storage\\FullData\\Normal\\83aa52c3\\OJLPRF1K\\C2K35FF1
83aa52c3, JMZUEJYC, 123, C:\\i2r-storage\\FullData\\Normal\\83aa52c3\\OJLPRF1K\\JMZUEJYC
83aa52c3, JS4UEZYC, 123, C:\\i2r-storage\\FullData\\Normal\\83aa52c3\\OJLPRF1K\\JS4UEZYC
83aa52c3, JTQYEJYC, 141, C:\\i2r-storage\\FullData\\Normal\\83aa52c3\\OJLPRF1K\\JTQYEJYC
83aa52c3, PZXRIYH5, 123, C:\\i2r-storage\\FullData\\Normal\\83aa52c3\\OJLPRF1K\\PZXRIYH5
83f39023, 5T4CSIU3, 95, C:\\i2r-storage\\FullData\\Normal\\83f39023\\O3TERF1P\\5T4CSIU3
83f39023, PAR24IZN, 103, C:\\i2r-storage\\FullData\\Normal\\83f39023\\O3TERF1P\\PAR24IZN
83f39023, PE5Q4YZN, 95, C:\\i2r-storage\\FullData\\Normal\\83f39023\\O3TERF1P\\PE5Q4YZN
83f39023, SMPXZP3S, 95, C:\\i2r-storage\\FullData\\Normal\\83f39023\\O3TERF1P\\SMPXZP3S
85555a25, KW43TZEV, 35, C:\\i2r-storage\\FullData\\Normal\\85555a25\\ZLDZHUKA\\KW43TZEV
85555a25, LX4NTZEV, 35, C:\\i2r-storage\\FullData\\Normal\\85555a25\\ZLDZHUKA\\LX4NTZEV
85555a25, NF4NTZEV, 161, C:\\i2r-storage\\FullData\\Normal\\85555a25\\ZLDZHUKA\\NF4NTZEV
87a7799a, K4G53B0T, 111, C:\\i2r-storage\\FullData\\Normal\\87a7799a\\ME45QILK\\K4G53B0T
87a7799a, KEYQKSDN, 111, C:\\i2r-storage\\FullData\\Normal\\87a7799a\\ME45QILK\\KEYQKSDN
87a7799a, QLD2GZ2E, 121, C:\\i2r-storage\\FullData\\Normal\\87a7799a\\ME45QILK\\QLD2GZ2E
87a7799a, QUKQGZ2E, 143, C:\\i2r-storage\\FullData\\Normal\\87a7799a\\ME45QILK\\QUKQGZ2E
87a7799a, QVE2GJ2E, 111, C:\\i2r-storage\\FullData\\Normal\\87a7799a\\ME45QILK\\QVE2GJ2E
88bbabd6, B0N1RI5U, 143, C:\\i2r-storage\\FullData\\Normal\\88bbabd6\\LFYV21EC\\B0N1RI5U
88bbabd6, BDNTRI5U, 44, C:\\i2r-storage\\FullData\\Normal\\88bbabd6\\LFYV21EC\\BDNTRI5U
88bbabd6, HPN1RI5U, 44, C:\\i2r-storage\\FullData\\Normal\\88bbabd6\\LFYV21EC\\HPN1RI5U
8db25ba5, 4UUAYWPM, 42, C:\\i2r-storage\\FullData\\Normal\\8db25ba5\\AYZ5QKTE\\4UUAYWPM
8db25ba5, 5IAABGPM, 52, C:\\i2r-storage\\FullData\\Normal\\8db25ba5\\AYZ5QKTE\\5IAABGPM
8db25ba5, WTON4OQ5, 42, C:\\i2r-storage\\FullData\\Normal\\8db25ba5\\AYZ5QKTE\\WTON4OQ5
8db25ba5, XMOJ4OQ5, 42, C:\\i2r-storage\\FullData\\Normal\\8db25ba5\\AYZ5QKTE\\XMOJ4OQ5
8e74b56e, DPC2SA55, 81, C:\\i2r-storage\\FullData\\Normal\\8e74b56e\\CVTEREDL\\DPC2SA55
8e74b56e, DRF2SQ55, 97, C:\\i2r-storage\\FullData\\Normal\\8e74b56e\\CVTEREDL\\DRF2SQ55
8e74b56e, OP1SE4SB, 81, C:\\i2r-storage\\FullData\\Normal\\8e74b56e\\CVTEREDL\\OP1SE4SB
8e74b56e, 3TJW4XTD, 129, C:\\i2r-storage\\FullData\\Normal\\8e74b56e\\WQ0QRF1K\\3TJW4XTD
8e74b56e, PORMEA4A, 81, C:\\i2r-storage\\FullData\\Normal\\8e74b56e\\WQ0QRF1K\\PORMEA4A
8f577820, 3PO535I3, 105, C:\\i2r-storage\\FullData\\Normal\\8f577820\\I1SXRFTN\\3PO535I3
8f577820, 5Z5CWCQK, 105, C:\\i2r-storage\\FullData\\Normal\\8f577820\\I1SXRFTN\\5Z5CWCQK
8f577820, T5SURW5O, 105, C:\\i2r-storage\\FullData\\Normal\\8f577820\\I1SXRFTN\\T5SURW5O
8f577820, TA1YRW5O, 157, C:\\i2r-storage\\FullData\\Normal\\8f577820\\I1SXRFTN\\TA1YRW5O
8f577820, TBVURG5O, 105, C:\\i2r-storage\\FullData\\Normal\\8f577820\\I1SXRFTN\\TBVURG5O
8fb88b3e, E0PT3X5E, 129, C:\\i2r-storage\\FullData\\Normal\\8fb88b3e\\M2DMRF1N\\E0PT3X5E
8fb88b3e, EEIT3H5E, 109, C:\\i2r-storage\\FullData\\Normal\\8fb88b3e\\M2DMRF1N\\EEIT3H5E
8fb88b3e, EFG53X5E, 143, C:\\i2r-storage\\FullData\\Normal\\8fb88b3e\\M2DMRF1N\\EFG53X5E
8fb88b3e, FRIYPUBB, 105, C:\\i2r-storage\\FullData\\Normal\\8fb88b3e\\M2DMRF1N\\FRIYPUBB
8fb88b3e, LOS3Q52R, 109, C:\\i2r-storage\\FullData\\Normal\\8fb88b3e\\M2DMRF1N\\LOS3Q52R
8fd43684, BT1MOO05, 93, C:\\i2r-storage\\FullData\\Normal\\8fd43684\\EI1BRFTM\\BT1MOO05
8fd43684, KPRXKENK, 93, C:\\i2r-storage\\FullData\\Normal\\8fd43684\\EI1BRFTM\\KPRXKENK
8fd43684, RG442I4G, 105, C:\\i2r-storage\\FullData\\Normal\\8fd43684\\EI1BRFTM\\RG442I4G
8fd43684, RYZ42Y4G, 93, C:\\i2r-storage\\FullData\\Normal\\8fd43684\\EI1BRFTM\\RYZ42Y4G
8fd43684, RZXS2I4G, 137, C:\\i2r-storage\\FullData\\Normal\\8fd43684\\EI1BRFTM\\RZXS2I4G
90b82db2, A4HYOYN3, 69, C:\\i2r-storage\\FullData\\Normal\\90b82db2\\SZLARG1K\\A4HYOYN3
90b82db2, A5JUOIN3, 161, C:\\i2r-storage\\FullData\\Normal\\90b82db2\\SZLARG1K\\A5JUOIN3
90b82db2, AAAYOIN3, 95, C:\\i2r-storage\\FullData\\Normal\\90b82db2\\SZLARG1K\\AAAYOIN3
90b82db2, LS13IA2P, 69, C:\\i2r-storage\\FullData\\Normal\\90b82db2\\SZLARG1K\\LS13IA2P
90b82db2, SGKDJAW1, 81, C:\\i2r-storage\\FullData\\Normal\\90b82db2\\SZLARG1K\\SGKDJAW1
90db0ae6, 1IRO44MB, 145, C:\\i2r-storage\\FullData\\Normal\\90db0ae6\\DPKQRG1P\\1IRO44MB
90db0ae6, 1J5C4OMB, 109, C:\\i2r-storage\\FullData\\Normal\\90db0ae6\\DPKQRG1P\\1J5C4OMB
90db0ae6, 1XYC44MB, 123, C:\\i2r-storage\\FullData\\Normal\\90db0ae6\\DPKQRG1P\\1XYC44MB
90db0ae6, 2B5C0IGH, 109, C:\\i2r-storage\\FullData\\Normal\\90db0ae6\\DPKQRG1P\\2B5C0IGH
90db0ae6, RGEL0OJQ, 109, C:\\i2r-storage\\FullData\\Normal\\90db0ae6\\DPKQRG1P\\RGEL0OJQ
91d3fa3a, 254CAGMT, 122, C:\\i2r-storage\\FullData\\Normal\\91d3fa3a\\OHCRREDL\\254CAGMT
91d3fa3a, 2AXOAGMT, 145, C:\\i2r-storage\\FullData\\Normal\\91d3fa3a\\OHCRREDL\\2AXOAGMT
91d3fa3a, 2BZCAWMT, 111, C:\\i2r-storage\\FullData\\Normal\\91d3fa3a\\OHCRREDL\\2BZCAWMT
91d3fa3a, 3GK1GDJH, 111, C:\\i2r-storage\\FullData\\Normal\\91d3fa3a\\OHCRREDL\\3GK1GDJH
91d3fa3a, C0YNXOGZ, 111, C:\\i2r-storage\\FullData\\Normal\\91d3fa3a\\OHCRREDL\\C0YNXOGZ
91fea19d, 01KGNLMD, 43, C:\\i2r-storage\\FullData\\Normal\\91fea19d\\EYZFQILN\\01KGNLMD
91fea19d, 1QLGM1MD, 43, C:\\i2r-storage\\FullData\\Normal\\91fea19d\\EYZFQILN\\1QLGM1MD
91fea19d, IAJY5ZSC, 99, C:\\i2r-storage\\FullData\\Normal\\91fea19d\\EYZFQILN\\IAJY5ZSC
91fea19d, Z1LGM1MD, 32, C:\\i2r-storage\\FullData\\Normal\\91fea19d\\EYZFQILN\\Z1LGM1MD
92f4f8b6, GQUZKRIL, 96, C:\\i2r-storage\\FullData\\Normal\\92f4f8b6\\SVO4QI1L\\GQUZKRIL
92f4f8b6, HCFETBIL, 74, C:\\i2r-storage\\FullData\\Normal\\92f4f8b6\\SVO4QI1L\\HCFETBIL
92f4f8b6, HDMYTBIL, 145, C:\\i2r-storage\\FullData\\Normal\\92f4f8b6\\SVO4QI1L\\HDMYTBIL
92f4f8b6, W05T1VP4, 71, C:\\i2r-storage\\FullData\\Normal\\92f4f8b6\\SVO4QI1L\\W05T1VP4
92f4f8b6, Z35UGLY1, 74, C:\\i2r-storage\\FullData\\Normal\\92f4f8b6\\SVO4QI1L\\Z35UGLY1
94ac3218, 02IMGS3F, 73, C:\\i2r-storage\\FullData\\Normal\\94ac3218\\TIDVRGTL\\02IMGS3F
94ac3218, 04KBAVMF, 73, C:\\i2r-storage\\FullData\\Normal\\94ac3218\\TIDVRGTL\\04KBAVMF
94ac3218, ZOSZCZ3K, 101, C:\\i2r-storage\\FullData\\Normal\\94ac3218\\TIDVRGTL\\ZOSZCZ3K
94ac3218, ZQVZCJ3K, 121, C:\\i2r-storage\\FullData\\Normal\\94ac3218\\TIDVRGTL\\ZQVZCJ3K
94ac3218, ZU1VCZ3K, 73, C:\\i2r-storage\\FullData\\Normal\\94ac3218\\TIDVRGTL\\ZU1VCZ3K
98c5b102, JJHTF403, 101, C:\\i2r-storage\\FullData\\Normal\\98c5b102\\OB0URFTJ\\JJHTF403
98c5b102, PMJSCOSD, 161, C:\\i2r-storage\\FullData\\Normal\\98c5b102\\OB0URFTJ\\PMJSCOSD
98c5b102, PNH4C4SD, 101, C:\\i2r-storage\\FullData\\Normal\\98c5b102\\OB0URFTJ\\PNH4C4SD
98c5b102, PTA4COSD, 101, C:\\i2r-storage\\FullData\\Normal\\98c5b102\\OB0URFTJ\\PTA4COSD
98c5b102, V0ZC1Q0Y, 101, C:\\i2r-storage\\FullData\\Normal\\98c5b102\\OB0URFTJ\\V0ZC1Q0Y
9b3a7d8f, C5GIHBUS, 71, C:\\i2r-storage\\FullData\\Normal\\9b3a7d8f\\JHLQRFTJ\\C5GIHBUS
9b3a7d8f, CMBNAW3K, 71, C:\\i2r-storage\\FullData\\Normal\\9b3a7d8f\\JHLQRFTJ\\CMBNAW3K
9b3a7d8f, YIWZNJ5D, 101, C:\\i2r-storage\\FullData\\Normal\\9b3a7d8f\\JHLQRFTJ\\YIWZNJ5D
9b3a7d8f, YWRZNZ5D, 71, C:\\i2r-storage\\FullData\\Normal\\9b3a7d8f\\JHLQRFTJ\\YWRZNZ5D
9b3a7d8f, YX5VNJ5D, 109, C:\\i2r-storage\\FullData\\Normal\\9b3a7d8f\\JHLQRFTJ\\YX5VNJ5D
9cc7a22e, 2N12E1CF, 81, C:\\i2r-storage\\FullData\\Normal\\9cc7a22e\\XPPBRELI\\2N12E1CF
9cc7a22e, BS2GR3A3, 81, C:\\i2r-storage\\FullData\\Normal\\9cc7a22e\\XPPBRELI\\BS2GR3A3
9cc7a22e, BWSKRNA3, 117, C:\\i2r-storage\\FullData\\Normal\\9cc7a22e\\XPPBRELI\\BWSKRNA3
9cc7a22e, YQ0DJFF1, 81, C:\\i2r-storage\\FullData\\Normal\\9cc7a22e\\XPPBRELI\\YQ0DJFF1
9e9f9072, BAYNJ4U2, 37, C:\\i2r-storage\\FullData\\Normal\\9e9f9072\\MYBSQKDH\\BAYNJ4U2
9e9f9072, WSIWSDHO, 63, C:\\i2r-storage\\FullData\\Normal\\9e9f9072\\MYBSQKDH\\WSIWSDHO
9e9f9072, WXASSDHO, 53, C:\\i2r-storage\\FullData\\Normal\\9e9f9072\\MYBSQKDH\\WXASSDHO
9e9f9072, XBUSLTHO, 36, C:\\i2r-storage\\FullData\\Normal\\9e9f9072\\MYBSQKDH\\XBUSLTHO
9e9f9072, XDDKL2UC, 37, C:\\i2r-storage\\FullData\\Normal\\9e9f9072\\MYBSQKDH\\XDDKL2UC
a028fec4, 13E3KION, 105, C:\\i2r-storage\\FullData\\Normal\\a028fec4\\VETUREDH\\13E3KION
a028fec4, 1CNRKION, 137, C:\\i2r-storage\\FullData\\Normal\\a028fec4\\VETUREDH\\1CNRKION
a028fec4, 1DD3KYON, 81, C:\\i2r-storage\\FullData\\Normal\\a028fec4\\VETUREDH\\1DD3KYON
a028fec4, BDS4VEZL, 81, C:\\i2r-storage\\FullData\\Normal\\a028fec4\\VETUREDH\\BDS4VEZL
a028fec4, CHV4NPCZ, 81, C:\\i2r-storage\\FullData\\Normal\\a028fec4\\VETUREDH\\CHV4NPCZ
a16bab15, 3D5JY3C0, 81, C:\\i2r-storage\\FullData\\Normal\\a16bab15\\IZ1ERF1K\\3D5JY3C0
a16bab15, KIY15CVH, 81, C:\\i2r-storage\\FullData\\Normal\\a16bab15\\IZ1ERF1K\\KIY15CVH
a16bab15, QKUKYIQC, 109, C:\\i2r-storage\\FullData\\Normal\\a16bab15\\IZ1ERF1K\\QKUKYIQC
a16bab15, QO0GYYQC, 81, C:\\i2r-storage\\FullData\\Normal\\a16bab15\\IZ1ERF1K\\QO0GYYQC
a1b13ed0, JPDNQO0B, 50, C:\\i2r-storage\\FullData\\Normal\\a1b13ed0\\CAWOQJ1J\\JPDNQO0B
a1b13ed0, OJCZQ40B, 50, C:\\i2r-storage\\FullData\\Normal\\a1b13ed0\\CAWOQJ1J\\OJCZQ40B
a1b13ed0, SATEWXME, 50, C:\\i2r-storage\\FullData\\Normal\\a1b13ed0\\CAWOQJ1J\\SATEWXME
a1b13ed0, T2HEPHME, 70, C:\\i2r-storage\\FullData\\Normal\\a1b13ed0\\CAWOQJ1J\\T2HEPHME
a1b13ed0, TYPAPHME, 62, C:\\i2r-storage\\FullData\\Normal\\a1b13ed0\\CAWOQJ1J\\TYPAPHME
a2a82803, GZ3VUY4U, 97, C:\\i2r-storage\\FullData\\Normal\\a2a82803\\LLO5QJTM\\GZ3VUY4U
a2a82803, UYCTQDF3, 97, C:\\i2r-storage\\FullData\\Normal\\a2a82803\\LLO5QJTM\\UYCTQDF3
a2a82803, YC50CFQ4, 97, C:\\i2r-storage\\FullData\\Normal\\a2a82803\\LLO5QJTM\\YC50CFQ4
a2a82803, YGRWCVQ4, 111, C:\\i2r-storage\\FullData\\Normal\\a2a82803\\LLO5QJTM\\YGRWCVQ4
a3186eda, JP5LSYWC, 38, C:\\i2r-storage\\FullData\\Normal\\a3186eda\\ADA3BD1N\\JP5LSYWC
a3186eda, NF4REJNG, 92, C:\\i2r-storage\\FullData\\Normal\\a3186eda\\ADA3BD1N\\NF4REJNG
a3186eda, OL4LTIWC, 38, C:\\i2r-storage\\FullData\\Normal\\a3186eda\\ADA3BD1N\\OL4LTIWC
a410eb25, NLSYSR2Z, 112, C:\\i2r-storage\\FullData\\Normal\\a410eb25\\DHTRRFTJ\\NLSYSR2Z
a410eb25, NP2USB2Z, 81, C:\\i2r-storage\\FullData\\Normal\\a410eb25\\DHTRRFTJ\\NP2USB2Z
a410eb25, O4AZQGRY, 81, C:\\i2r-storage\\FullData\\Normal\\a410eb25\\DHTRRFTJ\\O4AZQGRY
a410eb25, XQNQZ1QV, 81, C:\\i2r-storage\\FullData\\Normal\\a410eb25\\DHTRRFTJ\\XQNQZ1QV
a7072065, 5ORWC5YT, 109, C:\\i2r-storage\\FullData\\Normal\\a7072065\\PLK4RF1H\\5ORWC5YT
a7072065, 5QWWCPYT, 97, C:\\i2r-storage\\FullData\\Normal\\a7072065\\PLK4RF1H\\5QWWCPYT
a7072065, 5RY0C5YT, 149, C:\\i2r-storage\\FullData\\Normal\\a7072065\\PLK4RF1H\\5RY0C5YT
a7072065, B2MTHNMY, 97, C:\\i2r-storage\\FullData\\Normal\\a7072065\\PLK4RF1H\\B2MTHNMY
a7072065, NPZOGRS3, 97, C:\\i2r-storage\\FullData\\Normal\\a7072065\\PLK4RF1H\\NPZOGRS3
a7f101cb, 5TDFDMQT, 87, C:\\i2r-storage\\FullData\\Normal\\a7f101cb\\OFSOJBZ3\\5TDFDMQT
a7f101cb, HLCUFOIF, 104, C:\\i2r-storage\\FullData\\Normal\\a7f101cb\\OFSOJBZ3\\HLCUFOIF
a7f101cb, HRLYFOIF, 69, C:\\i2r-storage\\FullData\\Normal\\a7f101cb\\OFSOJBZ3\\HRLYFOIF
a7f101cb, HULYFOIF, 137, C:\\i2r-storage\\FullData\\Normal\\a7f101cb\\OFSOJBZ3\\HULYFOIF
a7f101cb, HVFUF4IF, 87, C:\\i2r-storage\\FullData\\Normal\\a7f101cb\\OFSOJBZ3\\HVFUF4IF
a7f101cb, MHOYNB3M, 87, C:\\i2r-storage\\FullData\\Normal\\a7f101cb\\OFSOJBZ3\\MHOYNB3M
a9cf7c2f, 0RLOPPRZ, 40, C:\\i2r-storage\\FullData\\Normal\\a9cf7c2f\\UFWOQK1N\\0RLOPPRZ
a9cf7c2f, 1JXKW5RZ, 53, C:\\i2r-storage\\FullData\\Normal\\a9cf7c2f\\UFWOQK1N\\1JXKW5RZ
a9cf7c2f, 1N5OW5RZ, 73, C:\\i2r-storage\\FullData\\Normal\\a9cf7c2f\\UFWOQK1N\\1N5OW5RZ
a9cf7c2f, 1TPGTPRZ, 46, C:\\i2r-storage\\FullData\\Normal\\a9cf7c2f\\UFWOQK1N\\1TPGTPRZ
a9cf7c2f, RMLZ1R4P, 40, C:\\i2r-storage\\FullData\\Normal\\a9cf7c2f\\UFWOQK1N\\RMLZ1R4P
a9cf7c2f, RSLV1R4P, 40, C:\\i2r-storage\\FullData\\Normal\\a9cf7c2f\\UFWOQK1N\\RSLV1R4P
ac7d60a3, ILVGSYD3, 71, C:\\i2r-storage\\FullData\\Normal\\ac7d60a3\\CVLVRE1P\\ILVGSYD3
ac7d60a3, IP1KSID3, 103, C:\\i2r-storage\\FullData\\Normal\\ac7d60a3\\CVLVRE1P\\IP1KSID3
ac7d60a3, KB3WPSA4, 67, C:\\i2r-storage\\FullData\\Normal\\ac7d60a3\\CVLVRE1P\\KB3WPSA4
ac7d60a3, QDSV3SCS, 71, C:\\i2r-storage\\FullData\\Normal\\ac7d60a3\\CVLVRE1P\\QDSV3SCS
acf549ab, 3E2GH345, 85, C:\\i2r-storage\\FullData\\Normal\\acf549ab\\OJSTRFTP\\3E2GH345
acf549ab, DQKKZGJ0, 97, C:\\i2r-storage\\FullData\\Normal\\acf549ab\\OJSTRFTP\\DQKKZGJ0
acf549ab, DUEGZWJ0, 73, C:\\i2r-storage\\FullData\\Normal\\acf549ab\\OJSTRFTP\\DUEGZWJ0
acf549ab, W0QSCDCA, 73, C:\\i2r-storage\\FullData\\Normal\\acf549ab\\OJSTRFTP\\W0QSCDCA
ae3f88f2, 3YV0BRVU, 38, C:\\i2r-storage\\FullData\\Normal\\ae3f88f2\\LFB0SX4B\\3YV0BRVU
ae3f88f2, 5YV0BRVU, 94, C:\\i2r-storage\\FullData\\Normal\\ae3f88f2\\LFB0SX4B\\5YV0BRVU
ae3f88f2, ZAVWBRVU, 38, C:\\i2r-storage\\FullData\\Normal\\ae3f88f2\\LFB0SX4B\\ZAVWBRVU
ae61f469, 1Y20B2UN, 91, C:\\i2r-storage\\FullData\\Normal\\ae61f469\\CVLVRG1I\\1Y20B2UN
ae61f469, 3WKI2A3L, 91, C:\\i2r-storage\\FullData\\Normal\\ae61f469\\CVLVRG1I\\3WKI2A3L
ae61f469, R3MVRXQ1, 91, C:\\i2r-storage\\FullData\\Normal\\ae61f469\\CVLVRG1I\\R3MVRXQ1
ae61f469, RCFZRXQ1, 133, C:\\i2r-storage\\FullData\\Normal\\ae61f469\\CVLVRG1I\\RCFZRXQ1
ae61f469, RDLVRHQ1, 91, C:\\i2r-storage\\FullData\\Normal\\ae61f469\\CVLVRG1I\\RDLVRHQ1
ae7ea49e, U33VVMSY, 95, C:\\i2r-storage\\FullData\\Normal\\ae7ea49e\\EQ1TRFDH\\U33VVMSY
ae7ea49e, XUJOPVS0, 255, C:\\i2r-storage\\FullData\\Normal\\ae7ea49e\\EQ1TRFDH\\XUJOPVS0
ae7ea49e, XYHCPFS0, 95, C:\\i2r-storage\\FullData\\Normal\\ae7ea49e\\EQ1TRFDH\\XYHCPFS0
b16dfbbb, 21SAAVRA, 107, C:\\i2r-storage\\FullData\\Normal\\b16dfbbb\\DIK5RE1J\\21SAAVRA
b16dfbbb, 2X2MAFRA, 189, C:\\i2r-storage\\FullData\\Normal\\b16dfbbb\\DIK5RE1J\\2X2MAFRA
b16dfbbb, EWC2EXY5, 107, C:\\i2r-storage\\FullData\\Normal\\b16dfbbb\\DIK5RE1J\\EWC2EXY5
b16dfbbb, LKR2YLJV, 107, C:\\i2r-storage\\FullData\\Normal\\b16dfbbb\\DIK5RE1J\\LKR2YLJV
b306fac7, 1CA02WJA, 73, C:\\i2r-storage\\FullData\\Normal\\b306fac7\\VS0PJDBU\\1CA02WJA
b306fac7, 1OOW2GJA, 261, C:\\i2r-storage\\FullData\\Normal\\b306fac7\\VS0PJDBU\\1OOW2GJA
b306fac7, 3KGUFJEQ, 73, C:\\i2r-storage\\FullData\\Normal\\b306fac7\\VS0PJDBU\\3KGUFJEQ
b306fac7, GCWNRLOM, 73, C:\\i2r-storage\\FullData\\Normal\\b306fac7\\VS0PJDBU\\GCWNRLOM
b362e9bb, 02OUPSGM, 81, C:\\i2r-storage\\FullData\\Normal\\b362e9bb\\DELTRG1K\\02OUPSGM
b362e9bb, IKDQCJZJ, 81, C:\\i2r-storage\\FullData\\Normal\\b362e9bb\\DELTRG1K\\IKDQCJZJ
b362e9bb, ION2CZZJ, 81, C:\\i2r-storage\\FullData\\Normal\\b362e9bb\\DELTRG1K\\ION2CZZJ
b362e9bb, MDCV2EUF, 81, C:\\i2r-storage\\FullData\\Normal\\b362e9bb\\DELTRG1K\\MDCV2EUF
b4971009, 2ONOXRIX, 91, C:\\i2r-storage\\FullData\\Normal\\b4971009\\LFPCRGTJ\\2ONOXRIX
b4971009, FOQ2QMJW, 149, C:\\i2r-storage\\FullData\\Normal\\b4971009\\LFPCRGTJ\\FOQ2QMJW
b4971009, FP4QQ2JW, 91, C:\\i2r-storage\\FullData\\Normal\\b4971009\\LFPCRGTJ\\FP4QQ2JW
b4971009, FRZQQMJW, 99, C:\\i2r-storage\\FullData\\Normal\\b4971009\\LFPCRGTJ\\FRZQQMJW
b4971009, IWOT0KW2, 91, C:\\i2r-storage\\FullData\\Normal\\b4971009\\LFPCRGTJ\\IWOT0KW2
b5d09186, CB5XEUU3, 87, C:\\i2r-storage\\FullData\\Normal\\b5d09186\\OHDXRFTI\\CB5XEUU3
b5d09186, QJY2IVVJ, 91, C:\\i2r-storage\\FullData\\Normal\\b5d09186\\OHDXRFTI\\QJY2IVVJ
b5d09186, R023JICP, 115, C:\\i2r-storage\\FullData\\Normal\\b5d09186\\OHDXRFTI\\R023JICP
b5d09186, R4SRJYCP, 91, C:\\i2r-storage\\FullData\\Normal\\b5d09186\\OHDXRFTI\\R4SRJYCP
b9ff0910, 2GXDUGYX, 121, C:\\i2r-storage\\FullData\\Normal\\b9ff0910\\UIKTRFTM\\2GXDUGYX
b9ff0910, BRS5UDHH, 121, C:\\i2r-storage\\FullData\\Normal\\b9ff0910\\UIKTRFTM\\BRS5UDHH
b9ff0910, R2S0Q3MZ, 161, C:\\i2r-storage\\FullData\\Normal\\b9ff0910\\UIKTRFTM\\R2S0Q3MZ
b9ff0910, R32WQNMZ, 121, C:\\i2r-storage\\FullData\\Normal\\b9ff0910\\UIKTRFTM\\R32WQNMZ
b9ff0910, RD1WQ3MZ, 121, C:\\i2r-storage\\FullData\\Normal\\b9ff0910\\UIKTRFTM\\RD1WQ3MZ
bb0e7640, JLQHNPLZ, 97, C:\\i2r-storage\\FullData\\Normal\\bb0e7640\\EILFRFLP\\JLQHNPLZ
bb0e7640, JUZLNPLZ, 141, C:\\i2r-storage\\FullData\\Normal\\bb0e7640\\EILFRFLP\\JUZLNPLZ
bb0e7640, JVXHN5LZ, 97, C:\\i2r-storage\\FullData\\Normal\\bb0e7640\\EILFRFLP\\JVXHN5LZ
bb0e7640, QMSIDQDQ, 97, C:\\i2r-storage\\FullData\\Normal\\bb0e7640\\EILFRFLP\\QMSIDQDQ
bb0e7640, ZV1SLVYJ, 97, C:\\i2r-storage\\FullData\\Normal\\bb0e7640\\EILFRFLP\\ZV1SLVYJ
bfdb896b, Q55YNGDX, 273, C:\\i2r-storage\\FullData\\Normal\\bfdb896b\\NPKRRELM\\Q55YNGDX
bfdb896b, QTRUNWDX, 91, C:\\i2r-storage\\FullData\\Normal\\bfdb896b\\NPKRRELM\\QTRUNWDX
bfdb896b, VB01HQ2D, 91, C:\\i2r-storage\\FullData\\Normal\\bfdb896b\\NPKRRELM\\VB01HQ2D
bfdb896b, Y0BEY45W, 91, C:\\i2r-storage\\FullData\\Normal\\bfdb896b\\NPKRRELM\\Y0BEY45W
c181fd78, TBLKRHYV, 93, C:\\i2r-storage\\FullData\\Normal\\c181fd78\\OYTERELL\\TBLKRHYV
c181fd78, USTWRHYV, 121, C:\\i2r-storage\\FullData\\Normal\\c181fd78\\OYTERELL\\USTWRHYV
c181fd78, UZ1SRHYV, 81, C:\\i2r-storage\\FullData\\Normal\\c181fd78\\OYTERELL\\UZ1SRHYV
c181fd78, V2O1S5YA, 81, C:\\i2r-storage\\FullData\\Normal\\c181fd78\\OYTERELL\\V2O1S5YA
c181fd78, XE5WF5S4, 81, C:\\i2r-storage\\FullData\\Normal\\c181fd78\\OYTERELL\\XE5WF5S4
c8903481, 2P5VEQVQ, 133, C:\\i2r-storage\\FullData\\Normal\\c8903481\\LIKQRG1M\\2P5VEQVQ
c8903481, IMQRJ4MU, 145, C:\\i2r-storage\\FullData\\Normal\\c8903481\\LIKQRG1M\\IMQRJ4MU
c8903481, ISXRJOMU, 133, C:\\i2r-storage\\FullData\\Normal\\c8903481\\LIKQRG1M\\ISXRJOMU
c8903481, ITZ3J4MU, 157, C:\\i2r-storage\\FullData\\Normal\\c8903481\\LIKQRG1M\\ITZ3J4MU
c8903481, JG25YREJ, 133, C:\\i2r-storage\\FullData\\Normal\\c8903481\\LIKQRG1M\\JG25YREJ
c9b71938, 3FYNG0K5, 45, C:\\i2r-storage\\FullData\\Normal\\c9b71938\\TF4HQJ1P\\3FYNG0K5
c9b71938, 5LFEXIMP, 48, C:\\i2r-storage\\FullData\\Normal\\c9b71938\\TF4HQJ1P\\5LFEXIMP
c9b71938, GHBKWVZE, 48, C:\\i2r-storage\\FullData\\Normal\\c9b71938\\TF4HQJ1P\\GHBKWVZE
c9b71938, HRVKPFZE, 54, C:\\i2r-storage\\FullData\\Normal\\c9b71938\\TF4HQJ1P\\HRVKPFZE
cb12d67d, SORIOXOU, 45, C:\\i2r-storage\\FullData\\Normal\\cb12d67d\\KQ42QK1N\\SORIOXOU
cb12d67d, T0ANELYN, 45, C:\\i2r-storage\\FullData\\Normal\\cb12d67d\\KQ42QK1N\\T0ANELYN
cb12d67d, TSFIXHOU, 62, C:\\i2r-storage\\FullData\\Normal\\cb12d67d\\KQ42QK1N\\TSFIXHOU
cb12d67d, TWNMXHOU, 61, C:\\i2r-storage\\FullData\\Normal\\cb12d67d\\KQ42QK1N\\TWNMXHOU
cb12d67d, XJAZELYN, 45, C:\\i2r-storage\\FullData\\Normal\\cb12d67d\\KQ42QK1N\\XJAZELYN
cd05049c, D4D204DN, 97, C:\\i2r-storage\\FullData\\Normal\\cd05049c\\MQKRRG1N\\D4D204DN
cd05049c, DAE20ODN, 97, C:\\i2r-storage\\FullData\\Normal\\cd05049c\\MQKRRG1N\\DAE20ODN
cd05049c, DBKQ04DN, 129, C:\\i2r-storage\\FullData\\Normal\\cd05049c\\MQKRRG1N\\DBKQ04DN
cd05049c, FB1CWTYC, 93, C:\\i2r-storage\\FullData\\Normal\\cd05049c\\MQKRRG1N\\FB1CWTYC
cd05049c, JBP5N5O3, 97, C:\\i2r-storage\\FullData\\Normal\\cd05049c\\MQKRRG1N\\JBP5N5O3
cd90aa4a, 051WGCT0, 75, C:\\i2r-storage\\FullData\\Normal\\cd90aa4a\\CQG5QJDI\\051WGCT0
cd90aa4a, ULFNKZ54, 110, C:\\i2r-storage\\FullData\\Normal\\cd90aa4a\\CQG5QJDI\\ULFNKZ54
cd90aa4a, UPLBKJ54, 75, C:\\i2r-storage\\FullData\\Normal\\cd90aa4a\\CQG5QJDI\\UPLBKJ54
cd90aa4a, W4RNZMFN, 108, C:\\i2r-storage\\FullData\\Normal\\cd90aa4a\\CQG5QJDI\\W4RNZMFN
cf4811cc, QEM1TXRI, 38, C:\\i2r-storage\\FullData\\Normal\\cf4811cc\\YWRF3VQZ\\QEM1TXRI
cf4811cc, TFMDTXRI, 175, C:\\i2r-storage\\FullData\\Normal\\cf4811cc\\YWRF3VQZ\\TFMDTXRI
cf4811cc, WEMPTXRI, 38, C:\\i2r-storage\\FullData\\Normal\\cf4811cc\\YWRF3VQZ\\WEMPTXRI
d0465160, 4NIDZFLZ, 89, C:\\i2r-storage\\FullData\\Normal\\d0465160\\WJ1ERE1H\\4NIDZFLZ
d0465160, BPMZKQ1E, 109, C:\\i2r-storage\\FullData\\Normal\\d0465160\\WJ1ERE1H\\BPMZKQ1E
d0465160, BQFVKQ1E, 153, C:\\i2r-storage\\FullData\\Normal\\d0465160\\WJ1ERE1H\\BQFVKQ1E
d0465160, BRLZKA1E, 89, C:\\i2r-storage\\FullData\\Normal\\d0465160\\WJ1ERE1H\\BRLZKA1E
d0465160, K25QHM3J, 89, C:\\i2r-storage\\FullData\\Normal\\d0465160\\WJ1ERE1H\\K25QHM3J
d55a71f4, DNJVPLSD, 83, C:\\i2r-storage\\FullData\\Normal\\d55a71f4\\PRKOJDB0\\DNJVPLSD
d55a71f4, EE4NAALY, 83, C:\\i2r-storage\\FullData\\Normal\\d55a71f4\\PRKOJDB0\\EE4NAALY
d55a71f4, MHLWSUJ4, 93, C:\\i2r-storage\\FullData\\Normal\\d55a71f4\\PRKOJDB0\\MHLWSUJ4
d55a71f4, MYC0SUJ4, 127, C:\\i2r-storage\\FullData\\Normal\\d55a71f4\\PRKOJDB0\\MYC0SUJ4
d55a71f4, MZMWSEJ4, 83, C:\\i2r-storage\\FullData\\Normal\\d55a71f4\\PRKOJDB0\\MZMWSEJ4
da77e4a5, 3MMIAFOP, 81, C:\\i2r-storage\\FullData\\Normal\\da77e4a5\\AIDBRE1G\\3MMIAFOP
da77e4a5, 3NCEAVOP, 143, C:\\i2r-storage\\FullData\\Normal\\da77e4a5\\AIDBRE1G\\3NCEAVOP
da77e4a5, 3SLIAVOP, 113, C:\\i2r-storage\\FullData\\Normal\\da77e4a5\\AIDBRE1G\\3SLIAVOP
da77e4a5, 4VGR1DVC, 81, C:\\i2r-storage\\FullData\\Normal\\da77e4a5\\AIDBRE1G\\4VGR1DVC
da77e4a5, GZ3Z3AE1, 81, C:\\i2r-storage\\FullData\\Normal\\da77e4a5\\AIDBRE1G\\GZ3Z3AE1
dba3219c, CO20E5KM, 93, C:\\i2r-storage\\FullData\\Normal\\dba3219c\\MXTCRGTL\\CO20E5KM
dba3219c, DBA2YY31, 69, C:\\i2r-storage\\FullData\\Normal\\dba3219c\\MXTCRGTL\\DBA2YY31
dba3219c, DFOQYI31, 113, C:\\i2r-storage\\FullData\\Normal\\dba3219c\\MXTCRGTL\\DFOQYI31
dba3219c, PNQ4XHY1, 69, C:\\i2r-storage\\FullData\\Normal\\dba3219c\\MXTCRGTL\\PNQ4XHY1
dd96c693, QK4LHH35, 50, C:\\i2r-storage\\FullData\\Normal\\dd96c693\\U2JVQJDI\\QK4LHH35
dd96c693, VX4DHH35, 50, C:\\i2r-storage\\FullData\\Normal\\dd96c693\\U2JVQJDI\\VX4DHH35
dd96c693, X04PHH35, 60, C:\\i2r-storage\\FullData\\Normal\\dd96c693\\U2JVQJDI\\X04PHH35
dd96c693, XW4LHH35, 50, C:\\i2r-storage\\FullData\\Normal\\dd96c693\\U2JVQJDI\\XW4LHH35
de263f5c, 3DIOGRXF, 105, C:\\i2r-storage\\FullData\\Normal\\de263f5c\\OHTSREDN\\3DIOGRXF
de263f5c, 3ZQCGRXF, 105, C:\\i2r-storage\\FullData\\Normal\\de263f5c\\OHTSREDN\\3ZQCGRXF
de263f5c, GZ23LDT2, 105, C:\\i2r-storage\\FullData\\Normal\\de263f5c\\OHTSREDN\\GZ23LDT2
de263f5c, HAKJRI0G, 105, C:\\i2r-storage\\FullData\\Normal\\de263f5c\\OHTSREDN\\HAKJRI0G
e1aa56dd, OFNTFPIZ, 89, C:\\i2r-storage\\FullData\\Normal\\e1aa56dd\\E1DORFLH\\OFNTFPIZ
e1aa56dd, ONYGXTUQ, 89, C:\\i2r-storage\\FullData\\Normal\\e1aa56dd\\E1DORFLH\\ONYGXTUQ
e1aa56dd, PBUQRALY, 89, C:\\i2r-storage\\FullData\\Normal\\e1aa56dd\\E1DORFLH\\PBUQRALY
e1aa56dd, PF02RQLY, 89, C:\\i2r-storage\\FullData\\Normal\\e1aa56dd\\E1DORFLH\\PF02RQLY
e2309f85, 25MEKJFI, 85, C:\\i2r-storage\\FullData\\Normal\\e2309f85\\CQTVRFDG\\25MEKJFI
e2309f85, 34QNOJQ4, 133, C:\\i2r-storage\\FullData\\Normal\\e2309f85\\CQTVRFDG\\34QNOJQ4
e2309f85, 354BOZQ4, 85, C:\\i2r-storage\\FullData\\Normal\\e2309f85\\CQTVRFDG\\354BOZQ4
e2309f85, 3BZBOJQ4, 101, C:\\i2r-storage\\FullData\\Normal\\e2309f85\\CQTVRFDG\\3BZBOJQ4
e2309f85, SYBVRERM, 85, C:\\i2r-storage\\FullData\\Normal\\e2309f85\\CQTVRFDG\\SYBVRERM
e60ced41, 00TEIY34, 58, C:\\i2r-storage\\FullData\\Normal\\e60ced41\\AYOOQK1H\\00TEIY34
e60ced41, 1CPARI34, 65, C:\\i2r-storage\\FullData\\Normal\\e60ced41\\AYOOQK1H\\1CPARI34
e60ced41, 1GHERI34, 78, C:\\i2r-storage\\FullData\\Normal\\e60ced41\\AYOOQK1H\\1GHERI34
e60ced41, UNNJQJUV, 58, C:\\i2r-storage\\FullData\\Normal\\e60ced41\\AYOOQK1H\\UNNJQJUV
e60ced41, XCM3QJUV, 58, C:\\i2r-storage\\FullData\\Normal\\e60ced41\\AYOOQK1H\\XCM3QJUV
e6f19969, S1V5Y3EU, 85, C:\\i2r-storage\\FullData\\Normal\\e6f19969\\ETTARE1H\\S1V5Y3EU
e6f19969, SNKKBDVB, 85, C:\\i2r-storage\\FullData\\Normal\\e6f19969\\ETTARE1H\\SNKKBDVB
e6f19969, YHIYQ5R3, 301, C:\\i2r-storage\\FullData\\Normal\\e6f19969\\ETTARE1H\\YHIYQ5R3
e6f19969, YLGUQPR3, 85, C:\\i2r-storage\\FullData\\Normal\\e6f19969\\ETTARE1H\\YLGUQPR3
e9203021, LBY2YY4X, 93, C:\\i2r-storage\\FullData\\Normal\\e9203021\\THTMRGTM\\LBY2YY4X
e9203021, NKRWWYJL, 107, C:\\i2r-storage\\FullData\\Normal\\e9203021\\THTMRGTM\\NKRWWYJL
e9203021, NO50WIJL, 93, C:\\i2r-storage\\FullData\\Normal\\e9203021\\THTMRGTM\\NO50WIJL
e9203021, SEA1FGVX, 93, C:\\i2r-storage\\FullData\\Normal\\e9203021\\THTMRGTM\\SEA1FGVX
ed4f3199, 0SIEWTNM, 75, C:\\i2r-storage\\FullData\\Normal\\ed4f3199\\FEOSQILM\\0SIEWTNM
ed4f3199, IOWFAJDF, 38, C:\\i2r-storage\\FullData\\Normal\\ed4f3199\\FEOSQILM\\IOWFAJDF
ed4f3199, J1BW2LKC, 102, C:\\i2r-storage\\FullData\\Normal\\ed4f3199\\FEOSQILM\\J1BW2LKC
ed4f3199, J2BW2LKC, 203, C:\\i2r-storage\\FullData\\Normal\\ed4f3199\\FEOSQILM\\J2BW2LKC
ed4f3199, J5P021KC, 38, C:\\i2r-storage\\FullData\\Normal\\ed4f3199\\FEOSQILM\\J5P021KC
ed4f3199, JGOAWED1, 75, C:\\i2r-storage\\FullData\\Normal\\ed4f3199\\FEOSQILM\\JGOAWED1
ed4f3199, JQP021KC, 75, C:\\i2r-storage\\FullData\\Normal\\ed4f3199\\FEOSQILM\\JQP021KC
ed4f3199, OIXBAZDF, 38, C:\\i2r-storage\\FullData\\Normal\\ed4f3199\\FEOSQILM\\OIXBAZDF
ed5ba89a, CLOQCAGJ, 73, C:\\i2r-storage\\FullData\\Normal\\ed5ba89a\\CRLXRFTE\\CLOQCAGJ
ed5ba89a, GMTN3SNT, 73, C:\\i2r-storage\\FullData\\Normal\\ed5ba89a\\CRLXRFTE\\GMTN3SNT
ed5ba89a, R1TUMKYE, 111, C:\\i2r-storage\\FullData\\Normal\\ed5ba89a\\CRLXRFTE\\R1TUMKYE
ed5ba89a, RE0YMKYE, 147, C:\\i2r-storage\\FullData\\Normal\\ed5ba89a\\CRLXRFTE\\RE0YMKYE
ed5ba89a, RFUUM0YE, 73, C:\\i2r-storage\\FullData\\Normal\\ed5ba89a\\CRLXRFTE\\RFUUM0YE
f082ff41, 1AMUAXDI, 185, C:\\i2r-storage\\FullData\\Normal\\f082ff41\\AELCRE1E\\1AMUAXDI
f082ff41, 1MCYAHDI, 73, C:\\i2r-storage\\FullData\\Normal\\f082ff41\\AELCRE1E\\1MCYAHDI
f082ff41, 3RXXEPCI, 69, C:\\i2r-storage\\FullData\\Normal\\f082ff41\\AELCRE1E\\3RXXEPCI
f082ff41, MYLAXR5B, 69, C:\\i2r-storage\\FullData\\Normal\\f082ff41\\AELCRE1E\\MYLAXR5B
f3992d88, GNMD2VP4, 91, C:\\i2r-storage\\FullData\\Normal\\f3992d88\\EJ1BREDN\\GNMD2VP4
f3992d88, IJ4QGICB, 97, C:\\i2r-storage\\FullData\\Normal\\f3992d88\\EJ1BREDN\\IJ4QGICB
f3992d88, ZOIGCQ13, 101, C:\\i2r-storage\\FullData\\Normal\\f3992d88\\EJ1BREDN\\ZOIGCQ13
f3992d88, ZQPGCA13, 101, C:\\i2r-storage\\FullData\\Normal\\f3992d88\\EJ1BREDN\\ZQPGCA13
f3992d88, ZRBKCQ13, 149, C:\\i2r-storage\\FullData\\Normal\\f3992d88\\EJ1BREDN\\ZRBKCQ13
f6008ecf, FRETIBXC, 85, C:\\i2r-storage\\FullData\\Normal\\f6008ecf\\WUC5RFDI\\FRETIBXC
f6008ecf, MY1VAK5R, 85, C:\\i2r-storage\\FullData\\Normal\\f6008ecf\\WUC5RFDI\\MY1VAK5R
f6008ecf, YIK1NXDH, 93, C:\\i2r-storage\\FullData\\Normal\\f6008ecf\\WUC5RFDI\\YIK1NXDH
f6008ecf, YWN1NHDH, 85, C:\\i2r-storage\\FullData\\Normal\\f6008ecf\\WUC5RFDI\\YWN1NHDH
f6008ecf, YXDXNXDH, 121, C:\\i2r-storage\\FullData\\Normal\\f6008ecf\\WUC5RFDI\\YXDXNXDH
f895b149, 2YO0G1GC, 71, C:\\i2r-storage\\FullData\\Normal\\f895b149\\KHLTRFDP\\2YO0G1GC
f895b149, NPQ3IZ20, 75, C:\\i2r-storage\\FullData\\Normal\\f895b149\\KHLTRFDP\\NPQ3IZ20
f895b149, XO1CFR53, 85, C:\\i2r-storage\\FullData\\Normal\\f895b149\\KHLTRFDP\\XO1CFR53
f895b149, XQ2CFB53, 71, C:\\i2r-storage\\FullData\\Normal\\f895b149\\KHLTRFDP\\XQ2CFB53
f895b149, XRSOFR53, 141, C:\\i2r-storage\\FullData\\Normal\\f895b149\\KHLTRFDP\\XRSOFR53
fb1ac62e, VAADK34V, 109, C:\\i2r-storage\\FullData\\Normal\\fb1ac62e\\JFKTREDP\\VAADK34V
fb1ac62e, XKBA2GBE, 109, C:\\i2r-storage\\FullData\\Normal\\fb1ac62e\\JFKTREDP\\XKBA2GBE
fb1ac62e, XP1ODREE, 109, C:\\i2r-storage\\FullData\\Normal\\fb1ac62e\\JFKTREDP\\XP1ODREE
fb1ac62e, XUGA2WBE, 109, C:\\i2r-storage\\FullData\\Normal\\fb1ac62e\\JFKTREDP\\XUGA2WBE
fb1ac62e, XVIM2GBE, 147, C:\\i2r-storage\\FullData\\Normal\\fb1ac62e\\JFKTREDP\\XVIM2GBE
fca9443c, 2M2Z5U4P, 97, C:\\i2r-storage\\FullData\\Normal\\fca9443c\\S1LHRFDN\\2M2Z5U4P
fca9443c, BR2ZYFCJ, 97, C:\\i2r-storage\\FullData\\Normal\\fca9443c\\S1LHRFDN\\BR2ZYFCJ
fca9443c, YMTVU55W, 97, C:\\i2r-storage\\FullData\\Normal\\fca9443c\\S1LHRFDN\\YMTVU55W
fca9443c, YN3ZUP5W, 133, C:\\i2r-storage\\FullData\\Normal\\fca9443c\\S1LHRFDN\\YN3ZUP5W
fca9443c, YSUVUP5W, 109, C:\\i2r-storage\\FullData\\Normal\\fca9443c\\S1LHRFDN\\YSUVUP5W
fd7d84fd, B45RB5DK, 129, C:\\i2r-storage\\FullData\\Normal\\fd7d84fd\\I3TARG1E\\B45RB5DK
fd7d84fd, B5R3BPDK, 93, C:\\i2r-storage\\FullData\\Normal\\fd7d84fd\\I3TARG1E\\B5R3BPDK
fd7d84fd, BBW3B5DK, 121, C:\\i2r-storage\\FullData\\Normal\\fd7d84fd\\I3TARG1E\\BBW3B5DK
fd7d84fd, BIQ2JWZ3, 93, C:\\i2r-storage\\FullData\\Normal\\fd7d84fd\\I3TARG1E\\BIQ2JWZ3
fd7d84fd, ZR4SFEQU, 93, C:\\i2r-storage\\FullData\\Normal\\fd7d84fd\\I3TARG1E\\ZR4SFEQU
ff049940, 2HVUANN2, 121, C:\\i2r-storage\\FullData\\Normal\\ff049940\\CLHOREDE\\2HVUANN2
ff049940, 2Y2YANN2, 161, C:\\i2r-storage\\FullData\\Normal\\ff049940\\CLHOREDE\\2Y2YANN2
ff049940, 2ZSUA3N2, 89, C:\\i2r-storage\\FullData\\Normal\\ff049940\\CLHOREDE\\2ZSUA3N2
ff049940, AWMPYAIJ, 89, C:\\i2r-storage\\FullData\\Normal\\ff049940\\CLHOREDE\\AWMPYAIJ
ff049940, PB5VPVQV, 89, C:\\i2r-storage\\FullData\\Normal\\ff049940\\CLHOREDE\\PB5VPVQV
